{
	"format_version": "1.16.100",
	"minecraft:block": {
		"description": {
			"identifier": "gamer:gamer_wall_light_rgb",
			"menu_category": {
				"category": "construction",
				"group": "itemGroup.name.wall_light"
			},
			"properties": {
				"decor:face": [
					0,
					1,
					2,
					3
				]
			}
		},
		"components": {
			"minecraft:geometry": "geometry.gamer_wall_light",
			"minecraft:material_instances": {
				"*": {
					"texture": "gamer_wall_light_rgb",
					"render_method": "blend"
				}
			},
			"minecraft:on_player_placing": {
				"event": "decor:face"
			},
			"minecraft:block_light_emission": 1,
			"minecraft:selection_box": {
				"origin": [
					-8,
					0,
					7
				],
				"size": [
					16,
					16,
					1
				]
			},
			"minecraft:collision_box": {
				"origin": [
					-8,
					0,
					7
				],
				"size": [
					16,
					16,
					1
				]
			}
		},
		"permutations": [
			{
				"condition": "query.block_property('decor:face') == 0",
				"components": {
					"minecraft:rotation": [
						0,
						180,
						0
					]
				}
			},
			{
				"condition": "query.block_property('decor:face') == 1",
				"components": {
					"minecraft:rotation": [
						0,
						0,
						0
					]
				}
			},
			{
				"condition": "query.block_property('decor:face') == 2",
				"components": {
					"minecraft:rotation": [
						0,
						270,
						0
					]
				}
			},
			{
				"condition": "query.block_property('decor:face') == 3",
				"components": {
					"minecraft:rotation": [
						0,
						90,
						0
					]
				}
			}
		],
		"events": {
			"decor:face": {
				"set_block_property": {
					"decor:face": "query.cardinal_facing_2d-2"
				}
			}
		}
	}
}