{
	"format_version": "1.18.0",
	"minecraft:block": {
		"description": {
			"identifier": "gamer:2_frame_printed",
			"menu_category": {
				"category": "items",
				"group": "itemGroup.name.frame"
			},
			"properties": {
				"decor:face": [
					0,
					1,
					2,
					3
				]
			}
		},
		"components": {
			"minecraft:geometry": "geometry.paper_model_frame",
			"minecraft:material_instances": {
				"*": {
					"texture": "paper_2_printed_frame",
					"render_method": "alpha_test"
				}
			},
			"minecraft:on_player_placing": {
				"event": "decor:face"
			},
			"minecraft:selection_box": {
				"origin": [
					-5,
					2,
					7.9
				],
				"size": [
					10,
					12,
					0.1
				]
			},
			"minecraft:collision_box": {
				"origin": [
					-5,
					2,
					7.9
				],
				"size": [
					10,
					12,
					0.1
				]
			},
			"minecraft:block_light_filter": 0,
			"minecraft:block_light_emission": 0.1
		},
		"permutations": [
			{
				"condition": "query.block_property('decor:face') == 0",
				"components": {
					"minecraft:rotation": [
						0,
						180,
						0
					]
				}
			},
			{
				"condition": "query.block_property('decor:face') == 1",
				"components": {
					"minecraft:rotation": [
						0,
						0,
						0
					]
				}
			},
			{
				"condition": "query.block_property('decor:face') == 2",
				"components": {
					"minecraft:rotation": [
						0,
						270,
						0
					]
				}
			},
			{
				"condition": "query.block_property('decor:face') == 3",
				"components": {
					"minecraft:rotation": [
						0,
						90,
						0
					]
				}
			}
		],
		"events": {
			"decor:face": {
				"set_block_property": {
					"decor:face": "query.cardinal_facing_2d-2"
				}
			}
		}
	}
}