{
	"format_version": "1.19.70",
	"minecraft:npc_dialogue": {
		"scenes": [
			{
				"scene_tag": "computer_shop",
				"npc_name": " ",
				"text": " ",
				"buttons": [
					{
						"name": "",
						"commands": [
							"/dialogue open @e[type=screen_ui:laptop_black, c=1] @initiator decoration_shop_c_1"
						]
					},
					{
						"name": "",
						"commands": [
							"/dialogue open @e[type=screen_ui:laptop_black, c=1] @initiator shop_router_c_1"
						]
					},
					{
						"name": "",
						"commands": [
							"/dialogue open @e[type=screen_ui:laptop_black, c=1] @initiator shop_printer_c_1"
						]
					}
				]
			},
			{
				"scene_tag": "shop_printer_c_1",
				"npc_name": " ",
				"text": " ",
				"buttons": [
					{
						"name": "",
						"commands": [
							"/dialogue open @e[type=screen_ui:laptop_black, c=1] @initiator computer_shop"
						]
					},
					{
						"name": "",
						"commands": [
							"/dialogue open @e[type=screen_ui:laptop_black, c=1] @initiator shop_paper_c_7"
						]
					},
					{
						"name": "",
						"commands": [
							"/give @initiator[hasitem={item=emerald, quantity=10..}] gamer:gamer_printer_red",
							"/title @initiator[hasitem={item=emerald, quantity=0..9}] actionbar Inefficient Emerald",
							"/title @initiator[hasitem={item=emerald, quantity=10..}] actionbar Purchase Printer Red",
							"/clear @initiator[hasitem={item=emerald, quantity=10..}] emerald 0 10"
						]
					},
					{
						"name": "",
						"commands": [
							"/dialogue open @e[type=screen_ui:laptop_black, c=1] @initiator shop_printer_c_2"
						]
					}
				]
			},
			{
				"scene_tag": "shop_printer_c_2",
				"npc_name": " ",
				"text": " ",
				"buttons": [
					{
						"name": "",
						"commands": [
							"/dialogue open @e[type=screen_ui:laptop_black, c=1] @initiator computer_shop"
						]
					},
					{
						"name": "",
						"commands": [
							"/dialogue open @e[type=screen_ui:laptop_black, c=1] @initiator shop_printer_c_1"
						]
					},
					{
						"name": "",
						"commands": [
							"/give @initiator[hasitem={item=emerald, quantity=10..}] gamer:gamer_printer_yellow",
							"/title @initiator[hasitem={item=emerald, quantity=0..9}] actionbar Inefficient Emerald",
							"/title @initiator[hasitem={item=emerald, quantity=10..}] actionbar Purchase Printer Yellow",
							"/clear @initiator[hasitem={item=emerald, quantity=10..}] emerald 0 10"
						]
					},
					{
						"name": "",
						"commands": [
							"/dialogue open @e[type=screen_ui:laptop_black, c=1] @initiator shop_printer_c_3"
						]
					}
				]
			},
			{
				"scene_tag": "shop_printer_c_3",
				"npc_name": " ",
				"text": " ",
				"buttons": [
					{
						"name": "",
						"commands": [
							"/dialogue open @e[type=screen_ui:laptop_black, c=1] @initiator computer_shop"
						]
					},
					{
						"name": "",
						"commands": [
							"/dialogue open @e[type=screen_ui:laptop_black, c=1] @initiator shop_printer_c_2"
						]
					},
					{
						"name": "",
						"commands": [
							"/give @initiator[hasitem={item=emerald, quantity=10..}] gamer:gamer_printer_blue",
							"/title @initiator[hasitem={item=emerald, quantity=0..9}] actionbar Inefficient Emerald",
							"/title @initiator[hasitem={item=emerald, quantity=10..}] actionbar Purchase Printer Blue",
							"/clear @initiator[hasitem={item=emerald, quantity=10..}] emerald 0 10"
						]
					},
					{
						"name": "",
						"commands": [
							"/dialogue open @e[type=screen_ui:laptop_black, c=1] @initiator shop_printer_c_4"
						]
					}
				]
			},
			{
				"scene_tag": "shop_printer_c_4",
				"npc_name": " ",
				"text": " ",
				"buttons": [
					{
						"name": "",
						"commands": [
							"/dialogue open @e[type=screen_ui:laptop_black, c=1] @initiator computer_shop"
						]
					},
					{
						"name": "",
						"commands": [
							"/dialogue open @e[type=screen_ui:laptop_black, c=1] @initiator shop_printer_c_3"
						]
					},
					{
						"name": "",
						"commands": [
							"/give @initiator[hasitem={item=emerald, quantity=10..}] gamer:gamer_printer_purple",
							"/title @initiator[hasitem={item=emerald, quantity=0..9}] actionbar Inefficient Emerald",
							"/title @initiator[hasitem={item=emerald, quantity=10..}] actionbar Purchase Printer Purple",
							"/clear @initiator[hasitem={item=emerald, quantity=10..}] emerald 0 10"
						]
					},
					{
						"name": "",
						"commands": [
							"/dialogue open @e[type=screen_ui:laptop_black, c=1] @initiator shop_printer_c_5"
						]
					}
				]
			},
			{
				"scene_tag": "shop_printer_c_5",
				"npc_name": " ",
				"text": " ",
				"buttons": [
					{
						"name": "",
						"commands": [
							"/dialogue open @e[type=screen_ui:laptop_black, c=1] @initiator computer_shop"
						]
					},
					{
						"name": "",
						"commands": [
							"/dialogue open @e[type=screen_ui:laptop_black, c=1] @initiator shop_printer_c_4"
						]
					},
					{
						"name": "",
						"commands": [
							"/give @initiator[hasitem={item=emerald, quantity=10..}] gamer:gamer_printer_green",
							"/title @initiator[hasitem={item=emerald, quantity=0..9}] actionbar Inefficient Emerald",
							"/title @initiator[hasitem={item=emerald, quantity=10..}] actionbar Purchase Printer Green",
							"/clear @initiator[hasitem={item=emerald, quantity=10..}] emerald 0 10"
						]
					},
					{
						"name": "",
						"commands": [
							"/dialogue open @e[type=screen_ui:laptop_black, c=1] @initiator shop_printer_c_6"
						]
					}
				]
			},
			{
				"scene_tag": "shop_printer_c_6",
				"npc_name": " ",
				"text": " ",
				"buttons": [
					{
						"name": "",
						"commands": [
							"/dialogue open @e[type=screen_ui:laptop_black, c=1] @initiator computer_shop"
						]
					},
					{
						"name": "",
						"commands": [
							"/dialogue open @e[type=screen_ui:laptop_black, c=1] @initiator shop_printer_c_5"
						]
					},
					{
						"name": "",
						"commands": [
							"/give @initiator[hasitem={item=emerald, quantity=10..}] gamer:gamer_printer_rbg",
							"/title @initiator[hasitem={item=emerald, quantity=0..9}] actionbar Inefficient Emerald",
							"/title @initiator[hasitem={item=emerald, quantity=10..}] actionbar Purchase Printer RGB",
							"/clear @initiator[hasitem={item=emerald, quantity=10..}] emerald 0 10"
						]
					},
					{
						"name": "",
						"commands": [
							"/dialogue open @e[type=screen_ui:laptop_black, c=1] @initiator shop_paper_c_7"
						]
					}
				]
			},
			{
				"scene_tag": "shop_paper_c_7",
				"npc_name": " ",
				"text": " ",
				"buttons": [
					{
						"name": "",
						"commands": [
							"/dialogue open @e[type=screen_ui:laptop_black, c=1] @initiator computer_shop"
						]
					},
					{
						"name": "",
						"commands": [
							"/dialogue open @e[type=screen_ui:laptop_black, c=1] @initiator shop_printer_c_6"
						]
					},
					{
						"name": "",
						"commands": [
							"/give @initiator[hasitem={item=emerald, quantity=6..}] gamer:paper1_sheet",
							"/title @initiator[hasitem={item=emerald, quantity=0..5}] actionbar Inefficient Emerald",
							"/title @initiator[hasitem={item=emerald, quantity=6..}] actionbar Purchase Paper's",
							"/give @initiator[hasitem={item=emerald, quantity=6..}] gamer:paper2_sheet",
							"/give @initiator[hasitem={item=emerald, quantity=6..}] gamer:paper3_sheet",
							"/clear @initiator[hasitem={item=emerald, quantity=6..}] emerald 0 6"
						]
					},
					{
						"name": "",
						"commands": [
							"/dialogue open @e[type=screen_ui:laptop_black, c=1] @initiator shop_printer_c_1"
						]
					}
				]
			},
			{
				"scene_tag": "decoration_shop_c_1",
				"npc_name": " ",
				"text": " ",
				"buttons": [
					{
						"name": "",
						"commands": [
							"/dialogue open @e[type=screen_ui:laptop_black, c=1] @initiator computer_shop"
						]
					},
					{
						"name": "",
						"commands": [
							"/dialogue open @e[type=screen_ui:laptop_black, c=1] @initiator decoration_shop_c_3"
						]
					},
					{
						"name": "",
						"commands": [
							"/give @initiator[hasitem={item=emerald, quantity=2..}] gamer:grass_poet_decoration",
							"/title @initiator[hasitem={item=emerald, quantity=0..1}] actionbar Inefficient Emerald",
							"/title @initiator[hasitem={item=emerald, quantity=2..}] actionbar Purchase Grass Pot",
							"/clear @initiator[hasitem={item=emerald, quantity=2..}] emerald 0 2"
						]
					},
					{
						"name": "",
						"commands": [
							"/dialogue open @e[type=screen_ui:laptop_black, c=1] @initiator decoration_shop_c_2"
						]
					}
				]
			},
			{
				"scene_tag": "decoration_shop_c_2",
				"npc_name": " ",
				"text": " ",
				"buttons": [
					{
						"name": "",
						"commands": [
							"/dialogue open @e[type=screen_ui:laptop_black, c=1] @initiator computer_shop"
						]
					},
					{
						"name": "",
						"commands": [
							"/dialogue open @e[type=screen_ui:laptop_black, c=1] @initiator decoration_shop_c_1"
						]
					},
					{
						"name": "",
						"commands": [
							"/give @initiator[hasitem={item=emerald, quantity=3..}] gamer:gamer_cube",
							"/title @initiator[hasitem={item=emerald, quantity=0..2}] actionbar Inefficient Emerald",
							"/title @initiator[hasitem={item=emerald, quantity=3..}] actionbar Purchase Cube",
							"/clear @initiator[hasitem={item=emerald, quantity=3..}] emerald 0 3"
						]
					},
					{
						"name": "",
						"commands": [
							"/dialogue open @e[type=screen_ui:laptop_black, c=1] @initiator decoration_shop_c_3"
						]
					}
				]
			},
			{
				"scene_tag": "decoration_shop_c_3",
				"npc_name": " ",
				"text": " ",
				"buttons": [
					{
						"name": "",
						"commands": [
							"/dialogue open @e[type=screen_ui:laptop_black, c=1] @initiator computer_shop"
						]
					},
					{
						"name": "",
						"commands": [
							"/dialogue open @e[type=screen_ui:laptop_black, c=1] @initiator decoration_shop_c_2"
						]
					},
					{
						"name": "",
						"commands": [
							"/give @initiator[hasitem={item=emerald, quantity=4..}] gamer:lighting_box",
							"/title @initiator[hasitem={item=emerald, quantity=0..3}] actionbar Inefficient Emerald",
							"/title @initiator[hasitem={item=emerald, quantity=4..}] actionbar Purchase Lighting Box",
							"/clear @initiator[hasitem={item=emerald, quantity=4..}] emerald 0 4"
						]
					},
					{
						"name": "",
						"commands": [
							"/dialogue open @e[type=screen_ui:laptop_black, c=1] @initiator decoration_shop_c_1"
						]
					}
				]
			},
			{
				"scene_tag": "shop_router_c_1",
				"npc_name": " ",
				"text": " ",
				"buttons": [
					{
						"name": "",
						"commands": [
							"/dialogue open @e[type=screen_ui:laptop_black, c=1] @initiator computer_shop"
						]
					},
					{
						"name": "",
						"commands": [
							"/dialogue open @e[type=screen_ui:laptop_black, c=1] @initiator shop_router_c_6"
						]
					},
					{
						"name": "",
						"commands": [
							"/give @initiator[hasitem={item=emerald, quantity=5..}] gamer:gamer_router_purple",
							"/title @initiator[hasitem={item=emerald, quantity=0..4}] actionbar Inefficient Emerald",
							"/title @initiator[hasitem={item=emerald, quantity=5..}] actionbar Purchase Router Purple",
							"/clear @initiator[hasitem={item=emerald, quantity=5..}] emerald 0 5"
						]
					},
					{
						"name": "",
						"commands": [
							"/dialogue open @e[type=screen_ui:laptop_black, c=1] @initiator shop_router_c_2"
						]
					}
				]
			},
			{
				"scene_tag": "shop_router_c_2",
				"npc_name": " ",
				"text": " ",
				"buttons": [
					{
						"name": "",
						"commands": [
							"/dialogue open @e[type=screen_ui:laptop_black, c=1] @initiator computer_shop"
						]
					},
					{
						"name": "",
						"commands": [
							"/dialogue open @e[type=screen_ui:laptop_black, c=1] @initiator shop_router_c_1"
						]
					},
					{
						"name": "",
						"commands": [
							"/give @initiator[hasitem={item=emerald, quantity=5..}] gamer:gamer_router_blue",
							"/title @initiator[hasitem={item=emerald, quantity=0..4}] actionbar Inefficient Emerald",
							"/title @initiator[hasitem={item=emerald, quantity=5..}] actionbar Purchase Router Blue",
							"/clear @initiator[hasitem={item=emerald, quantity=5..}] emerald 0 5"
						]
					},
					{
						"name": "",
						"commands": [
							"/dialogue open @e[type=screen_ui:laptop_black, c=1] @initiator shop_router_c_3"
						]
					}
				]
			},
			{
				"scene_tag": "shop_router_c_3",
				"npc_name": " ",
				"text": " ",
				"buttons": [
					{
						"name": "",
						"commands": [
							"/dialogue open @e[type=screen_ui:laptop_black, c=1] @initiator computer_shop"
						]
					},
					{
						"name": "",
						"commands": [
							"/dialogue open @e[type=screen_ui:laptop_black, c=1] @initiator shop_router_c_2"
						]
					},
					{
						"name": "",
						"commands": [
							"/give @initiator[hasitem={item=emerald, quantity=5..}] gamer:gamer_router_red",
							"/title @initiator[hasitem={item=emerald, quantity=0..4}] actionbar Inefficient Emerald",
							"/title @initiator[hasitem={item=emerald, quantity=5..}] actionbar Purchase Router Red",
							"/clear @initiator[hasitem={item=emerald, quantity=5..}] emerald 0 5"
						]
					},
					{
						"name": "",
						"commands": [
							"/dialogue open @e[type=screen_ui:laptop_black, c=1] @initiator shop_router_c_4"
						]
					}
				]
			},
			{
				"scene_tag": "shop_router_c_4",
				"npc_name": " ",
				"text": " ",
				"buttons": [
					{
						"name": "",
						"commands": [
							"/dialogue open @e[type=screen_ui:laptop_black, c=1] @initiator computer_shop"
						]
					},
					{
						"name": "",
						"commands": [
							"/dialogue open @e[type=screen_ui:laptop_black, c=1] @initiator shop_router_c_3"
						]
					},
					{
						"name": "",
						"commands": [
							"/give @initiator[hasitem={item=emerald, quantity=5..}] gamer:gamer_router_green",
							"/title @initiator[hasitem={item=emerald, quantity=0..4}] actionbar Inefficient Emerald",
							"/title @initiator[hasitem={item=emerald, quantity=5..}] actionbar Purchase Router Green",
							"/clear @initiator[hasitem={item=emerald, quantity=5..}] emerald 0 5"
						]
					},
					{
						"name": "",
						"commands": [
							"/dialogue open @e[type=screen_ui:laptop_black, c=1] @initiator shop_router_c_5"
						]
					}
				]
			},
			{
				"scene_tag": "shop_router_c_5",
				"npc_name": " ",
				"text": " ",
				"buttons": [
					{
						"name": "",
						"commands": [
							"/dialogue open @e[type=screen_ui:laptop_black, c=1] @initiator computer_shop"
						]
					},
					{
						"name": "",
						"commands": [
							"/dialogue open @e[type=screen_ui:laptop_black, c=1] @initiator shop_router_c_4"
						]
					},
					{
						"name": "",
						"commands": [
							"/give @initiator[hasitem={item=emerald, quantity=5..}] gamer:gamer_router_yellow",
							"/title @initiator[hasitem={item=emerald, quantity=0..4}] actionbar Inefficient Emerald",
							"/title @initiator[hasitem={item=emerald, quantity=5..}] actionbar Purchase Router Yellow",
							"/clear @initiator[hasitem={item=emerald, quantity=5..}] emerald 0 5"
						]
					},
					{
						"name": "",
						"commands": [
							"/dialogue open @e[type=screen_ui:laptop_black, c=1] @initiator shop_router_c_6"
						]
					}
				]
			},
			{
				"scene_tag": "shop_router_c_6",
				"npc_name": " ",
				"text": " ",
				"buttons": [
					{
						"name": "",
						"commands": [
							"/dialogue open @e[type=screen_ui:laptop_black, c=1] @initiator computer_shop"
						]
					},
					{
						"name": "",
						"commands": [
							"/dialogue open @e[type=screen_ui:laptop_black, c=1] @initiator shop_router_c_5"
						]
					},
					{
						"name": "",
						"commands": [
							"/give @initiator[hasitem={item=emerald, quantity=5..}] gamer:gamer_router_rbg",
							"/title @initiator[hasitem={item=emerald, quantity=0..4}] actionbar Inefficient Emerald",
							"/title @initiator[hasitem={item=emerald, quantity=5..}] actionbar Purchase Router RGB",
							"/clear @initiator[hasitem={item=emerald, quantity=5..}] emerald 0 5"
						]
					},
					{
						"name": "",
						"commands": [
							"/dialogue open @e[type=screen_ui:laptop_black, c=1] @initiator shop_router_c_1"
						]
					}
				]
			}
		]
	}
}