{
  "format_version": "1.10.0",
  "minecraft:entity": {
    "description": {
      "identifier": "nh:drone",
      "is_spawnable": true,
      "is_summonable": true,
      "is_experimental": false
    },
    "component_groups": {
      "minecraft:shulker_black": {
        "minecraft:variant": {
          "value": 0
        }
      }
    },
    "components": {
      "minecraft:type_family": {
        "family": [
          "furnicraft",
          "player"
        ]
      },
      "minecraft:health": {
        "value": 10,
        "max": 10
      },
      "minecraft:can_fly": {},
      "minecraft:navigation.fly": {
        "avoid_damage_blocks": false,
        "avoid_portals": false,
        "avoid_sun": false,
        "avoid_water": false,
        "blocks_to_avoid": [],
        "can_breach": false,
        "can_break_doors": false,
        "can_jump": true,
        "can_open_doors": false,
        "can_open_iron_doors": false,
        "can_pass_doors": true,
        "can_path_from_air": false,
        "can_path_over_lava": false,
        "can_path_over_water": true,
        "can_sink": true,
        "can_swim": false,
        "can_walk": true,
        "can_walk_in_lava": false,
        "is_amphibious": false
      },
      "minecraft:movement.basic": {},
      "minecraft:movement": {
        "value": 0.3
      },
      "minecraft:inventory": {
        "inventory_size": 5,
        "container_type": "minecart_hopper"
      },
      "minecraft:knockback_resistance": {
        "value": 100.0,
        "max": 100.0
      },
      "minecraft:push_through": {
        "value": 1
      },
      "minecraft:behavior.random_fly": {},
      "minecraft:fall_damage": {
        "value": 0
      },
      "minecraft:scale": {
        "value": 1
      },
      "minecraft:loot": {
        "table": "loot_tables/empty.json"
      },
      "minecraft:collision_box": {
        "height": 0.5,
        "width": 0.5
      },
      "minecraft:interact": [
        {
          "on_interact": {
            "filters": {
              "all_of": [
                {
                  "test": "has_equipment",
                  "subject": "other",
                  "domain": "hand",
                  "value": "dye:16"
                },
                {
                  "test": "is_family",
                  "subject": "other",
                  "value": "player"
                },
                {
                  "test": "has_ability",
                  "subject": "other",
                  "value": "instabuild"
                }
              ]
            },
            "event": "minecraft:turn_black"
          },
          "use_item": true
        }
      ],
      "minecraft:physics": {},
      "minecraft:experience_reward": {
        "on_death": "query.last_hit_by_player ? 10 : 0"
      },
      "minecraft:underwater_movement": {
        "value": 0.02
      },
      "minecraft:flying_speed": {
        "value": 0.02
      },
      "minecraft:behavior.float": {
        "priority": 0
      },
      "minecraft:behavior.float_wander": {
        "must_reach": true,
        "random_reselect": true,
        "priority": 2,
        "float_duration": [
          0.1,
          0.35
        ]
      },
      "minecraft:movement.generic": {},
      "minecraft:damage_sensor": [
        {
          "cause": "fall",
          "deals_damage": false
        }
      ]
    },
    "events": {
      "minecraft:entity_spawned": {
        "randomize": [
          {
            "weight": 6,
            "add": {
              "component_groups": [
                "minecraft:shulker_black"
              ]
            }
          }
        ]
      },
      "minecraft:turn_black": {
        "add": {
          "component_groups": [
            "minecraft:shulker_black"
          ]
        }
      },
      "on:death": {
        "run_command": {
          "command": []
        }
      },
      "on:hurt": {
        "run_command": {
          "command": []
        }
      },
      "on:hurt_by_player": {
        "run_command": {
          "command": []
        }
      },
      "on:ignite": {
        "run_command": {
          "command": []
        }
      },
      "on:target_acquired": {
        "run_command": {
          "command": []
        }
      },
      "on:target_escape": {
        "run_command": {
          "command": []
        }
      },
      "on:wake_with_owner": {
        "run_command": {
          "command": []
        }
      },
      "on:tick_action": {
        "run_command": {
          "command": []
        }
      }
    }
  }
}