{
	"format_version": "1.12.0",
	"minecraft:geometry": [
		{
			"description": {
				"identifier": "geometry.headphone2",
				"texture_width": 32,
				"texture_height": 32,
				"visible_bounds_width": 2,
				"visible_bounds_height": 1.5,
				"visible_bounds_offset": [
					0,
					0.25,
					0
				]
			},
			"bones": [
				{
					"name": "bb_main",
					"pivot": [
						0,
						0,
						0
					],
					"cubes": [
						{
							"origin": [
								3,
								0.4,
								-3.9
							],
							"size": [
								1,
								1.6,
								0.4
							],
							"uv": {
								"north": {
									"uv": [
										7,
										0
									],
									"uv_size": [
										1,
										1.5
									]
								},
								"east": {
									"uv": [
										6,
										11
									],
									"uv_size": [
										0.5,
										1.5
									]
								},
								"south": {
									"uv": [
										5,
										7
									],
									"uv_size": [
										1,
										1.5
									]
								},
								"west": {
									"uv": [
										7,
										11
									],
									"uv_size": [
										0.5,
										1.5
									]
								},
								"up": {
									"uv": [
										0,
										13
									],
									"uv_size": [
										1,
										0.5
									]
								},
								"down": {
									"uv": [
										13,
										0.5
									],
									"uv_size": [
										1,
										-0.5
									]
								}
							}
						},
						{
							"origin": [
								3,
								0.4,
								-1.9
							],
							"size": [
								1,
								1.6,
								0.4
							],
							"uv": {
								"north": {
									"uv": [
										6,
										7
									],
									"uv_size": [
										1,
										1.5
									]
								},
								"east": {
									"uv": [
										8,
										11
									],
									"uv_size": [
										0.5,
										1.5
									]
								},
								"south": {
									"uv": [
										7,
										7
									],
									"uv_size": [
										1,
										1.5
									]
								},
								"west": {
									"uv": [
										9,
										11
									],
									"uv_size": [
										0.5,
										1.5
									]
								},
								"up": {
									"uv": [
										1,
										13
									],
									"uv_size": [
										1,
										0.5
									]
								},
								"down": {
									"uv": [
										13,
										1.5
									],
									"uv_size": [
										1,
										-0.5
									]
								}
							}
						},
						{
							"origin": [
								3,
								2,
								-3.5
							],
							"size": [
								1,
								0.4,
								1.6
							],
							"uv": {
								"north": {
									"uv": [
										3,
										13
									],
									"uv_size": [
										1,
										0.5
									]
								},
								"east": {
									"uv": [
										11,
										9
									],
									"uv_size": [
										1.5,
										0.5
									]
								},
								"south": {
									"uv": [
										4,
										13
									],
									"uv_size": [
										1,
										0.5
									]
								},
								"west": {
									"uv": [
										10,
										11
									],
									"uv_size": [
										1.5,
										0.5
									]
								},
								"up": {
									"uv": [
										8,
										0
									],
									"uv_size": [
										1,
										1.5
									]
								},
								"down": {
									"uv": [
										8,
										3.5
									],
									"uv_size": [
										1,
										-1.5
									]
								}
							}
						},
						{
							"origin": [
								3,
								0,
								-3.5
							],
							"size": [
								1,
								0.4,
								1.6
							],
							"uv": {
								"north": {
									"uv": [
										13,
										5
									],
									"uv_size": [
										1,
										0.5
									]
								},
								"east": {
									"uv": [
										11,
										10
									],
									"uv_size": [
										1.5,
										0.5
									]
								},
								"south": {
									"uv": [
										6,
										13
									],
									"uv_size": [
										1,
										0.5
									]
								},
								"west": {
									"uv": [
										0,
										12
									],
									"uv_size": [
										1.5,
										0.5
									]
								},
								"up": {
									"uv": [
										4,
										8
									],
									"uv_size": [
										1,
										1.5
									]
								},
								"down": {
									"uv": [
										8,
										5.5
									],
									"uv_size": [
										1,
										-1.5
									]
								}
							}
						},
						{
							"origin": [
								3,
								0.36,
								-3.36
							],
							"size": [
								1,
								0.55,
								0.4
							],
							"pivot": [
								4,
								0,
								-3
							],
							"rotation": [
								44.5,
								0,
								0
							],
							"uv": {
								"north": {
									"uv": [
										13,
										6
									],
									"uv_size": [
										1,
										0.5
									]
								},
								"east": {
									"uv": [
										5,
										16
									],
									"uv_size": [
										0.5,
										0.5
									]
								},
								"south": {
									"uv": [
										7,
										13
									],
									"uv_size": [
										1,
										0.5
									]
								},
								"west": {
									"uv": [
										16,
										5
									],
									"uv_size": [
										0.5,
										0.5
									]
								},
								"up": {
									"uv": [
										13,
										7
									],
									"uv_size": [
										1,
										0.5
									]
								},
								"down": {
									"uv": [
										8,
										13.5
									],
									"uv_size": [
										1,
										-0.5
									]
								}
							}
						},
						{
							"origin": [
								3,
								0.379,
								-0.93
							],
							"size": [
								1,
								0.56,
								0.4
							],
							"pivot": [
								4,
								0,
								-3
							],
							"rotation": [
								44.5,
								0,
								0
							],
							"uv": {
								"north": {
									"uv": [
										13,
										8
									],
									"uv_size": [
										1,
										0.5
									]
								},
								"east": {
									"uv": [
										6,
										16
									],
									"uv_size": [
										0.5,
										0.5
									]
								},
								"south": {
									"uv": [
										9,
										13
									],
									"uv_size": [
										1,
										0.5
									]
								},
								"west": {
									"uv": [
										16,
										6
									],
									"uv_size": [
										0.5,
										0.5
									]
								},
								"up": {
									"uv": [
										13,
										9
									],
									"uv_size": [
										1,
										0.5
									]
								},
								"down": {
									"uv": [
										13,
										10.5
									],
									"uv_size": [
										1,
										-0.5
									]
								}
							}
						},
						{
							"origin": [
								4,
								0.43,
								-1.42
							],
							"size": [
								0.1,
								0.42,
								0.4
							],
							"pivot": [
								4,
								0,
								-3
							],
							"rotation": [
								45,
								0,
								0
							],
							"uv": {
								"north": {
									"uv": [
										7,
										16
									],
									"uv_size": [
										0.5,
										0.5
									]
								},
								"east": {
									"uv": [
										16,
										7
									],
									"uv_size": [
										0.5,
										0.5
									]
								},
								"south": {
									"uv": [
										8,
										16
									],
									"uv_size": [
										0.5,
										0.5
									]
								},
								"west": {
									"uv": [
										16,
										8
									],
									"uv_size": [
										0.5,
										0.5
									]
								},
								"up": {
									"uv": [
										9,
										16
									],
									"uv_size": [
										0.5,
										0.5
									]
								},
								"down": {
									"uv": [
										16,
										9.5
									],
									"uv_size": [
										0.5,
										-0.5
									]
								}
							}
						},
						{
							"origin": [
								4,
								0.43,
								-2.86
							],
							"size": [
								0.1,
								0.42,
								0.4
							],
							"pivot": [
								4,
								0,
								-3
							],
							"rotation": [
								45,
								0,
								0
							],
							"uv": {
								"north": {
									"uv": [
										10,
										16
									],
									"uv_size": [
										0.5,
										0.5
									]
								},
								"east": {
									"uv": [
										16,
										10
									],
									"uv_size": [
										0.5,
										0.5
									]
								},
								"south": {
									"uv": [
										11,
										16
									],
									"uv_size": [
										0.5,
										0.5
									]
								},
								"west": {
									"uv": [
										16,
										11
									],
									"uv_size": [
										0.5,
										0.5
									]
								},
								"up": {
									"uv": [
										12,
										16
									],
									"uv_size": [
										0.5,
										0.5
									]
								},
								"down": {
									"uv": [
										16,
										12.5
									],
									"uv_size": [
										0.5,
										-0.5
									]
								}
							}
						},
						{
							"origin": [
								4,
								0.85,
								-3.12
							],
							"size": [
								0.1,
								0.42,
								0.4
							],
							"pivot": [
								4,
								0,
								-3
							],
							"rotation": [
								-45,
								0,
								0
							],
							"uv": {
								"north": {
									"uv": [
										13,
										16
									],
									"uv_size": [
										0.5,
										0.5
									]
								},
								"east": {
									"uv": [
										16,
										13
									],
									"uv_size": [
										0.5,
										0.5
									]
								},
								"south": {
									"uv": [
										14,
										16
									],
									"uv_size": [
										0.5,
										0.5
									]
								},
								"west": {
									"uv": [
										16,
										14
									],
									"uv_size": [
										0.5,
										0.5
									]
								},
								"up": {
									"uv": [
										15,
										16
									],
									"uv_size": [
										0.5,
										0.5
									]
								},
								"down": {
									"uv": [
										16,
										15.5
									],
									"uv_size": [
										0.5,
										-0.5
									]
								}
							}
						},
						{
							"origin": [
								4,
								0.85,
								-4.56
							],
							"size": [
								0.1,
								0.42,
								0.4
							],
							"pivot": [
								4,
								0,
								-3
							],
							"rotation": [
								-45,
								0,
								0
							],
							"uv": {
								"north": {
									"uv": [
										16,
										16
									],
									"uv_size": [
										0.5,
										0.5
									]
								},
								"east": {
									"uv": [
										0,
										17
									],
									"uv_size": [
										0.5,
										0.5
									]
								},
								"south": {
									"uv": [
										17,
										0
									],
									"uv_size": [
										0.5,
										0.5
									]
								},
								"west": {
									"uv": [
										1,
										17
									],
									"uv_size": [
										0.5,
										0.5
									]
								},
								"up": {
									"uv": [
										17,
										1
									],
									"uv_size": [
										0.5,
										0.5
									]
								},
								"down": {
									"uv": [
										2,
										17.5
									],
									"uv_size": [
										0.5,
										-0.5
									]
								}
							}
						},
						{
							"origin": [
								3,
								0.78,
								-2.61
							],
							"size": [
								1,
								0.55,
								0.4
							],
							"pivot": [
								4,
								0,
								-3
							],
							"rotation": [
								-44.5,
								0,
								0
							],
							"uv": {
								"north": {
									"uv": [
										13,
										11
									],
									"uv_size": [
										1,
										0.5
									]
								},
								"east": {
									"uv": [
										17,
										2
									],
									"uv_size": [
										0.5,
										0.5
									]
								},
								"south": {
									"uv": [
										12,
										13
									],
									"uv_size": [
										1,
										0.5
									]
								},
								"west": {
									"uv": [
										3,
										17
									],
									"uv_size": [
										0.5,
										0.5
									]
								},
								"up": {
									"uv": [
										13,
										12
									],
									"uv_size": [
										1,
										0.5
									]
								},
								"down": {
									"uv": [
										13,
										13.5
									],
									"uv_size": [
										1,
										-0.5
									]
								}
							}
						},
						{
							"origin": [
								3,
								0.8,
								-5.04
							],
							"size": [
								1,
								0.56,
								0.4
							],
							"pivot": [
								4,
								0,
								-3
							],
							"rotation": [
								-44.5,
								0,
								0
							],
							"uv": {
								"north": {
									"uv": [
										0,
										14
									],
									"uv_size": [
										1,
										0.5
									]
								},
								"east": {
									"uv": [
										17,
										3
									],
									"uv_size": [
										0.5,
										0.5
									]
								},
								"south": {
									"uv": [
										14,
										0
									],
									"uv_size": [
										1,
										0.5
									]
								},
								"west": {
									"uv": [
										4,
										17
									],
									"uv_size": [
										0.5,
										0.5
									]
								},
								"up": {
									"uv": [
										1,
										14
									],
									"uv_size": [
										1,
										0.5
									]
								},
								"down": {
									"uv": [
										14,
										1.5
									],
									"uv_size": [
										1,
										-0.5
									]
								}
							}
						},
						{
							"origin": [
								3.1,
								0.4,
								-3.5
							],
							"size": [
								0.9,
								1.6,
								1.6
							],
							"uv": {
								"north": {
									"uv": [
										8,
										6
									],
									"uv_size": [
										1,
										1.5
									]
								},
								"east": {
									"uv": [
										5,
										0
									],
									"uv_size": [
										1.5,
										1.5
									]
								},
								"south": {
									"uv": [
										8,
										8
									],
									"uv_size": [
										1,
										1.5
									]
								},
								"west": {
									"uv": [
										1,
										5
									],
									"uv_size": [
										1.5,
										1.5
									]
								},
								"up": {
									"uv": [
										9,
										0
									],
									"uv_size": [
										1,
										1.5
									]
								},
								"down": {
									"uv": [
										9,
										3.5
									],
									"uv_size": [
										1,
										-1.5
									]
								}
							}
						},
						{
							"origin": [
								4,
								0.7,
								-3.5
							],
							"size": [
								0.1,
								1,
								0.8
							],
							"uv": {
								"north": {
									"uv": [
										2,
										14
									],
									"uv_size": [
										0.5,
										1
									]
								},
								"east": {
									"uv": [
										10,
										9
									],
									"uv_size": [
										1,
										1
									]
								},
								"south": {
									"uv": [
										14,
										2
									],
									"uv_size": [
										0.5,
										1
									]
								},
								"west": {
									"uv": [
										10,
										10
									],
									"uv_size": [
										1,
										1
									]
								},
								"up": {
									"uv": [
										3,
										14
									],
									"uv_size": [
										0.5,
										1
									]
								},
								"down": {
									"uv": [
										14,
										4
									],
									"uv_size": [
										0.5,
										-1
									]
								}
							}
						},
						{
							"origin": [
								4,
								0.7,
								-2.8
							],
							"size": [
								0.1,
								1,
								0.9
							],
							"uv": {
								"north": {
									"uv": [
										4,
										14
									],
									"uv_size": [
										0.5,
										1
									]
								},
								"east": {
									"uv": [
										11,
										0
									],
									"uv_size": [
										1,
										1
									]
								},
								"south": {
									"uv": [
										14,
										4
									],
									"uv_size": [
										0.5,
										1
									]
								},
								"west": {
									"uv": [
										1,
										11
									],
									"uv_size": [
										1,
										1
									]
								},
								"up": {
									"uv": [
										5,
										14
									],
									"uv_size": [
										0.5,
										1
									]
								},
								"down": {
									"uv": [
										14,
										6
									],
									"uv_size": [
										0.5,
										-1
									]
								}
							}
						},
						{
							"origin": [
								4,
								1.3,
								-3.2
							],
							"size": [
								0.1,
								0.7,
								1
							],
							"uv": {
								"north": {
									"uv": [
										17,
										4
									],
									"uv_size": [
										0.5,
										0.5
									]
								},
								"east": {
									"uv": [
										6,
										14
									],
									"uv_size": [
										1,
										0.5
									]
								},
								"south": {
									"uv": [
										5,
										17
									],
									"uv_size": [
										0.5,
										0.5
									]
								},
								"west": {
									"uv": [
										14,
										6
									],
									"uv_size": [
										1,
										0.5
									]
								},
								"up": {
									"uv": [
										7,
										14
									],
									"uv_size": [
										0.5,
										1
									]
								},
								"down": {
									"uv": [
										14,
										8
									],
									"uv_size": [
										0.5,
										-1
									]
								}
							}
						},
						{
							"origin": [
								4,
								0.4,
								-3.2
							],
							"size": [
								0.1,
								0.8,
								1
							],
							"uv": {
								"north": {
									"uv": [
										8,
										14
									],
									"uv_size": [
										0.5,
										1
									]
								},
								"east": {
									"uv": [
										11,
										1
									],
									"uv_size": [
										1,
										1
									]
								},
								"south": {
									"uv": [
										14,
										8
									],
									"uv_size": [
										0.5,
										1
									]
								},
								"west": {
									"uv": [
										2,
										11
									],
									"uv_size": [
										1,
										1
									]
								},
								"up": {
									"uv": [
										9,
										14
									],
									"uv_size": [
										0.5,
										1
									]
								},
								"down": {
									"uv": [
										14,
										10
									],
									"uv_size": [
										0.5,
										-1
									]
								}
							}
						},
						{
							"origin": [
								-3,
								0.4,
								-3.9
							],
							"size": [
								1,
								1.6,
								0.4
							],
							"uv": {
								"north": {
									"uv": [
										3,
										9
									],
									"uv_size": [
										1,
										1.5
									]
								},
								"east": {
									"uv": [
										12,
										0
									],
									"uv_size": [
										0.5,
										1.5
									]
								},
								"south": {
									"uv": [
										9,
										4
									],
									"uv_size": [
										1,
										1.5
									]
								},
								"west": {
									"uv": [
										2,
										12
									],
									"uv_size": [
										0.5,
										1.5
									]
								},
								"up": {
									"uv": [
										10,
										14
									],
									"uv_size": [
										1,
										0.5
									]
								},
								"down": {
									"uv": [
										14,
										10.5
									],
									"uv_size": [
										1,
										-0.5
									]
								}
							}
						},
						{
							"origin": [
								-3,
								2,
								-3.5
							],
							"size": [
								1,
								0.4,
								1.6
							],
							"uv": {
								"north": {
									"uv": [
										11,
										14
									],
									"uv_size": [
										1,
										0.5
									]
								},
								"east": {
									"uv": [
										12,
										2
									],
									"uv_size": [
										1.5,
										0.5
									]
								},
								"south": {
									"uv": [
										14,
										11
									],
									"uv_size": [
										1,
										0.5
									]
								},
								"west": {
									"uv": [
										3,
										12
									],
									"uv_size": [
										1.5,
										0.5
									]
								},
								"up": {
									"uv": [
										5,
										9
									],
									"uv_size": [
										1,
										1.5
									]
								},
								"down": {
									"uv": [
										6,
										10.5
									],
									"uv_size": [
										1,
										-1.5
									]
								}
							}
						},
						{
							"origin": [
								-3,
								0,
								-3.5
							],
							"size": [
								1,
								0.4,
								1.6
							],
							"uv": {
								"north": {
									"uv": [
										12,
										14
									],
									"uv_size": [
										1,
										0.5
									]
								},
								"east": {
									"uv": [
										12,
										3
									],
									"uv_size": [
										1.5,
										0.5
									]
								},
								"south": {
									"uv": [
										14,
										12
									],
									"uv_size": [
										1,
										0.5
									]
								},
								"west": {
									"uv": [
										12,
										4
									],
									"uv_size": [
										1.5,
										0.5
									]
								},
								"up": {
									"uv": [
										9,
										6
									],
									"uv_size": [
										1,
										1.5
									]
								},
								"down": {
									"uv": [
										7,
										10.5
									],
									"uv_size": [
										1,
										-1.5
									]
								}
							}
						},
						{
							"origin": [
								-3,
								0.4,
								-1.9
							],
							"size": [
								1,
								1.6,
								0.4
							],
							"uv": {
								"north": {
									"uv": [
										9,
										8
									],
									"uv_size": [
										1,
										1.5
									]
								},
								"east": {
									"uv": [
										5,
										12
									],
									"uv_size": [
										0.5,
										1.5
									]
								},
								"south": {
									"uv": [
										0,
										10
									],
									"uv_size": [
										1,
										1.5
									]
								},
								"west": {
									"uv": [
										12,
										5
									],
									"uv_size": [
										0.5,
										1.5
									]
								},
								"up": {
									"uv": [
										13,
										14
									],
									"uv_size": [
										1,
										0.5
									]
								},
								"down": {
									"uv": [
										14,
										13.5
									],
									"uv_size": [
										1,
										-0.5
									]
								}
							}
						},
						{
							"origin": [
								-3,
								0.36,
								-3.36
							],
							"size": [
								1,
								0.55,
								0.4
							],
							"pivot": [
								-2,
								0,
								-3
							],
							"rotation": [
								44.5,
								0,
								0
							],
							"uv": {
								"north": {
									"uv": [
										14,
										14
									],
									"uv_size": [
										1,
										0.5
									]
								},
								"east": {
									"uv": [
										17,
										5
									],
									"uv_size": [
										0.5,
										0.5
									]
								},
								"south": {
									"uv": [
										0,
										15
									],
									"uv_size": [
										1,
										0.5
									]
								},
								"west": {
									"uv": [
										6,
										17
									],
									"uv_size": [
										0.5,
										0.5
									]
								},
								"up": {
									"uv": [
										15,
										0
									],
									"uv_size": [
										1,
										0.5
									]
								},
								"down": {
									"uv": [
										1,
										15.5
									],
									"uv_size": [
										1,
										-0.5
									]
								}
							}
						},
						{
							"origin": [
								-3,
								0.78,
								-2.61
							],
							"size": [
								1,
								0.55,
								0.4
							],
							"pivot": [
								-2,
								0,
								-3
							],
							"rotation": [
								-44.5,
								0,
								0
							],
							"uv": {
								"north": {
									"uv": [
										15,
										1
									],
									"uv_size": [
										1,
										0.5
									]
								},
								"east": {
									"uv": [
										17,
										6
									],
									"uv_size": [
										0.5,
										0.5
									]
								},
								"south": {
									"uv": [
										2,
										15
									],
									"uv_size": [
										1,
										0.5
									]
								},
								"west": {
									"uv": [
										7,
										17
									],
									"uv_size": [
										0.5,
										0.5
									]
								},
								"up": {
									"uv": [
										15,
										2
									],
									"uv_size": [
										1,
										0.5
									]
								},
								"down": {
									"uv": [
										3,
										15.5
									],
									"uv_size": [
										1,
										-0.5
									]
								}
							}
						},
						{
							"origin": [
								-3,
								0.8,
								-5.04
							],
							"size": [
								1,
								0.56,
								0.4
							],
							"pivot": [
								-2,
								0,
								-3
							],
							"rotation": [
								-44.5,
								0,
								0
							],
							"uv": {
								"north": {
									"uv": [
										15,
										3
									],
									"uv_size": [
										1,
										0.5
									]
								},
								"east": {
									"uv": [
										17,
										7
									],
									"uv_size": [
										0.5,
										0.5
									]
								},
								"south": {
									"uv": [
										4,
										15
									],
									"uv_size": [
										1,
										0.5
									]
								},
								"west": {
									"uv": [
										8,
										17
									],
									"uv_size": [
										0.5,
										0.5
									]
								},
								"up": {
									"uv": [
										15,
										4
									],
									"uv_size": [
										1,
										0.5
									]
								},
								"down": {
									"uv": [
										5,
										15.5
									],
									"uv_size": [
										1,
										-0.5
									]
								}
							}
						},
						{
							"origin": [
								-3,
								0.379,
								-0.93
							],
							"size": [
								1,
								0.56,
								0.4
							],
							"pivot": [
								-2,
								0,
								-3
							],
							"rotation": [
								44.5,
								0,
								0
							],
							"uv": {
								"north": {
									"uv": [
										15,
										5
									],
									"uv_size": [
										1,
										0.5
									]
								},
								"east": {
									"uv": [
										17,
										8
									],
									"uv_size": [
										0.5,
										0.5
									]
								},
								"south": {
									"uv": [
										6,
										15
									],
									"uv_size": [
										1,
										0.5
									]
								},
								"west": {
									"uv": [
										9,
										17
									],
									"uv_size": [
										0.5,
										0.5
									]
								},
								"up": {
									"uv": [
										15,
										6
									],
									"uv_size": [
										1,
										0.5
									]
								},
								"down": {
									"uv": [
										7,
										15.5
									],
									"uv_size": [
										1,
										-0.5
									]
								}
							}
						},
						{
							"origin": [
								-3,
								0.4,
								-3.5
							],
							"size": [
								0.9,
								1.6,
								1.6
							],
							"uv": {
								"north": {
									"uv": [
										10,
										0
									],
									"uv_size": [
										1,
										1.5
									]
								},
								"east": {
									"uv": [
										5,
										3
									],
									"uv_size": [
										1.5,
										1.5
									]
								},
								"south": {
									"uv": [
										10,
										2
									],
									"uv_size": [
										1,
										1.5
									]
								},
								"west": {
									"uv": [
										5,
										5
									],
									"uv_size": [
										1.5,
										1.5
									]
								},
								"up": {
									"uv": [
										4,
										10
									],
									"uv_size": [
										1,
										1.5
									]
								},
								"down": {
									"uv": [
										10,
										5.5
									],
									"uv_size": [
										1,
										-1.5
									]
								}
							}
						},
						{
							"origin": [
								-3.1,
								0.7,
								-3.5
							],
							"size": [
								0.1,
								1,
								0.8
							],
							"uv": {
								"north": {
									"uv": [
										15,
										7
									],
									"uv_size": [
										0.5,
										1
									]
								},
								"east": {
									"uv": [
										11,
										2
									],
									"uv_size": [
										1,
										1
									]
								},
								"south": {
									"uv": [
										8,
										15
									],
									"uv_size": [
										0.5,
										1
									]
								},
								"west": {
									"uv": [
										3,
										11
									],
									"uv_size": [
										1,
										1
									]
								},
								"up": {
									"uv": [
										15,
										8
									],
									"uv_size": [
										0.5,
										1
									]
								},
								"down": {
									"uv": [
										9,
										16
									],
									"uv_size": [
										0.5,
										-1
									]
								}
							}
						},
						{
							"origin": [
								-3.1,
								1.3,
								-3.2
							],
							"size": [
								0.1,
								0.7,
								1
							],
							"uv": {
								"north": {
									"uv": [
										17,
										9
									],
									"uv_size": [
										0.5,
										0.5
									]
								},
								"east": {
									"uv": [
										15,
										9
									],
									"uv_size": [
										1,
										0.5
									]
								},
								"south": {
									"uv": [
										10,
										17
									],
									"uv_size": [
										0.5,
										0.5
									]
								},
								"west": {
									"uv": [
										10,
										15
									],
									"uv_size": [
										1,
										0.5
									]
								},
								"up": {
									"uv": [
										15,
										10
									],
									"uv_size": [
										0.5,
										1
									]
								},
								"down": {
									"uv": [
										11,
										16
									],
									"uv_size": [
										0.5,
										-1
									]
								}
							}
						},
						{
							"origin": [
								-3.1,
								0.7,
								-2.8
							],
							"size": [
								0.1,
								1,
								0.9
							],
							"uv": {
								"north": {
									"uv": [
										15,
										11
									],
									"uv_size": [
										0.5,
										1
									]
								},
								"east": {
									"uv": [
										11,
										3
									],
									"uv_size": [
										1,
										1
									]
								},
								"south": {
									"uv": [
										12,
										15
									],
									"uv_size": [
										0.5,
										1
									]
								},
								"west": {
									"uv": [
										11,
										4
									],
									"uv_size": [
										1,
										1
									]
								},
								"up": {
									"uv": [
										15,
										12
									],
									"uv_size": [
										0.5,
										1
									]
								},
								"down": {
									"uv": [
										13,
										16
									],
									"uv_size": [
										0.5,
										-1
									]
								}
							}
						},
						{
							"origin": [
								-3.1,
								0.4,
								-3.2
							],
							"size": [
								0.1,
								0.8,
								1
							],
							"uv": {
								"north": {
									"uv": [
										15,
										13
									],
									"uv_size": [
										0.5,
										1
									]
								},
								"east": {
									"uv": [
										5,
										11
									],
									"uv_size": [
										1,
										1
									]
								},
								"south": {
									"uv": [
										14,
										15
									],
									"uv_size": [
										0.5,
										1
									]
								},
								"west": {
									"uv": [
										11,
										5
									],
									"uv_size": [
										1,
										1
									]
								},
								"up": {
									"uv": [
										15,
										14
									],
									"uv_size": [
										0.5,
										1
									]
								},
								"down": {
									"uv": [
										15,
										16
									],
									"uv_size": [
										0.5,
										-1
									]
								}
							}
						},
						{
							"origin": [
								-3.1,
								0.43,
								-1.42
							],
							"size": [
								0.1,
								0.42,
								0.4
							],
							"pivot": [
								-2,
								0,
								-3
							],
							"rotation": [
								45,
								0,
								0
							],
							"uv": {
								"north": {
									"uv": [
										17,
										10
									],
									"uv_size": [
										0.5,
										0.5
									]
								},
								"east": {
									"uv": [
										11,
										17
									],
									"uv_size": [
										0.5,
										0.5
									]
								},
								"south": {
									"uv": [
										17,
										11
									],
									"uv_size": [
										0.5,
										0.5
									]
								},
								"west": {
									"uv": [
										12,
										17
									],
									"uv_size": [
										0.5,
										0.5
									]
								},
								"up": {
									"uv": [
										17,
										12
									],
									"uv_size": [
										0.5,
										0.5
									]
								},
								"down": {
									"uv": [
										13,
										17.5
									],
									"uv_size": [
										0.5,
										-0.5
									]
								}
							}
						},
						{
							"origin": [
								-3.1,
								0.43,
								-2.86
							],
							"size": [
								0.1,
								0.42,
								0.4
							],
							"pivot": [
								-2,
								0,
								-3
							],
							"rotation": [
								45,
								0,
								0
							],
							"uv": {
								"north": {
									"uv": [
										17,
										13
									],
									"uv_size": [
										0.5,
										0.5
									]
								},
								"east": {
									"uv": [
										14,
										17
									],
									"uv_size": [
										0.5,
										0.5
									]
								},
								"south": {
									"uv": [
										17,
										14
									],
									"uv_size": [
										0.5,
										0.5
									]
								},
								"west": {
									"uv": [
										15,
										17
									],
									"uv_size": [
										0.5,
										0.5
									]
								},
								"up": {
									"uv": [
										17,
										15
									],
									"uv_size": [
										0.5,
										0.5
									]
								},
								"down": {
									"uv": [
										16,
										17.5
									],
									"uv_size": [
										0.5,
										-0.5
									]
								}
							}
						},
						{
							"origin": [
								-3.1,
								0.85,
								-3.12
							],
							"size": [
								0.1,
								0.42,
								0.4
							],
							"pivot": [
								-2,
								0,
								-3
							],
							"rotation": [
								-45,
								0,
								0
							],
							"uv": {
								"north": {
									"uv": [
										17,
										16
									],
									"uv_size": [
										0.5,
										0.5
									]
								},
								"east": {
									"uv": [
										17,
										17
									],
									"uv_size": [
										0.5,
										0.5
									]
								},
								"south": {
									"uv": [
										0,
										18
									],
									"uv_size": [
										0.5,
										0.5
									]
								},
								"west": {
									"uv": [
										18,
										0
									],
									"uv_size": [
										0.5,
										0.5
									]
								},
								"up": {
									"uv": [
										1,
										18
									],
									"uv_size": [
										0.5,
										0.5
									]
								},
								"down": {
									"uv": [
										18,
										1.5
									],
									"uv_size": [
										0.5,
										-0.5
									]
								}
							}
						},
						{
							"origin": [
								-3.1,
								0.85,
								-4.56
							],
							"size": [
								0.1,
								0.42,
								0.4
							],
							"pivot": [
								-2,
								0,
								-3
							],
							"rotation": [
								-45,
								0,
								0
							],
							"uv": {
								"north": {
									"uv": [
										2,
										18
									],
									"uv_size": [
										0.5,
										0.5
									]
								},
								"east": {
									"uv": [
										18,
										2
									],
									"uv_size": [
										0.5,
										0.5
									]
								},
								"south": {
									"uv": [
										3,
										18
									],
									"uv_size": [
										0.5,
										0.5
									]
								},
								"west": {
									"uv": [
										18,
										3
									],
									"uv_size": [
										0.5,
										0.5
									]
								},
								"up": {
									"uv": [
										4,
										18
									],
									"uv_size": [
										0.5,
										0.5
									]
								},
								"down": {
									"uv": [
										18,
										4.5
									],
									"uv_size": [
										0.5,
										-0.5
									]
								}
							}
						},
						{
							"origin": [
								-2.9,
								0.8,
								-1.7
							],
							"size": [
								0.5,
								0.8,
								3.7
							],
							"uv": {
								"north": {
									"uv": [
										0,
										16
									],
									"uv_size": [
										0.5,
										1
									]
								},
								"east": {
									"uv": [
										0,
										2
									],
									"uv_size": [
										3.5,
										1
									]
								},
								"south": {
									"uv": [
										16,
										0
									],
									"uv_size": [
										0.5,
										1
									]
								},
								"west": {
									"uv": [
										0,
										3
									],
									"uv_size": [
										3.5,
										1
									]
								},
								"up": {
									"uv": [
										3,
										5
									],
									"uv_size": [
										0.5,
										3.5
									]
								},
								"down": {
									"uv": [
										1,
										10.5
									],
									"uv_size": [
										0.5,
										-3.5
									]
								}
							}
						},
						{
							"origin": [
								3,
								0.8,
								-3.1
							],
							"size": [
								0.5,
								0.8,
								5.2
							],
							"pivot": [
								0,
								0,
								0
							],
							"rotation": [
								0,
								-90,
								0
							],
							"uv": {
								"north": {
									"uv": [
										1,
										16
									],
									"uv_size": [
										0.5,
										1
									]
								},
								"east": {
									"uv": [
										0,
										0
									],
									"uv_size": [
										5,
										1
									]
								},
								"south": {
									"uv": [
										16,
										1
									],
									"uv_size": [
										0.5,
										1
									]
								},
								"west": {
									"uv": [
										0,
										1
									],
									"uv_size": [
										5,
										1
									]
								},
								"up": {
									"uv": [
										4,
										3
									],
									"uv_size": [
										0.5,
										5
									]
								},
								"down": {
									"uv": [
										0,
										10
									],
									"uv_size": [
										0.5,
										-5
									]
								}
							}
						},
						{
							"origin": [
								-3.5,
								0.8,
								0.4
							],
							"size": [
								0.5,
								0.8,
								1.7
							],
							"pivot": [
								0,
								0,
								0
							],
							"rotation": [
								0,
								27.5,
								0
							],
							"uv": {
								"north": {
									"uv": [
										2,
										16
									],
									"uv_size": [
										0.5,
										1
									]
								},
								"east": {
									"uv": [
										10,
										6
									],
									"uv_size": [
										1.5,
										1
									]
								},
								"south": {
									"uv": [
										16,
										2
									],
									"uv_size": [
										0.5,
										1
									]
								},
								"west": {
									"uv": [
										10,
										7
									],
									"uv_size": [
										1.5,
										1
									]
								},
								"up": {
									"uv": [
										12,
										7
									],
									"uv_size": [
										0.5,
										1.5
									]
								},
								"down": {
									"uv": [
										10,
										13.5
									],
									"uv_size": [
										0.5,
										-1.5
									]
								}
							}
						},
						{
							"origin": [
								3.9,
								0.8,
								-0.05
							],
							"size": [
								0.5,
								0.8,
								1.7
							],
							"pivot": [
								0,
								0,
								0
							],
							"rotation": [
								0,
								-27.5,
								0
							],
							"uv": {
								"north": {
									"uv": [
										3,
										16
									],
									"uv_size": [
										0.5,
										1
									]
								},
								"east": {
									"uv": [
										8,
										10
									],
									"uv_size": [
										1.5,
										1
									]
								},
								"south": {
									"uv": [
										16,
										3
									],
									"uv_size": [
										0.5,
										1
									]
								},
								"west": {
									"uv": [
										10,
										8
									],
									"uv_size": [
										1.5,
										1
									]
								},
								"up": {
									"uv": [
										11,
										12
									],
									"uv_size": [
										0.5,
										1.5
									]
								},
								"down": {
									"uv": [
										12,
										12.5
									],
									"uv_size": [
										0.5,
										-1.5
									]
								}
							}
						},
						{
							"origin": [
								3.4,
								0.8,
								-1.7
							],
							"size": [
								0.5,
								0.8,
								3.7
							],
							"uv": {
								"north": {
									"uv": [
										4,
										16
									],
									"uv_size": [
										0.5,
										1
									]
								},
								"east": {
									"uv": [
										0,
										4
									],
									"uv_size": [
										3.5,
										1
									]
								},
								"south": {
									"uv": [
										16,
										4
									],
									"uv_size": [
										0.5,
										1
									]
								},
								"west": {
									"uv": [
										4,
										2
									],
									"uv_size": [
										3.5,
										1
									]
								},
								"up": {
									"uv": [
										2,
										7
									],
									"uv_size": [
										0.5,
										3.5
									]
								},
								"down": {
									"uv": [
										7,
										6.5
									],
									"uv_size": [
										0.5,
										-3.5
									]
								}
							}
						}
					]
				}
			]
		}
	]
}