{
	"format_version": "1.12.0",
	"minecraft:geometry": [
		{
			"description": {
				"identifier": "geometry.no_singal",
				"texture_width": 64,
				"texture_height": 64,
				"visible_bounds_width": 2,
				"visible_bounds_height": 2.5,
				"visible_bounds_offset": [
					0,
					0.75,
					0
				]
			},
			"bones": [
				{
					"name": "bb_main",
					"pivot": [
						0,
						0,
						0
					],
					"cubes": [
						{
							"origin": [
								-6.6,
								3,
								7
							],
							"size": [
								14,
								10,
								1
							],
							"uv": {
								"north": {
									"uv": [
										0,
										0
									],
									"uv_size": [
										14,
										10
									]
								},
								"east": {
									"uv": [
										2,
										20
									],
									"uv_size": [
										1,
										10
									]
								},
								"south": {
									"uv": [
										0,
										10
									],
									"uv_size": [
										14,
										10
									]
								},
								"west": {
									"uv": [
										3,
										20
									],
									"uv_size": [
										1,
										10
									]
								},
								"up": {
									"uv": [
										14,
										8
									],
									"uv_size": [
										14,
										1
									]
								},
								"down": {
									"uv": [
										14,
										10
									],
									"uv_size": [
										14,
										-1
									]
								}
							}
						},
						{
							"origin": [
								-6.6,
								12.5,
								6.7
							],
							"size": [
								14,
								0.7,
								1.3
							],
							"uv": {
								"north": {
									"uv": [
										20,
										10
									],
									"uv_size": [
										14,
										0.75
									]
								},
								"east": {
									"uv": [
										12,
										20
									],
									"uv_size": [
										1.25,
										0.75
									]
								},
								"south": {
									"uv": [
										20,
										11
									],
									"uv_size": [
										14,
										0.75
									]
								},
								"west": {
									"uv": [
										20,
										14
									],
									"uv_size": [
										1.25,
										0.75
									]
								},
								"up": {
									"uv": [
										14,
										0
									],
									"uv_size": [
										14,
										1.25
									]
								},
								"down": {
									"uv": [
										14,
										3.25
									],
									"uv_size": [
										14,
										-1.25
									]
								}
							}
						},
						{
							"origin": [
								-6.6,
								3,
								6.7
							],
							"size": [
								14,
								0.7,
								1.3
							],
							"uv": {
								"north": {
									"uv": [
										20,
										12
									],
									"uv_size": [
										14,
										0.75
									]
								},
								"east": {
									"uv": [
										20,
										15
									],
									"uv_size": [
										1.25,
										0.75
									]
								},
								"south": {
									"uv": [
										20,
										13
									],
									"uv_size": [
										14,
										0.75
									]
								},
								"west": {
									"uv": [
										20,
										16
									],
									"uv_size": [
										1.25,
										0.75
									]
								},
								"up": {
									"uv": [
										14,
										4
									],
									"uv_size": [
										14,
										1.25
									]
								},
								"down": {
									"uv": [
										14,
										7.25
									],
									"uv_size": [
										14,
										-1.25
									]
								}
							}
						},
						{
							"origin": [
								6.6,
								3,
								6.7
							],
							"size": [
								0.9,
								10.2,
								1.3
							],
							"uv": {
								"north": {
									"uv": [
										4,
										20
									],
									"uv_size": [
										0.875,
										10.25
									]
								},
								"east": {
									"uv": [
										14,
										10
									],
									"uv_size": [
										1.25,
										10.25
									]
								},
								"south": {
									"uv": [
										5,
										20
									],
									"uv_size": [
										0.875,
										10.25
									]
								},
								"west": {
									"uv": [
										16,
										10
									],
									"uv_size": [
										1.25,
										10.25
									]
								},
								"up": {
									"uv": [
										8,
										20
									],
									"uv_size": [
										0.875,
										1.25
									]
								},
								"down": {
									"uv": [
										9,
										21.25
									],
									"uv_size": [
										0.875,
										-1.25
									]
								}
							}
						},
						{
							"origin": [
								-7.4,
								3,
								6.7
							],
							"size": [
								0.9,
								10.2,
								1.3
							],
							"uv": {
								"north": {
									"uv": [
										6,
										20
									],
									"uv_size": [
										0.875,
										10.25
									]
								},
								"east": {
									"uv": [
										18,
										10
									],
									"uv_size": [
										1.25,
										10.25
									]
								},
								"south": {
									"uv": [
										7,
										20
									],
									"uv_size": [
										0.875,
										10.25
									]
								},
								"west": {
									"uv": [
										0,
										20
									],
									"uv_size": [
										1.25,
										10.25
									]
								},
								"up": {
									"uv": [
										10,
										20
									],
									"uv_size": [
										0.875,
										1.25
									]
								},
								"down": {
									"uv": [
										11,
										21.25
									],
									"uv_size": [
										0.875,
										-1.25
									]
								}
							}
						}
					]
				}
			]
		}
	]
}