{
	"format_version": "1.12.0",
	"minecraft:geometry": [
		{
			"description": {
				"identifier": "geometry.tech_pc_computer",
				"texture_width": 64,
				"texture_height": 64,
				"visible_bounds_width": 3,
				"visible_bounds_height": 2.5,
				"visible_bounds_offset": [
					0,
					0.75,
					0
				]
			},
			"bones": [
				{
					"name": "bb_main",
					"pivot": [
						0,
						0,
						0
					],
					"cubes": [
						{
							"origin": [
								-7.5,
								2.8,
								2.1
							],
							"size": [
								3.6,
								8,
								1
							],
							"pivot": [
								0,
								2.8,
								2.1
							],
							"rotation": [
								0,
								-12.5,
								0
							],
							"uv": {
								"north": {
									"uv": [
										10,
										0
									],
									"uv_size": [
										3.5,
										8
									]
								},
								"east": {
									"uv": [
										20,
										0
									],
									"uv_size": [
										1,
										8
									]
								},
								"south": {
									"uv": [
										10,
										9
									],
									"uv_size": [
										3.5,
										8
									]
								},
								"west": {
									"uv": [
										20,
										9
									],
									"uv_size": [
										1,
										8
									]
								},
								"up": {
									"uv": [
										32,
										10
									],
									"uv_size": [
										3.5,
										1
									]
								},
								"down": {
									"uv": [
										12,
										33
									],
									"uv_size": [
										3.5,
										-1
									]
								}
							}
						},
						{
							"origin": [
								-7.6,
								10.8,
								1.9
							],
							"size": [
								3.7,
								0.4,
								1.2
							],
							"pivot": [
								0,
								2.8,
								2.1
							],
							"rotation": [
								0,
								-12.5,
								0
							],
							"uv": {
								"north": {
									"uv": [
										40,
										22
									],
									"uv_size": [
										3.5,
										0.5
									]
								},
								"east": {
									"uv": [
										2,
										50
									],
									"uv_size": [
										1,
										0.5
									]
								},
								"south": {
									"uv": [
										29,
										40
									],
									"uv_size": [
										3.5,
										0.5
									]
								},
								"west": {
									"uv": [
										4,
										50
									],
									"uv_size": [
										1,
										0.5
									]
								},
								"up": {
									"uv": [
										32,
										12
									],
									"uv_size": [
										3.5,
										1
									]
								},
								"down": {
									"uv": [
										32,
										15
									],
									"uv_size": [
										3.5,
										-1
									]
								}
							}
						},
						{
							"origin": [
								-7.6,
								2.8,
								1.9
							],
							"size": [
								3.7,
								0.4,
								1.2
							],
							"pivot": [
								0,
								2.8,
								2.1
							],
							"rotation": [
								0,
								-12.5,
								0
							],
							"uv": {
								"north": {
									"uv": [
										34,
										40
									],
									"uv_size": [
										3.5,
										0.5
									]
								},
								"east": {
									"uv": [
										50,
										4
									],
									"uv_size": [
										1,
										0.5
									]
								},
								"south": {
									"uv": [
										39,
										40
									],
									"uv_size": [
										3.5,
										0.5
									]
								},
								"west": {
									"uv": [
										6,
										50
									],
									"uv_size": [
										1,
										0.5
									]
								},
								"up": {
									"uv": [
										32,
										28
									],
									"uv_size": [
										3.5,
										1
									]
								},
								"down": {
									"uv": [
										32,
										31
									],
									"uv_size": [
										3.5,
										-1
									]
								}
							}
						},
						{
							"origin": [
								-7.6,
								2.8,
								1.9
							],
							"size": [
								0.7,
								8,
								1.2
							],
							"pivot": [
								0,
								2.8,
								2.1
							],
							"rotation": [
								0,
								-12.5,
								0
							],
							"uv": {
								"north": {
									"uv": [
										20,
										27
									],
									"uv_size": [
										0.5,
										8
									]
								},
								"east": {
									"uv": [
										20,
										18
									],
									"uv_size": [
										1,
										8
									]
								},
								"south": {
									"uv": [
										27,
										20
									],
									"uv_size": [
										0.5,
										8
									]
								},
								"west": {
									"uv": [
										22,
										0
									],
									"uv_size": [
										1,
										8
									]
								},
								"up": {
									"uv": [
										50,
										6
									],
									"uv_size": [
										0.5,
										1
									]
								},
								"down": {
									"uv": [
										8,
										51
									],
									"uv_size": [
										0.5,
										-1
									]
								}
							}
						},
						{
							"origin": [
								-4.1,
								2.8,
								1.6
							],
							"size": [
								4.2,
								8,
								1
							],
							"pivot": [
								0,
								2.8,
								2.1
							],
							"rotation": [
								0,
								-5,
								0
							],
							"uv": {
								"north": {
									"uv": [
										0,
										0
									],
									"uv_size": [
										4,
										8
									]
								},
								"east": {
									"uv": [
										22,
										9
									],
									"uv_size": [
										1,
										8
									]
								},
								"south": {
									"uv": [
										5,
										0
									],
									"uv_size": [
										4,
										8
									]
								},
								"west": {
									"uv": [
										22,
										18
									],
									"uv_size": [
										1,
										8
									]
								},
								"up": {
									"uv": [
										29,
										0
									],
									"uv_size": [
										4,
										1
									]
								},
								"down": {
									"uv": [
										29,
										3
									],
									"uv_size": [
										4,
										-1
									]
								}
							}
						},
						{
							"origin": [
								-4.1,
								10.8,
								1.4
							],
							"size": [
								4.2,
								0.4,
								1.2
							],
							"pivot": [
								0,
								2.8,
								2.1
							],
							"rotation": [
								0,
								-5,
								0
							],
							"uv": {
								"north": {
									"uv": [
										37,
										32
									],
									"uv_size": [
										4,
										0.5
									]
								},
								"east": {
									"uv": [
										50,
										8
									],
									"uv_size": [
										1,
										0.5
									]
								},
								"south": {
									"uv": [
										23,
										38
									],
									"uv_size": [
										4,
										0.5
									]
								},
								"west": {
									"uv": [
										50,
										23
									],
									"uv_size": [
										1,
										0.5
									]
								},
								"up": {
									"uv": [
										29,
										4
									],
									"uv_size": [
										4,
										1
									]
								},
								"down": {
									"uv": [
										29,
										7
									],
									"uv_size": [
										4,
										-1
									]
								}
							}
						},
						{
							"origin": [
								-4.1,
								2.8,
								1.4
							],
							"size": [
								4.2,
								0.4,
								1.2
							],
							"pivot": [
								0,
								2.8,
								2.1
							],
							"rotation": [
								0,
								-5,
								0
							],
							"uv": {
								"north": {
									"uv": [
										38,
										24
									],
									"uv_size": [
										4,
										0.5
									]
								},
								"east": {
									"uv": [
										50,
										25
									],
									"uv_size": [
										1,
										0.5
									]
								},
								"south": {
									"uv": [
										38,
										26
									],
									"uv_size": [
										4,
										0.5
									]
								},
								"west": {
									"uv": [
										50,
										27
									],
									"uv_size": [
										1,
										0.5
									]
								},
								"up": {
									"uv": [
										29,
										20
									],
									"uv_size": [
										4,
										1
									]
								},
								"down": {
									"uv": [
										22,
										30
									],
									"uv_size": [
										4,
										-1
									]
								}
							}
						},
						{
							"origin": [
								3.9,
								2.8,
								2.1
							],
							"size": [
								3.6,
								8,
								1
							],
							"pivot": [
								0,
								2.8,
								2.1
							],
							"rotation": [
								0,
								12.5,
								0
							],
							"uv": {
								"north": {
									"uv": [
										0,
										18
									],
									"uv_size": [
										3.5,
										8
									]
								},
								"east": {
									"uv": [
										10,
										23
									],
									"uv_size": [
										1,
										8
									]
								},
								"south": {
									"uv": [
										5,
										18
									],
									"uv_size": [
										3.5,
										8
									]
								},
								"west": {
									"uv": [
										12,
										23
									],
									"uv_size": [
										1,
										8
									]
								},
								"up": {
									"uv": [
										32,
										32
									],
									"uv_size": [
										3.5,
										1
									]
								},
								"down": {
									"uv": [
										2,
										34
									],
									"uv_size": [
										3.5,
										-1
									]
								}
							}
						},
						{
							"origin": [
								3.9,
								10.8,
								1.9
							],
							"size": [
								3.8,
								0.4,
								1.2
							],
							"pivot": [
								0,
								2.8,
								2.1
							],
							"rotation": [
								0,
								12.5,
								0
							],
							"uv": {
								"north": {
									"uv": [
										28,
										38
									],
									"uv_size": [
										4,
										0.5
									]
								},
								"east": {
									"uv": [
										50,
										29
									],
									"uv_size": [
										1,
										0.5
									]
								},
								"south": {
									"uv": [
										33,
										38
									],
									"uv_size": [
										4,
										0.5
									]
								},
								"west": {
									"uv": [
										50,
										46
									],
									"uv_size": [
										1,
										0.5
									]
								},
								"up": {
									"uv": [
										29,
										22
									],
									"uv_size": [
										4,
										1
									]
								},
								"down": {
									"uv": [
										29,
										25
									],
									"uv_size": [
										4,
										-1
									]
								}
							}
						},
						{
							"origin": [
								3.9,
								2.8,
								1.9
							],
							"size": [
								3.8,
								0.4,
								1.2
							],
							"pivot": [
								0,
								2.8,
								2.1
							],
							"rotation": [
								0,
								12.5,
								0
							],
							"uv": {
								"north": {
									"uv": [
										38,
										34
									],
									"uv_size": [
										4,
										0.5
									]
								},
								"east": {
									"uv": [
										50,
										48
									],
									"uv_size": [
										1,
										0.5
									]
								},
								"south": {
									"uv": [
										38,
										36
									],
									"uv_size": [
										4,
										0.5
									]
								},
								"west": {
									"uv": [
										50,
										50
									],
									"uv_size": [
										1,
										0.5
									]
								},
								"up": {
									"uv": [
										29,
										26
									],
									"uv_size": [
										4,
										1
									]
								},
								"down": {
									"uv": [
										27,
										30
									],
									"uv_size": [
										4,
										-1
									]
								}
							}
						},
						{
							"origin": [
								7,
								2.8,
								1.9
							],
							"size": [
								0.7,
								8,
								1.2
							],
							"pivot": [
								0,
								2.8,
								2.1
							],
							"rotation": [
								0,
								12.5,
								0
							],
							"uv": {
								"north": {
									"uv": [
										30,
										8
									],
									"uv_size": [
										0.5,
										8
									]
								},
								"east": {
									"uv": [
										14,
										23
									],
									"uv_size": [
										1,
										8
									]
								},
								"south": {
									"uv": [
										0,
										31
									],
									"uv_size": [
										0.5,
										8
									]
								},
								"west": {
									"uv": [
										16,
										23
									],
									"uv_size": [
										1,
										8
									]
								},
								"up": {
									"uv": [
										10,
										51
									],
									"uv_size": [
										0.5,
										1
									]
								},
								"down": {
									"uv": [
										51,
										11
									],
									"uv_size": [
										0.5,
										-1
									]
								}
							}
						},
						{
							"origin": [
								-0.1,
								2.8,
								1.6
							],
							"size": [
								4.2,
								8,
								1
							],
							"pivot": [
								0,
								2.8,
								2.1
							],
							"rotation": [
								0,
								5,
								0
							],
							"uv": {
								"north": {
									"uv": [
										0,
										9
									],
									"uv_size": [
										4,
										8
									]
								},
								"east": {
									"uv": [
										18,
										23
									],
									"uv_size": [
										1,
										8
									]
								},
								"south": {
									"uv": [
										5,
										9
									],
									"uv_size": [
										4,
										8
									]
								},
								"west": {
									"uv": [
										24,
										0
									],
									"uv_size": [
										1,
										8
									]
								},
								"up": {
									"uv": [
										30,
										17
									],
									"uv_size": [
										4,
										1
									]
								},
								"down": {
									"uv": [
										2,
										32
									],
									"uv_size": [
										4,
										-1
									]
								}
							}
						},
						{
							"origin": [
								-0.1,
								10.8,
								1.4
							],
							"size": [
								4.2,
								0.4,
								1.2
							],
							"pivot": [
								0,
								2.8,
								2.1
							],
							"rotation": [
								0,
								5,
								0
							],
							"uv": {
								"north": {
									"uv": [
										38,
										38
									],
									"uv_size": [
										4,
										0.5
									]
								},
								"east": {
									"uv": [
										12,
										51
									],
									"uv_size": [
										1,
										0.5
									]
								},
								"south": {
									"uv": [
										2,
										39
									],
									"uv_size": [
										4,
										0.5
									]
								},
								"west": {
									"uv": [
										14,
										51
									],
									"uv_size": [
										1,
										0.5
									]
								},
								"up": {
									"uv": [
										22,
										31
									],
									"uv_size": [
										4,
										1
									]
								},
								"down": {
									"uv": [
										27,
										32
									],
									"uv_size": [
										4,
										-1
									]
								}
							}
						},
						{
							"origin": [
								-0.1,
								2.8,
								1.4
							],
							"size": [
								4.2,
								0.4,
								1.2
							],
							"pivot": [
								0,
								2.8,
								2.1
							],
							"rotation": [
								0,
								5,
								0
							],
							"uv": {
								"north": {
									"uv": [
										7,
										39
									],
									"uv_size": [
										4,
										0.5
									]
								},
								"east": {
									"uv": [
										16,
										51
									],
									"uv_size": [
										1,
										0.5
									]
								},
								"south": {
									"uv": [
										39,
										8
									],
									"uv_size": [
										4,
										0.5
									]
								},
								"west": {
									"uv": [
										18,
										51
									],
									"uv_size": [
										1,
										0.5
									]
								},
								"up": {
									"uv": [
										7,
										32
									],
									"uv_size": [
										4,
										1
									]
								},
								"down": {
									"uv": [
										32,
										9
									],
									"uv_size": [
										4,
										-1
									]
								}
							}
						},
						{
							"origin": [
								-1,
								5.1,
								2.4
							],
							"size": [
								2,
								1,
								0.3
							],
							"uv": {
								"north": {
									"uv": [
										39,
										10
									],
									"uv_size": [
										2,
										1
									]
								},
								"east": {
									"uv": [
										20,
										51
									],
									"uv_size": [
										0.5,
										1
									]
								},
								"south": {
									"uv": [
										39,
										12
									],
									"uv_size": [
										2,
										1
									]
								},
								"west": {
									"uv": [
										22,
										51
									],
									"uv_size": [
										0.5,
										1
									]
								},
								"up": {
									"uv": [
										46,
										11
									],
									"uv_size": [
										2,
										0.5
									]
								},
								"down": {
									"uv": [
										46,
										13.5
									],
									"uv_size": [
										2,
										-0.5
									]
								}
							}
						},
						{
							"origin": [
								-4.3,
								3.4,
								2.4
							],
							"size": [
								1,
								1.5,
								0.3
							],
							"pivot": [
								0.9,
								-0.9,
								0
							],
							"rotation": [
								0,
								0,
								45
							],
							"uv": {
								"north": {
									"uv": [
										41,
										28
									],
									"uv_size": [
										1,
										1.5
									]
								},
								"east": {
									"uv": [
										48,
										29
									],
									"uv_size": [
										0.5,
										1.5
									]
								},
								"south": {
									"uv": [
										42,
										0
									],
									"uv_size": [
										1,
										1.5
									]
								},
								"west": {
									"uv": [
										39,
										48
									],
									"uv_size": [
										0.5,
										1.5
									]
								},
								"up": {
									"uv": [
										24,
										51
									],
									"uv_size": [
										1,
										0.5
									]
								},
								"down": {
									"uv": [
										26,
										51.5
									],
									"uv_size": [
										1,
										-0.5
									]
								}
							}
						},
						{
							"origin": [
								-7.5,
								3.4,
								2.4
							],
							"size": [
								1,
								1.4,
								0.3
							],
							"pivot": [
								0.9,
								-0.9,
								0
							],
							"rotation": [
								0,
								0,
								45
							],
							"uv": {
								"north": {
									"uv": [
										29,
										42
									],
									"uv_size": [
										1,
										1.5
									]
								},
								"east": {
									"uv": [
										41,
										48
									],
									"uv_size": [
										0.5,
										1.5
									]
								},
								"south": {
									"uv": [
										31,
										42
									],
									"uv_size": [
										1,
										1.5
									]
								},
								"west": {
									"uv": [
										43,
										48
									],
									"uv_size": [
										0.5,
										1.5
									]
								},
								"up": {
									"uv": [
										28,
										51
									],
									"uv_size": [
										1,
										0.5
									]
								},
								"down": {
									"uv": [
										30,
										51.5
									],
									"uv_size": [
										1,
										-0.5
									]
								}
							}
						},
						{
							"origin": [
								3.8,
								4.7,
								2.4
							],
							"size": [
								1,
								1.4,
								0.3
							],
							"pivot": [
								0.9,
								-0.9,
								0
							],
							"rotation": [
								0,
								0,
								-45
							],
							"uv": {
								"north": {
									"uv": [
										42,
										31
									],
									"uv_size": [
										1,
										1.5
									]
								},
								"east": {
									"uv": [
										45,
										48
									],
									"uv_size": [
										0.5,
										1.5
									]
								},
								"south": {
									"uv": [
										33,
										42
									],
									"uv_size": [
										1,
										1.5
									]
								},
								"west": {
									"uv": [
										48,
										46
									],
									"uv_size": [
										0.5,
										1.5
									]
								},
								"up": {
									"uv": [
										32,
										51
									],
									"uv_size": [
										1,
										0.5
									]
								},
								"down": {
									"uv": [
										34,
										51.5
									],
									"uv_size": [
										1,
										-0.5
									]
								}
							}
						},
						{
							"origin": [
								7.1,
								4.7,
								2.4
							],
							"size": [
								1,
								1.4,
								0.3
							],
							"pivot": [
								0.9,
								-0.9,
								0
							],
							"rotation": [
								0,
								0,
								-45
							],
							"uv": {
								"north": {
									"uv": [
										35,
										42
									],
									"uv_size": [
										1,
										1.5
									]
								},
								"east": {
									"uv": [
										0,
										49
									],
									"uv_size": [
										0.5,
										1.5
									]
								},
								"south": {
									"uv": [
										37,
										42
									],
									"uv_size": [
										1,
										1.5
									]
								},
								"west": {
									"uv": [
										49,
										10
									],
									"uv_size": [
										0.5,
										1.5
									]
								},
								"up": {
									"uv": [
										36,
										51
									],
									"uv_size": [
										1,
										0.5
									]
								},
								"down": {
									"uv": [
										38,
										51.5
									],
									"uv_size": [
										1,
										-0.5
									]
								}
							}
						},
						{
							"origin": [
								-2,
								6.1,
								2.4
							],
							"size": [
								1,
								2,
								0.3
							],
							"uv": {
								"north": {
									"uv": [
										34,
										5
									],
									"uv_size": [
										1,
										2
									]
								},
								"east": {
									"uv": [
										16,
										46
									],
									"uv_size": [
										0.5,
										2
									]
								},
								"south": {
									"uv": [
										39,
										28
									],
									"uv_size": [
										1,
										2
									]
								},
								"west": {
									"uv": [
										46,
										23
									],
									"uv_size": [
										0.5,
										2
									]
								},
								"up": {
									"uv": [
										40,
										51
									],
									"uv_size": [
										1,
										0.5
									]
								},
								"down": {
									"uv": [
										42,
										51.5
									],
									"uv_size": [
										1,
										-0.5
									]
								}
							}
						},
						{
							"origin": [
								1,
								6.1,
								2.4
							],
							"size": [
								1,
								2,
								0.3
							],
							"uv": {
								"north": {
									"uv": [
										0,
										40
									],
									"uv_size": [
										1,
										2
									]
								},
								"east": {
									"uv": [
										46,
										26
									],
									"uv_size": [
										0.5,
										2
									]
								},
								"south": {
									"uv": [
										40,
										0
									],
									"uv_size": [
										1,
										2
									]
								},
								"west": {
									"uv": [
										46,
										29
									],
									"uv_size": [
										0.5,
										2
									]
								},
								"up": {
									"uv": [
										44,
										51
									],
									"uv_size": [
										1,
										0.5
									]
								},
								"down": {
									"uv": [
										46,
										51.5
									],
									"uv_size": [
										1,
										-0.5
									]
								}
							}
						},
						{
							"origin": [
								-1,
								8.1,
								2.4
							],
							"size": [
								2,
								1,
								0.3
							],
							"uv": {
								"north": {
									"uv": [
										39,
										14
									],
									"uv_size": [
										2,
										1
									]
								},
								"east": {
									"uv": [
										48,
										51
									],
									"uv_size": [
										0.5,
										1
									]
								},
								"south": {
									"uv": [
										40,
										3
									],
									"uv_size": [
										2,
										1
									]
								},
								"west": {
									"uv": [
										0,
										52
									],
									"uv_size": [
										0.5,
										1
									]
								},
								"up": {
									"uv": [
										46,
										32
									],
									"uv_size": [
										2,
										0.5
									]
								},
								"down": {
									"uv": [
										46,
										38.5
									],
									"uv_size": [
										2,
										-0.5
									]
								}
							}
						},
						{
							"origin": [
								-2.1,
								0,
								-0.4
							],
							"size": [
								4,
								0.3,
								4
							],
							"uv": {
								"north": {
									"uv": [
										40,
										5
									],
									"uv_size": [
										4,
										0.5
									]
								},
								"east": {
									"uv": [
										40,
										16
									],
									"uv_size": [
										4,
										0.5
									]
								},
								"south": {
									"uv": [
										40,
										18
									],
									"uv_size": [
										4,
										0.5
									]
								},
								"west": {
									"uv": [
										40,
										20
									],
									"uv_size": [
										4,
										0.5
									]
								},
								"up": {
									"uv": [
										10,
										18
									],
									"uv_size": [
										4,
										4
									]
								},
								"down": {
									"uv": [
										15,
										22
									],
									"uv_size": [
										4,
										-4
									]
								}
							}
						},
						{
							"origin": [
								1.9,
								0,
								0.6
							],
							"size": [
								1,
								0.3,
								2
							],
							"uv": {
								"north": {
									"uv": [
										2,
										52
									],
									"uv_size": [
										1,
										0.5
									]
								},
								"east": {
									"uv": [
										46,
										40
									],
									"uv_size": [
										2,
										0.5
									]
								},
								"south": {
									"uv": [
										52,
										2
									],
									"uv_size": [
										1,
										0.5
									]
								},
								"west": {
									"uv": [
										45,
										46
									],
									"uv_size": [
										2,
										0.5
									]
								},
								"up": {
									"uv": [
										19,
										40
									],
									"uv_size": [
										1,
										2
									]
								},
								"down": {
									"uv": [
										23,
										42
									],
									"uv_size": [
										1,
										-2
									]
								}
							}
						},
						{
							"origin": [
								-2.4,
								0,
								1.35
							],
							"size": [
								1.5,
								0.3,
								1
							],
							"pivot": [
								1.9,
								0,
								5.6
							],
							"rotation": [
								0,
								-45,
								0
							],
							"uv": {
								"north": {
									"uv": [
										49,
										2
									],
									"uv_size": [
										1.5,
										0.5
									]
								},
								"east": {
									"uv": [
										4,
										52
									],
									"uv_size": [
										1,
										0.5
									]
								},
								"south": {
									"uv": [
										11,
										49
									],
									"uv_size": [
										1.5,
										0.5
									]
								},
								"west": {
									"uv": [
										52,
										4
									],
									"uv_size": [
										1,
										0.5
									]
								},
								"up": {
									"uv": [
										39,
										42
									],
									"uv_size": [
										1.5,
										1
									]
								},
								"down": {
									"uv": [
										42,
										43
									],
									"uv_size": [
										1.5,
										-1
									]
								}
							}
						},
						{
							"origin": [
								1.9,
								0,
								-1.45
							],
							"size": [
								1.5,
								0.3,
								1
							],
							"pivot": [
								1.9,
								0,
								5.6
							],
							"rotation": [
								0,
								45,
								0
							],
							"uv": {
								"north": {
									"uv": [
										49,
										13
									],
									"uv_size": [
										1.5,
										0.5
									]
								},
								"east": {
									"uv": [
										6,
										52
									],
									"uv_size": [
										1,
										0.5
									]
								},
								"south": {
									"uv": [
										14,
										49
									],
									"uv_size": [
										1.5,
										0.5
									]
								},
								"west": {
									"uv": [
										52,
										6
									],
									"uv_size": [
										1,
										0.5
									]
								},
								"up": {
									"uv": [
										43,
										3
									],
									"uv_size": [
										1.5,
										1
									]
								},
								"down": {
									"uv": [
										23,
										44
									],
									"uv_size": [
										1.5,
										-1
									]
								}
							}
						},
						{
							"origin": [
								3.3,
								0,
								3.15
							],
							"size": [
								1.5,
								0.3,
								1
							],
							"pivot": [
								1.9,
								0,
								5.6
							],
							"rotation": [
								0,
								45,
								0
							],
							"uv": {
								"north": {
									"uv": [
										49,
										15
									],
									"uv_size": [
										1.5,
										0.5
									]
								},
								"east": {
									"uv": [
										8,
										52
									],
									"uv_size": [
										1,
										0.5
									]
								},
								"south": {
									"uv": [
										17,
										49
									],
									"uv_size": [
										1.5,
										0.5
									]
								},
								"west": {
									"uv": [
										52,
										8
									],
									"uv_size": [
										1,
										0.5
									]
								},
								"up": {
									"uv": [
										43,
										24
									],
									"uv_size": [
										1.5,
										1
									]
								},
								"down": {
									"uv": [
										26,
										44
									],
									"uv_size": [
										1.5,
										-1
									]
								}
							}
						},
						{
							"origin": [
								-3.8,
								0,
								6
							],
							"size": [
								1.5,
								0.3,
								1
							],
							"pivot": [
								1.9,
								0,
								5.6
							],
							"rotation": [
								0,
								-45,
								0
							],
							"uv": {
								"north": {
									"uv": [
										49,
										17
									],
									"uv_size": [
										1.5,
										0.5
									]
								},
								"east": {
									"uv": [
										52,
										12
									],
									"uv_size": [
										1,
										0.5
									]
								},
								"south": {
									"uv": [
										49,
										19
									],
									"uv_size": [
										1.5,
										0.5
									]
								},
								"west": {
									"uv": [
										52,
										14
									],
									"uv_size": [
										1,
										0.5
									]
								},
								"up": {
									"uv": [
										43,
										26
									],
									"uv_size": [
										1.5,
										1
									]
								},
								"down": {
									"uv": [
										43,
										29
									],
									"uv_size": [
										1.5,
										-1
									]
								}
							}
						},
						{
							"origin": [
								-3.1,
								0,
								0.6
							],
							"size": [
								1,
								0.3,
								2
							],
							"uv": {
								"north": {
									"uv": [
										52,
										16
									],
									"uv_size": [
										1,
										0.5
									]
								},
								"east": {
									"uv": [
										47,
										0
									],
									"uv_size": [
										2,
										0.5
									]
								},
								"south": {
									"uv": [
										52,
										18
									],
									"uv_size": [
										1,
										0.5
									]
								},
								"west": {
									"uv": [
										11,
										47
									],
									"uv_size": [
										2,
										0.5
									]
								},
								"up": {
									"uv": [
										25,
										40
									],
									"uv_size": [
										1,
										2
									]
								},
								"down": {
									"uv": [
										27,
										42
									],
									"uv_size": [
										1,
										-2
									]
								}
							}
						},
						{
							"origin": [
								-0.6,
								0,
								1.3
							],
							"size": [
								1,
								1.6,
								1
							],
							"uv": {
								"north": {
									"uv": [
										53,
										55
									],
									"uv_size": [
										4,
										3.6
									]
								},
								"east": {
									"uv": [
										53,
										55
									],
									"uv_size": [
										4,
										3.6
									]
								},
								"south": {
									"uv": [
										53,
										55
									],
									"uv_size": [
										4,
										3.6
									]
								},
								"west": {
									"uv": [
										53,
										55
									],
									"uv_size": [
										4,
										3.6
									]
								},
								"up": {
									"uv": [
										57,
										58
									],
									"uv_size": [
										-4,
										-3
									]
								},
								"down": {
									"uv": [
										57,
										58
									],
									"uv_size": [
										-4,
										-3
									]
								}
							}
						},
						{
							"origin": [
								-0.6,
								2.7,
								3
							],
							"size": [
								1,
								3.8,
								1
							],
							"uv": {
								"north": {
									"uv": [
										55,
										59
									],
									"uv_size": [
										7,
										4.8
									]
								},
								"east": {
									"uv": [
										55,
										59
									],
									"uv_size": [
										7,
										4.8
									]
								},
								"south": {
									"uv": [
										55,
										59
									],
									"uv_size": [
										7,
										4.8
									]
								},
								"west": {
									"uv": [
										55,
										59
									],
									"uv_size": [
										7,
										4.8
									]
								},
								"up": {
									"uv": [
										62,
										61
									],
									"uv_size": [
										-7,
										-2
									]
								},
								"down": {
									"uv": [
										62,
										61
									],
									"uv_size": [
										-7,
										-2
									]
								}
							}
						},
						{
							"origin": [
								-0.6,
								2,
								-0.3
							],
							"size": [
								1,
								2.8,
								1
							],
							"pivot": [
								0,
								0,
								0
							],
							"rotation": [
								-47.5,
								0,
								0
							],
							"uv": {
								"north": {
									"uv": [
										58,
										59
									],
									"uv_size": [
										4,
										4.8
									]
								},
								"east": {
									"uv": [
										58,
										59
									],
									"uv_size": [
										4,
										4.8
									]
								},
								"south": {
									"uv": [
										58,
										59
									],
									"uv_size": [
										4,
										4.8
									]
								},
								"west": {
									"uv": [
										58,
										59
									],
									"uv_size": [
										4,
										4.8
									]
								},
								"up": {
									"uv": [
										62,
										62
									],
									"uv_size": [
										-4,
										-3
									]
								},
								"down": {
									"uv": [
										62,
										62
									],
									"uv_size": [
										-4,
										-3
									]
								}
							}
						},
						{
							"origin": [
								-0.6,
								1.4,
								6.5
							],
							"size": [
								1,
								2.1,
								1
							],
							"pivot": [
								0,
								0,
								0
							],
							"rotation": [
								47.5,
								0,
								0
							],
							"uv": {
								"north": {
									"uv": [
										57,
										58
									],
									"uv_size": [
										5,
										4.1
									]
								},
								"east": {
									"uv": [
										57,
										58
									],
									"uv_size": [
										5,
										4.1
									]
								},
								"south": {
									"uv": [
										57,
										58
									],
									"uv_size": [
										5,
										4.1
									]
								},
								"west": {
									"uv": [
										57,
										58
									],
									"uv_size": [
										5,
										4.1
									]
								},
								"up": {
									"uv": [
										62,
										61
									],
									"uv_size": [
										-5,
										-3
									]
								},
								"down": {
									"uv": [
										62,
										61
									],
									"uv_size": [
										-5,
										-3
									]
								}
							}
						}
					]
				}
			]
		}
	]
}