{
	"format_version": "1.12.0",
	"minecraft:geometry": [
		{
			"description": {
				"identifier": "geometry.playbutton",
				"texture_width": 64,
				"texture_height": 64,
				"visible_bounds_width": 2,
				"visible_bounds_height": 2.5,
				"visible_bounds_offset": [
					0,
					0.75,
					0
				]
			},
			"bones": [
				{
					"name": "bb_main",
					"pivot": [
						0,
						0,
						0
					],
					"cubes": [
						{
							"origin": [
								-5.4,
								0.9,
								7
							],
							"size": [
								11,
								14,
								0.9
							],
							"uv": {
								"north": {
									"uv": [
										0,
										0
									],
									"uv_size": [
										11,
										14
									]
								},
								"east": {
									"uv": [
										22,
										0
									],
									"uv_size": [
										1,
										14
									]
								},
								"south": {
									"uv": [
										11,
										0
									],
									"uv_size": [
										11,
										14
									]
								},
								"west": {
									"uv": [
										22,
										14
									],
									"uv_size": [
										1,
										14
									]
								},
								"up": {
									"uv": [
										23,
										0
									],
									"uv_size": [
										11,
										1
									]
								},
								"down": {
									"uv": [
										23,
										2
									],
									"uv_size": [
										11,
										-1
									]
								}
							}
						},
						{
							"origin": [
								-5.4,
								11.9,
								6.9
							],
							"size": [
								11,
								3,
								0.1
							],
							"uv": {
								"north": {
									"uv": [
										0,
										21
									],
									"uv_size": [
										11,
										3
									]
								},
								"east": {
									"uv": [
										13,
										24
									],
									"uv_size": [
										0.25,
										3
									]
								},
								"south": {
									"uv": [
										11,
										21
									],
									"uv_size": [
										11,
										3
									]
								},
								"west": {
									"uv": [
										14,
										24
									],
									"uv_size": [
										0.25,
										3
									]
								},
								"up": {
									"uv": [
										23,
										18
									],
									"uv_size": [
										11,
										0.25
									]
								},
								"down": {
									"uv": [
										23,
										19.25
									],
									"uv_size": [
										11,
										-0.25
									]
								}
							}
						},
						{
							"origin": [
								-5.4,
								0.9,
								6.9
							],
							"size": [
								11,
								7,
								0.1
							],
							"uv": {
								"north": {
									"uv": [
										0,
										14
									],
									"uv_size": [
										11,
										7
									]
								},
								"east": {
									"uv": [
										23,
										22
									],
									"uv_size": [
										0.25,
										7
									]
								},
								"south": {
									"uv": [
										11,
										14
									],
									"uv_size": [
										11,
										7
									]
								},
								"west": {
									"uv": [
										0,
										24
									],
									"uv_size": [
										0.25,
										7
									]
								},
								"up": {
									"uv": [
										23,
										20
									],
									"uv_size": [
										11,
										0.25
									]
								},
								"down": {
									"uv": [
										23,
										21.25
									],
									"uv_size": [
										11,
										-0.25
									]
								}
							}
						},
						{
							"origin": [
								3.6,
								7.9,
								6.9
							],
							"size": [
								2,
								4,
								0.1
							],
							"uv": {
								"north": {
									"uv": [
										23,
										2
									],
									"uv_size": [
										2,
										4
									]
								},
								"east": {
									"uv": [
										5,
										24
									],
									"uv_size": [
										0.25,
										4
									]
								},
								"south": {
									"uv": [
										23,
										6
									],
									"uv_size": [
										2,
										4
									]
								},
								"west": {
									"uv": [
										6,
										24
									],
									"uv_size": [
										0.25,
										4
									]
								},
								"up": {
									"uv": [
										25,
										5
									],
									"uv_size": [
										2,
										0.25
									]
								},
								"down": {
									"uv": [
										25,
										6.25
									],
									"uv_size": [
										2,
										-0.25
									]
								}
							}
						},
						{
							"origin": [
								3.3,
								7.9,
								6.9
							],
							"size": [
								0.3,
								0.3,
								0.1
							],
							"uv": {
								"north": {
									"uv": [
										27,
										14
									],
									"uv_size": [
										0.25,
										0.25
									]
								},
								"east": {
									"uv": [
										15,
										27
									],
									"uv_size": [
										0.25,
										0.25
									]
								},
								"south": {
									"uv": [
										27,
										15
									],
									"uv_size": [
										0.25,
										0.25
									]
								},
								"west": {
									"uv": [
										16,
										27
									],
									"uv_size": [
										0.25,
										0.25
									]
								},
								"up": {
									"uv": [
										27,
										16
									],
									"uv_size": [
										0.25,
										0.25
									]
								},
								"down": {
									"uv": [
										17,
										27.25
									],
									"uv_size": [
										0.25,
										-0.25
									]
								}
							}
						},
						{
							"origin": [
								3.3,
								11.6,
								6.9
							],
							"size": [
								0.3,
								0.3,
								0.1
							],
							"uv": {
								"north": {
									"uv": [
										27,
										17
									],
									"uv_size": [
										0.25,
										0.25
									]
								},
								"east": {
									"uv": [
										18,
										27
									],
									"uv_size": [
										0.25,
										0.25
									]
								},
								"south": {
									"uv": [
										19,
										27
									],
									"uv_size": [
										0.25,
										0.25
									]
								},
								"west": {
									"uv": [
										20,
										27
									],
									"uv_size": [
										0.25,
										0.25
									]
								},
								"up": {
									"uv": [
										21,
										27
									],
									"uv_size": [
										0.25,
										0.25
									]
								},
								"down": {
									"uv": [
										27,
										22.25
									],
									"uv_size": [
										0.25,
										-0.25
									]
								}
							}
						},
						{
							"origin": [
								-3.4,
								11.6,
								6.9
							],
							"size": [
								0.3,
								0.3,
								0.1
							],
							"uv": {
								"north": {
									"uv": [
										27,
										23
									],
									"uv_size": [
										0.25,
										0.25
									]
								},
								"east": {
									"uv": [
										24,
										27
									],
									"uv_size": [
										0.25,
										0.25
									]
								},
								"south": {
									"uv": [
										27,
										24
									],
									"uv_size": [
										0.25,
										0.25
									]
								},
								"west": {
									"uv": [
										25,
										27
									],
									"uv_size": [
										0.25,
										0.25
									]
								},
								"up": {
									"uv": [
										27,
										25
									],
									"uv_size": [
										0.25,
										0.25
									]
								},
								"down": {
									"uv": [
										26,
										27.25
									],
									"uv_size": [
										0.25,
										-0.25
									]
								}
							}
						},
						{
							"origin": [
								-3.4,
								7.9,
								6.9
							],
							"size": [
								0.3,
								0.3,
								0.1
							],
							"uv": {
								"north": {
									"uv": [
										27,
										26
									],
									"uv_size": [
										0.25,
										0.25
									]
								},
								"east": {
									"uv": [
										27,
										27
									],
									"uv_size": [
										0.25,
										0.25
									]
								},
								"south": {
									"uv": [
										1,
										28
									],
									"uv_size": [
										0.25,
										0.25
									]
								},
								"west": {
									"uv": [
										2,
										28
									],
									"uv_size": [
										0.25,
										0.25
									]
								},
								"up": {
									"uv": [
										28,
										2
									],
									"uv_size": [
										0.25,
										0.25
									]
								},
								"down": {
									"uv": [
										3,
										28.25
									],
									"uv_size": [
										0.25,
										-0.25
									]
								}
							}
						},
						{
							"origin": [
								-3.6,
								8.1,
								6.9
							],
							"size": [
								0.3,
								0.3,
								0.1
							],
							"uv": {
								"north": {
									"uv": [
										28,
										3
									],
									"uv_size": [
										0.25,
										0.25
									]
								},
								"east": {
									"uv": [
										4,
										28
									],
									"uv_size": [
										0.25,
										0.25
									]
								},
								"south": {
									"uv": [
										28,
										4
									],
									"uv_size": [
										0.25,
										0.25
									]
								},
								"west": {
									"uv": [
										5,
										28
									],
									"uv_size": [
										0.25,
										0.25
									]
								},
								"up": {
									"uv": [
										28,
										5
									],
									"uv_size": [
										0.25,
										0.25
									]
								},
								"down": {
									"uv": [
										6,
										28.25
									],
									"uv_size": [
										0.25,
										-0.25
									]
								}
							}
						},
						{
							"origin": [
								3.5,
								8.2,
								6.9
							],
							"size": [
								0.3,
								0.2,
								0.1
							],
							"uv": {
								"north": {
									"uv": [
										28,
										6
									],
									"uv_size": [
										0.25,
										0.25
									]
								},
								"east": {
									"uv": [
										7,
										28
									],
									"uv_size": [
										0.25,
										0.25
									]
								},
								"south": {
									"uv": [
										28,
										7
									],
									"uv_size": [
										0.25,
										0.25
									]
								},
								"west": {
									"uv": [
										8,
										28
									],
									"uv_size": [
										0.25,
										0.25
									]
								},
								"up": {
									"uv": [
										28,
										8
									],
									"uv_size": [
										0.25,
										0.25
									]
								},
								"down": {
									"uv": [
										9,
										28.25
									],
									"uv_size": [
										0.25,
										-0.25
									]
								}
							}
						},
						{
							"origin": [
								3.5,
								11.4,
								6.9
							],
							"size": [
								0.3,
								0.3,
								0.1
							],
							"uv": {
								"north": {
									"uv": [
										28,
										9
									],
									"uv_size": [
										0.25,
										0.25
									]
								},
								"east": {
									"uv": [
										10,
										28
									],
									"uv_size": [
										0.25,
										0.25
									]
								},
								"south": {
									"uv": [
										28,
										10
									],
									"uv_size": [
										0.25,
										0.25
									]
								},
								"west": {
									"uv": [
										11,
										28
									],
									"uv_size": [
										0.25,
										0.25
									]
								},
								"up": {
									"uv": [
										28,
										11
									],
									"uv_size": [
										0.25,
										0.25
									]
								},
								"down": {
									"uv": [
										12,
										28.25
									],
									"uv_size": [
										0.25,
										-0.25
									]
								}
							}
						},
						{
							"origin": [
								-3.6,
								11.4,
								6.9
							],
							"size": [
								0.3,
								0.2,
								0.1
							],
							"uv": {
								"north": {
									"uv": [
										28,
										12
									],
									"uv_size": [
										0.25,
										0.25
									]
								},
								"east": {
									"uv": [
										13,
										28
									],
									"uv_size": [
										0.25,
										0.25
									]
								},
								"south": {
									"uv": [
										28,
										13
									],
									"uv_size": [
										0.25,
										0.25
									]
								},
								"west": {
									"uv": [
										14,
										28
									],
									"uv_size": [
										0.25,
										0.25
									]
								},
								"up": {
									"uv": [
										28,
										14
									],
									"uv_size": [
										0.25,
										0.25
									]
								},
								"down": {
									"uv": [
										15,
										28.25
									],
									"uv_size": [
										0.25,
										-0.25
									]
								}
							}
						},
						{
							"origin": [
								-3.2,
								7.7,
								6.9
							],
							"size": [
								0.3,
								0.3,
								0.1
							],
							"uv": {
								"north": {
									"uv": [
										28,
										15
									],
									"uv_size": [
										0.25,
										0.25
									]
								},
								"east": {
									"uv": [
										16,
										28
									],
									"uv_size": [
										0.25,
										0.25
									]
								},
								"south": {
									"uv": [
										28,
										16
									],
									"uv_size": [
										0.25,
										0.25
									]
								},
								"west": {
									"uv": [
										17,
										28
									],
									"uv_size": [
										0.25,
										0.25
									]
								},
								"up": {
									"uv": [
										28,
										17
									],
									"uv_size": [
										0.25,
										0.25
									]
								},
								"down": {
									"uv": [
										18,
										28.25
									],
									"uv_size": [
										0.25,
										-0.25
									]
								}
							}
						},
						{
							"origin": [
								3,
								7.9,
								6.9
							],
							"size": [
								0.3,
								0.1,
								0.1
							],
							"uv": {
								"north": {
									"uv": [
										19,
										28
									],
									"uv_size": [
										0.25,
										0.25
									]
								},
								"east": {
									"uv": [
										20,
										28
									],
									"uv_size": [
										0.25,
										0.25
									]
								},
								"south": {
									"uv": [
										21,
										28
									],
									"uv_size": [
										0.25,
										0.25
									]
								},
								"west": {
									"uv": [
										22,
										28
									],
									"uv_size": [
										0.25,
										0.25
									]
								},
								"up": {
									"uv": [
										28,
										22
									],
									"uv_size": [
										0.25,
										0.25
									]
								},
								"down": {
									"uv": [
										28,
										23.25
									],
									"uv_size": [
										0.25,
										-0.25
									]
								}
							}
						},
						{
							"origin": [
								3,
								11.8,
								6.9
							],
							"size": [
								0.3,
								0.3,
								0.1
							],
							"uv": {
								"north": {
									"uv": [
										24,
										28
									],
									"uv_size": [
										0.25,
										0.25
									]
								},
								"east": {
									"uv": [
										28,
										24
									],
									"uv_size": [
										0.25,
										0.25
									]
								},
								"south": {
									"uv": [
										25,
										28
									],
									"uv_size": [
										0.25,
										0.25
									]
								},
								"west": {
									"uv": [
										28,
										25
									],
									"uv_size": [
										0.25,
										0.25
									]
								},
								"up": {
									"uv": [
										26,
										28
									],
									"uv_size": [
										0.25,
										0.25
									]
								},
								"down": {
									"uv": [
										28,
										26.25
									],
									"uv_size": [
										0.25,
										-0.25
									]
								}
							}
						},
						{
							"origin": [
								-3.1,
								11.8,
								6.9
							],
							"size": [
								0.2,
								0.3,
								0.1
							],
							"uv": {
								"north": {
									"uv": [
										27,
										28
									],
									"uv_size": [
										0.25,
										0.25
									]
								},
								"east": {
									"uv": [
										28,
										27
									],
									"uv_size": [
										0.25,
										0.25
									]
								},
								"south": {
									"uv": [
										28,
										28
									],
									"uv_size": [
										0.25,
										0.25
									]
								},
								"west": {
									"uv": [
										1,
										29
									],
									"uv_size": [
										0.25,
										0.25
									]
								},
								"up": {
									"uv": [
										2,
										29
									],
									"uv_size": [
										0.25,
										0.25
									]
								},
								"down": {
									"uv": [
										29,
										2.25
									],
									"uv_size": [
										0.25,
										-0.25
									]
								}
							}
						},
						{
							"origin": [
								-5.4,
								7.9,
								6.9
							],
							"size": [
								2,
								4,
								0.1
							],
							"uv": {
								"north": {
									"uv": [
										23,
										10
									],
									"uv_size": [
										2,
										4
									]
								},
								"east": {
									"uv": [
										7,
										24
									],
									"uv_size": [
										0.25,
										4
									]
								},
								"south": {
									"uv": [
										23,
										14
									],
									"uv_size": [
										2,
										4
									]
								},
								"west": {
									"uv": [
										8,
										24
									],
									"uv_size": [
										0.25,
										4
									]
								},
								"up": {
									"uv": [
										25,
										7
									],
									"uv_size": [
										2,
										0.25
									]
								},
								"down": {
									"uv": [
										25,
										8.25
									],
									"uv_size": [
										2,
										-0.25
									]
								}
							}
						},
						{
							"origin": [
								-0.7,
								8.7,
								6.9
							],
							"size": [
								0.2,
								2.4,
								0.5
							],
							"uv": {
								"north": {
									"uv": [
										19,
										24
									],
									"uv_size": [
										0.25,
										2.5
									]
								},
								"east": {
									"uv": [
										1,
										24
									],
									"uv_size": [
										0.5,
										2.5
									]
								},
								"south": {
									"uv": [
										20,
										24
									],
									"uv_size": [
										0.25,
										2.5
									]
								},
								"west": {
									"uv": [
										2,
										24
									],
									"uv_size": [
										0.5,
										2.5
									]
								},
								"up": {
									"uv": [
										26,
										16
									],
									"uv_size": [
										0.25,
										0.5
									]
								},
								"down": {
									"uv": [
										17,
										26.5
									],
									"uv_size": [
										0.25,
										-0.5
									]
								}
							}
						},
						{
							"origin": [
								-0.6,
								8.8,
								6.9
							],
							"size": [
								0.3,
								2.2,
								0.5
							],
							"uv": {
								"north": {
									"uv": [
										24,
										24
									],
									"uv_size": [
										0.25,
										2.25
									]
								},
								"east": {
									"uv": [
										3,
										24
									],
									"uv_size": [
										0.5,
										2.25
									]
								},
								"south": {
									"uv": [
										25,
										2
									],
									"uv_size": [
										0.25,
										2.25
									]
								},
								"west": {
									"uv": [
										4,
										24
									],
									"uv_size": [
										0.5,
										2.25
									]
								},
								"up": {
									"uv": [
										26,
										17
									],
									"uv_size": [
										0.25,
										0.5
									]
								},
								"down": {
									"uv": [
										18,
										26.5
									],
									"uv_size": [
										0.25,
										-0.5
									]
								}
							}
						},
						{
							"origin": [
								-0.4,
								8.9,
								6.9
							],
							"size": [
								0.3,
								2,
								0.5
							],
							"uv": {
								"north": {
									"uv": [
										25,
										9
									],
									"uv_size": [
										0.25,
										2
									]
								},
								"east": {
									"uv": [
										9,
										24
									],
									"uv_size": [
										0.5,
										2
									]
								},
								"south": {
									"uv": [
										25,
										11
									],
									"uv_size": [
										0.25,
										2
									]
								},
								"west": {
									"uv": [
										10,
										24
									],
									"uv_size": [
										0.5,
										2
									]
								},
								"up": {
									"uv": [
										21,
										26
									],
									"uv_size": [
										0.25,
										0.5
									]
								},
								"down": {
									"uv": [
										26,
										22.5
									],
									"uv_size": [
										0.25,
										-0.5
									]
								}
							}
						},
						{
							"origin": [
								-0.2,
								9,
								6.9
							],
							"size": [
								0.3,
								1.8,
								0.5
							],
							"uv": {
								"north": {
									"uv": [
										25,
										15
									],
									"uv_size": [
										0.25,
										1.75
									]
								},
								"east": {
									"uv": [
										11,
										24
									],
									"uv_size": [
										0.5,
										1.75
									]
								},
								"south": {
									"uv": [
										25,
										22
									],
									"uv_size": [
										0.25,
										1.75
									]
								},
								"west": {
									"uv": [
										12,
										24
									],
									"uv_size": [
										0.5,
										1.75
									]
								},
								"up": {
									"uv": [
										26,
										23
									],
									"uv_size": [
										0.25,
										0.5
									]
								},
								"down": {
									"uv": [
										26,
										24.5
									],
									"uv_size": [
										0.25,
										-0.5
									]
								}
							}
						},
						{
							"origin": [
								0,
								9.1,
								6.9
							],
							"size": [
								0.3,
								1.6,
								0.5
							],
							"uv": {
								"north": {
									"uv": [
										25,
										24
									],
									"uv_size": [
										0.25,
										1.5
									]
								},
								"east": {
									"uv": [
										15,
										24
									],
									"uv_size": [
										0.5,
										1.5
									]
								},
								"south": {
									"uv": [
										26,
										2
									],
									"uv_size": [
										0.25,
										1.5
									]
								},
								"west": {
									"uv": [
										16,
										24
									],
									"uv_size": [
										0.5,
										1.5
									]
								},
								"up": {
									"uv": [
										25,
										26
									],
									"uv_size": [
										0.25,
										0.5
									]
								},
								"down": {
									"uv": [
										26,
										25.5
									],
									"uv_size": [
										0.25,
										-0.5
									]
								}
							}
						},
						{
							"origin": [
								0.2,
								9.2,
								6.9
							],
							"size": [
								0.3,
								1.4,
								0.5
							],
							"uv": {
								"north": {
									"uv": [
										9,
										26
									],
									"uv_size": [
										0.25,
										1.5
									]
								},
								"east": {
									"uv": [
										17,
										24
									],
									"uv_size": [
										0.5,
										1.5
									]
								},
								"south": {
									"uv": [
										26,
										9
									],
									"uv_size": [
										0.25,
										1.5
									]
								},
								"west": {
									"uv": [
										18,
										24
									],
									"uv_size": [
										0.5,
										1.5
									]
								},
								"up": {
									"uv": [
										26,
										26
									],
									"uv_size": [
										0.25,
										0.5
									]
								},
								"down": {
									"uv": [
										1,
										27.5
									],
									"uv_size": [
										0.25,
										-0.5
									]
								}
							}
						},
						{
							"origin": [
								0.4,
								9.3,
								6.9
							],
							"size": [
								0.3,
								1.2,
								0.5
							],
							"uv": {
								"north": {
									"uv": [
										10,
										26
									],
									"uv_size": [
										0.25,
										1.25
									]
								},
								"east": {
									"uv": [
										21,
										24
									],
									"uv_size": [
										0.5,
										1.25
									]
								},
								"south": {
									"uv": [
										11,
										26
									],
									"uv_size": [
										0.25,
										1.25
									]
								},
								"west": {
									"uv": [
										24,
										22
									],
									"uv_size": [
										0.5,
										1.25
									]
								},
								"up": {
									"uv": [
										2,
										27
									],
									"uv_size": [
										0.25,
										0.5
									]
								},
								"down": {
									"uv": [
										27,
										2.5
									],
									"uv_size": [
										0.25,
										-0.5
									]
								}
							}
						},
						{
							"origin": [
								0.6,
								9.4,
								6.9
							],
							"size": [
								0.3,
								1,
								0.5
							],
							"uv": {
								"north": {
									"uv": [
										26,
										11
									],
									"uv_size": [
										0.25,
										1
									]
								},
								"east": {
									"uv": [
										25,
										13
									],
									"uv_size": [
										0.5,
										1
									]
								},
								"south": {
									"uv": [
										12,
										26
									],
									"uv_size": [
										0.25,
										1
									]
								},
								"west": {
									"uv": [
										25,
										14
									],
									"uv_size": [
										0.5,
										1
									]
								},
								"up": {
									"uv": [
										3,
										27
									],
									"uv_size": [
										0.25,
										0.5
									]
								},
								"down": {
									"uv": [
										27,
										3.5
									],
									"uv_size": [
										0.25,
										-0.5
									]
								}
							}
						},
						{
							"origin": [
								0.8,
								9.5,
								6.9
							],
							"size": [
								0.3,
								0.8,
								0.5
							],
							"uv": {
								"north": {
									"uv": [
										26,
										15
									],
									"uv_size": [
										0.25,
										0.75
									]
								},
								"east": {
									"uv": [
										25,
										17
									],
									"uv_size": [
										0.5,
										0.75
									]
								},
								"south": {
									"uv": [
										16,
										26
									],
									"uv_size": [
										0.25,
										0.75
									]
								},
								"west": {
									"uv": [
										26,
										4
									],
									"uv_size": [
										0.5,
										0.75
									]
								},
								"up": {
									"uv": [
										4,
										27
									],
									"uv_size": [
										0.25,
										0.5
									]
								},
								"down": {
									"uv": [
										27,
										4.5
									],
									"uv_size": [
										0.25,
										-0.5
									]
								}
							}
						},
						{
							"origin": [
								1,
								9.6,
								6.9
							],
							"size": [
								0.3,
								0.6,
								0.5
							],
							"uv": {
								"north": {
									"uv": [
										27,
										5
									],
									"uv_size": [
										0.25,
										0.5
									]
								},
								"east": {
									"uv": [
										26,
										12
									],
									"uv_size": [
										0.5,
										0.5
									]
								},
								"south": {
									"uv": [
										27,
										6
									],
									"uv_size": [
										0.25,
										0.5
									]
								},
								"west": {
									"uv": [
										26,
										13
									],
									"uv_size": [
										0.5,
										0.5
									]
								},
								"up": {
									"uv": [
										27,
										7
									],
									"uv_size": [
										0.25,
										0.5
									]
								},
								"down": {
									"uv": [
										27,
										8.5
									],
									"uv_size": [
										0.25,
										-0.5
									]
								}
							}
						},
						{
							"origin": [
								1.2,
								9.7,
								6.9
							],
							"size": [
								0.3,
								0.4,
								0.5
							],
							"uv": {
								"north": {
									"uv": [
										27,
										9
									],
									"uv_size": [
										0.25,
										0.5
									]
								},
								"east": {
									"uv": [
										26,
										14
									],
									"uv_size": [
										0.5,
										0.5
									]
								},
								"south": {
									"uv": [
										27,
										10
									],
									"uv_size": [
										0.25,
										0.5
									]
								},
								"west": {
									"uv": [
										15,
										26
									],
									"uv_size": [
										0.5,
										0.5
									]
								},
								"up": {
									"uv": [
										27,
										11
									],
									"uv_size": [
										0.25,
										0.5
									]
								},
								"down": {
									"uv": [
										12,
										27.5
									],
									"uv_size": [
										0.25,
										-0.5
									]
								}
							}
						},
						{
							"origin": [
								1.4,
								9.8,
								6.9
							],
							"size": [
								0.3,
								0.2,
								0.5
							],
							"uv": {
								"north": {
									"uv": [
										3,
										29
									],
									"uv_size": [
										0.25,
										0.25
									]
								},
								"east": {
									"uv": [
										27,
										12
									],
									"uv_size": [
										0.5,
										0.25
									]
								},
								"south": {
									"uv": [
										29,
										3
									],
									"uv_size": [
										0.25,
										0.25
									]
								},
								"west": {
									"uv": [
										13,
										27
									],
									"uv_size": [
										0.5,
										0.25
									]
								},
								"up": {
									"uv": [
										27,
										13
									],
									"uv_size": [
										0.25,
										0.5
									]
								},
								"down": {
									"uv": [
										14,
										27.5
									],
									"uv_size": [
										0.25,
										-0.5
									]
								}
							}
						}
					]
				}
			]
		}
	]
}