{
	"format_version": "1.12.0",
	"minecraft:geometry": [
		{
			"description": {
				"identifier": "geometry.ps5_box",
				"texture_width": 64,
				"texture_height": 64,
				"visible_bounds_width": 2,
				"visible_bounds_height": 2.5,
				"visible_bounds_offset": [
					0,
					0.75,
					0
				]
			},
			"bones": [
				{
					"name": "bb_main",
					"pivot": [
						0.5,
						0,
						0
					],
					"cubes": [
						{
							"origin": [
								-0.6,
								0,
								-5
							],
							"size": [
								0.1,
								5,
								7
							],
							"uv": {
								"north": {
									"uv": [
										31,
										11
									],
									"uv_size": [
										1,
										5
									]
								},
								"east": {
									"uv": [
										0,
										9
									],
									"uv_size": [
										7,
										5
									]
								},
								"south": {
									"uv": [
										31,
										31
									],
									"uv_size": [
										1,
										5
									]
								},
								"west": {
									"uv": [
										8,
										9
									],
									"uv_size": [
										7,
										5
									]
								},
								"up": {
									"uv": [
										0,
										25
									],
									"uv_size": [
										1,
										7
									]
								},
								"down": {
									"uv": [
										2,
										32
									],
									"uv_size": [
										1,
										-7
									]
								}
							}
						},
						{
							"origin": [
								-0.35,
								4.98,
								-5
							],
							"size": [
								0.1,
								5.05,
								7
							],
							"pivot": [
								0.5,
								0,
								0
							],
							"rotation": [
								0,
								0,
								-3
							],
							"uv": {
								"north": {
									"uv": [
										32,
										17
									],
									"uv_size": [
										1,
										5
									]
								},
								"east": {
									"uv": [
										14,
										0
									],
									"uv_size": [
										7,
										5
									]
								},
								"south": {
									"uv": [
										27,
										32
									],
									"uv_size": [
										1,
										5
									]
								},
								"west": {
									"uv": [
										0,
										15
									],
									"uv_size": [
										7,
										5
									]
								},
								"up": {
									"uv": [
										4,
										25
									],
									"uv_size": [
										1,
										7
									]
								},
								"down": {
									"uv": [
										6,
										32
									],
									"uv_size": [
										1,
										-7
									]
								}
							}
						},
						{
							"origin": [
								0.5,
								0,
								-5
							],
							"size": [
								0.1,
								5,
								7
							],
							"uv": {
								"north": {
									"uv": [
										0,
										33
									],
									"uv_size": [
										1,
										5
									]
								},
								"east": {
									"uv": [
										8,
										15
									],
									"uv_size": [
										7,
										5
									]
								},
								"south": {
									"uv": [
										2,
										33
									],
									"uv_size": [
										1,
										5
									]
								},
								"west": {
									"uv": [
										16,
										6
									],
									"uv_size": [
										7,
										5
									]
								},
								"up": {
									"uv": [
										8,
										25
									],
									"uv_size": [
										1,
										7
									]
								},
								"down": {
									"uv": [
										10,
										32
									],
									"uv_size": [
										1,
										-7
									]
								}
							}
						},
						{
							"origin": [
								0.25,
								4.89,
								-5
							],
							"size": [
								0.1,
								5,
								7
							],
							"pivot": [
								2.5,
								0,
								0
							],
							"rotation": [
								0,
								0,
								3
							],
							"uv": {
								"north": {
									"uv": [
										4,
										33
									],
									"uv_size": [
										1,
										5
									]
								},
								"east": {
									"uv": [
										16,
										12
									],
									"uv_size": [
										7,
										5
									]
								},
								"south": {
									"uv": [
										33,
										4
									],
									"uv_size": [
										1,
										5
									]
								},
								"west": {
									"uv": [
										16,
										18
									],
									"uv_size": [
										7,
										5
									]
								},
								"up": {
									"uv": [
										12,
										25
									],
									"uv_size": [
										1,
										7
									]
								},
								"down": {
									"uv": [
										26,
										24
									],
									"uv_size": [
										1,
										-7
									]
								}
							}
						},
						{
							"origin": [
								-0.5,
								0,
								-4.5
							],
							"size": [
								1,
								8,
								6.3
							],
							"uv": {
								"north": {
									"uv": [
										24,
										17
									],
									"uv_size": [
										1,
										8
									]
								},
								"east": {
									"uv": [
										0,
										0
									],
									"uv_size": [
										6,
										8
									]
								},
								"south": {
									"uv": [
										21,
										24
									],
									"uv_size": [
										1,
										8
									]
								},
								"west": {
									"uv": [
										7,
										0
									],
									"uv_size": [
										6,
										8
									]
								},
								"up": {
									"uv": [
										23,
										26
									],
									"uv_size": [
										1,
										6
									]
								},
								"down": {
									"uv": [
										25,
										32
									],
									"uv_size": [
										1,
										-6
									]
								}
							}
						},
						{
							"origin": [
								-0.5,
								8,
								-3.8
							],
							"size": [
								1,
								1.5,
								5.6
							],
							"uv": {
								"north": {
									"uv": [
										33,
										35
									],
									"uv_size": [
										1,
										2
									]
								},
								"east": {
									"uv": [
										24,
										8
									],
									"uv_size": [
										6,
										2
									]
								},
								"south": {
									"uv": [
										35,
										35
									],
									"uv_size": [
										1,
										2
									]
								},
								"west": {
									"uv": [
										24,
										11
									],
									"uv_size": [
										6,
										2
									]
								},
								"up": {
									"uv": [
										14,
										27
									],
									"uv_size": [
										1,
										6
									]
								},
								"down": {
									"uv": [
										16,
										33
									],
									"uv_size": [
										1,
										-6
									]
								}
							}
						},
						{
							"origin": [
								-0.3,
								5,
								-4.5
							],
							"size": [
								0.4,
								3.1,
								6.3
							],
							"pivot": [
								0.5,
								0,
								-0.2
							],
							"rotation": [
								0,
								0,
								-3
							],
							"uv": {
								"north": {
									"uv": [
										6,
										33
									],
									"uv_size": [
										1,
										3
									]
								},
								"east": {
									"uv": [
										0,
										21
									],
									"uv_size": [
										6,
										3
									]
								},
								"south": {
									"uv": [
										8,
										33
									],
									"uv_size": [
										1,
										3
									]
								},
								"west": {
									"uv": [
										7,
										21
									],
									"uv_size": [
										6,
										3
									]
								},
								"up": {
									"uv": [
										18,
										27
									],
									"uv_size": [
										1,
										6
									]
								},
								"down": {
									"uv": [
										27,
										31
									],
									"uv_size": [
										1,
										-6
									]
								}
							}
						},
						{
							"origin": [
								-0.3,
								8,
								-3.8
							],
							"size": [
								0.4,
								1.537,
								5.6
							],
							"pivot": [
								0.5,
								0,
								-0.2
							],
							"rotation": [
								0,
								0,
								-3
							],
							"uv": {
								"north": {
									"uv": [
										36,
										0
									],
									"uv_size": [
										1,
										2
									]
								},
								"east": {
									"uv": [
										14,
										24
									],
									"uv_size": [
										6,
										2
									]
								},
								"south": {
									"uv": [
										12,
										36
									],
									"uv_size": [
										1,
										2
									]
								},
								"west": {
									"uv": [
										24,
										14
									],
									"uv_size": [
										6,
										2
									]
								},
								"up": {
									"uv": [
										28,
										17
									],
									"uv_size": [
										1,
										6
									]
								},
								"down": {
									"uv": [
										29,
										30
									],
									"uv_size": [
										1,
										-6
									]
								}
							}
						},
						{
							"origin": [
								-0.4,
								8,
								4.4
							],
							"size": [
								0.1,
								0.1,
								0.3
							],
							"pivot": [
								0.5,
								0,
								-0.2
							],
							"rotation": [
								22.5,
								0,
								-3
							],
							"uv": {
								"north": {
									"uv": [
										39,
										39
									],
									"uv_size": [
										1,
										1
									]
								},
								"east": {
									"uv": [
										40,
										0
									],
									"uv_size": [
										1,
										1
									]
								},
								"south": {
									"uv": [
										40,
										9
									],
									"uv_size": [
										1,
										1
									]
								},
								"west": {
									"uv": [
										40,
										11
									],
									"uv_size": [
										1,
										1
									]
								},
								"up": {
									"uv": [
										40,
										13
									],
									"uv_size": [
										1,
										1
									]
								},
								"down": {
									"uv": [
										14,
										41
									],
									"uv_size": [
										1,
										-1
									]
								}
							}
						},
						{
							"origin": [
								-0.4,
								8.8,
								0.98
							],
							"size": [
								0.1,
								0.1,
								0.24
							],
							"pivot": [
								0.5,
								0.1,
								0.8
							],
							"rotation": [
								0,
								0,
								-3
							],
							"uv": {
								"north": {
									"uv": [
										40,
										15
									],
									"uv_size": [
										1,
										1
									]
								},
								"east": {
									"uv": [
										16,
										40
									],
									"uv_size": [
										1,
										1
									]
								},
								"south": {
									"uv": [
										40,
										17
									],
									"uv_size": [
										1,
										1
									]
								},
								"west": {
									"uv": [
										18,
										40
									],
									"uv_size": [
										1,
										1
									]
								},
								"up": {
									"uv": [
										40,
										19
									],
									"uv_size": [
										1,
										1
									]
								},
								"down": {
									"uv": [
										40,
										22
									],
									"uv_size": [
										1,
										-1
									]
								}
							}
						},
						{
							"origin": [
								-0.4,
								8.7,
								0.9
							],
							"size": [
								0.1,
								0.1,
								0.1
							],
							"pivot": [
								0.5,
								0.1,
								0.8
							],
							"rotation": [
								0,
								0,
								-3
							],
							"uv": {
								"north": {
									"uv": [
										22,
										40
									],
									"uv_size": [
										1,
										1
									]
								},
								"east": {
									"uv": [
										40,
										23
									],
									"uv_size": [
										1,
										1
									]
								},
								"south": {
									"uv": [
										24,
										40
									],
									"uv_size": [
										1,
										1
									]
								},
								"west": {
									"uv": [
										40,
										25
									],
									"uv_size": [
										1,
										1
									]
								},
								"up": {
									"uv": [
										26,
										40
									],
									"uv_size": [
										1,
										1
									]
								},
								"down": {
									"uv": [
										40,
										28
									],
									"uv_size": [
										1,
										-1
									]
								}
							}
						},
						{
							"origin": [
								-0.4,
								8.7,
								1.5
							],
							"size": [
								0.1,
								0.15,
								0.1
							],
							"pivot": [
								0.5,
								0.1,
								0.8
							],
							"rotation": [
								0,
								0,
								-3
							],
							"uv": {
								"north": {
									"uv": [
										28,
										40
									],
									"uv_size": [
										1,
										1
									]
								},
								"east": {
									"uv": [
										30,
										40
									],
									"uv_size": [
										1,
										1
									]
								},
								"south": {
									"uv": [
										32,
										40
									],
									"uv_size": [
										1,
										1
									]
								},
								"west": {
									"uv": [
										40,
										32
									],
									"uv_size": [
										1,
										1
									]
								},
								"up": {
									"uv": [
										34,
										40
									],
									"uv_size": [
										1,
										1
									]
								},
								"down": {
									"uv": [
										40,
										35
									],
									"uv_size": [
										1,
										-1
									]
								}
							}
						},
						{
							"origin": [
								-0.4,
								8.6,
								1.1
							],
							"size": [
								0.1,
								0.1,
								0.1
							],
							"pivot": [
								0.5,
								0.1,
								0.8
							],
							"rotation": [
								0,
								0,
								-3
							],
							"uv": {
								"north": {
									"uv": [
										36,
										40
									],
									"uv_size": [
										1,
										1
									]
								},
								"east": {
									"uv": [
										0,
										41
									],
									"uv_size": [
										1,
										1
									]
								},
								"south": {
									"uv": [
										2,
										41
									],
									"uv_size": [
										1,
										1
									]
								},
								"west": {
									"uv": [
										41,
										2
									],
									"uv_size": [
										1,
										1
									]
								},
								"up": {
									"uv": [
										4,
										41
									],
									"uv_size": [
										1,
										1
									]
								},
								"down": {
									"uv": [
										41,
										5
									],
									"uv_size": [
										1,
										-1
									]
								}
							}
						},
						{
							"origin": [
								-0.4,
								8.65,
								1
							],
							"size": [
								0.1,
								0.1,
								0.1
							],
							"pivot": [
								0.5,
								0.1,
								0.8
							],
							"rotation": [
								0,
								0,
								-3
							],
							"uv": {
								"north": {
									"uv": [
										6,
										41
									],
									"uv_size": [
										1,
										1
									]
								},
								"east": {
									"uv": [
										41,
										6
									],
									"uv_size": [
										1,
										1
									]
								},
								"south": {
									"uv": [
										8,
										41
									],
									"uv_size": [
										1,
										1
									]
								},
								"west": {
									"uv": [
										10,
										41
									],
									"uv_size": [
										1,
										1
									]
								},
								"up": {
									"uv": [
										12,
										41
									],
									"uv_size": [
										1,
										1
									]
								},
								"down": {
									"uv": [
										20,
										42
									],
									"uv_size": [
										1,
										-1
									]
								}
							}
						},
						{
							"origin": [
								-0.4,
								8.62,
								1.3
							],
							"size": [
								0.1,
								0.1,
								0.2
							],
							"pivot": [
								0.5,
								0.1,
								0.8
							],
							"rotation": [
								0,
								0,
								-3
							],
							"uv": {
								"north": {
									"uv": [
										41,
										29
									],
									"uv_size": [
										1,
										1
									]
								},
								"east": {
									"uv": [
										41,
										36
									],
									"uv_size": [
										1,
										1
									]
								},
								"south": {
									"uv": [
										38,
										41
									],
									"uv_size": [
										1,
										1
									]
								},
								"west": {
									"uv": [
										41,
										38
									],
									"uv_size": [
										1,
										1
									]
								},
								"up": {
									"uv": [
										40,
										41
									],
									"uv_size": [
										1,
										1
									]
								},
								"down": {
									"uv": [
										42,
										1
									],
									"uv_size": [
										1,
										-1
									]
								}
							}
						},
						{
							"origin": [
								-3,
								8.84,
								2
							],
							"size": [
								0.1,
								0.1,
								0.1
							],
							"pivot": [
								-2.1,
								0.1,
								1.7
							],
							"rotation": [
								-180,
								0,
								-177
							],
							"uv": {
								"north": {
									"uv": [
										42,
										8
									],
									"uv_size": [
										1,
										1
									]
								},
								"east": {
									"uv": [
										42,
										10
									],
									"uv_size": [
										1,
										1
									]
								},
								"south": {
									"uv": [
										42,
										12
									],
									"uv_size": [
										1,
										1
									]
								},
								"west": {
									"uv": [
										14,
										42
									],
									"uv_size": [
										1,
										1
									]
								},
								"up": {
									"uv": [
										42,
										14
									],
									"uv_size": [
										1,
										1
									]
								},
								"down": {
									"uv": [
										16,
										43
									],
									"uv_size": [
										1,
										-1
									]
								}
							}
						},
						{
							"origin": [
								-3,
								8.8,
								1.9
							],
							"size": [
								0.1,
								0.1,
								0.1
							],
							"pivot": [
								-2.1,
								0.1,
								1.7
							],
							"rotation": [
								-180,
								0,
								-177
							],
							"uv": {
								"north": {
									"uv": [
										42,
										16
									],
									"uv_size": [
										1,
										1
									]
								},
								"east": {
									"uv": [
										18,
										42
									],
									"uv_size": [
										1,
										1
									]
								},
								"south": {
									"uv": [
										42,
										18
									],
									"uv_size": [
										1,
										1
									]
								},
								"west": {
									"uv": [
										42,
										20
									],
									"uv_size": [
										1,
										1
									]
								},
								"up": {
									"uv": [
										22,
										42
									],
									"uv_size": [
										1,
										1
									]
								},
								"down": {
									"uv": [
										42,
										23
									],
									"uv_size": [
										1,
										-1
									]
								}
							}
						},
						{
							"origin": [
								-0.4,
								8.6,
								1.2
							],
							"size": [
								0.1,
								0.737,
								0.1
							],
							"pivot": [
								0.5,
								0,
								-0.2
							],
							"rotation": [
								0,
								0,
								-3
							],
							"uv": {
								"north": {
									"uv": [
										24,
										42
									],
									"uv_size": [
										1,
										1
									]
								},
								"east": {
									"uv": [
										42,
										24
									],
									"uv_size": [
										1,
										1
									]
								},
								"south": {
									"uv": [
										26,
										42
									],
									"uv_size": [
										1,
										1
									]
								},
								"west": {
									"uv": [
										42,
										26
									],
									"uv_size": [
										1,
										1
									]
								},
								"up": {
									"uv": [
										28,
										42
									],
									"uv_size": [
										1,
										1
									]
								},
								"down": {
									"uv": [
										30,
										43
									],
									"uv_size": [
										1,
										-1
									]
								}
							}
						},
						{
							"origin": [
								-0.4,
								9,
								0.94
							],
							"size": [
								0.1,
								0.237,
								0.1
							],
							"pivot": [
								0.5,
								0,
								-0.2
							],
							"rotation": [
								0,
								0,
								-3
							],
							"uv": {
								"north": {
									"uv": [
										42,
										31
									],
									"uv_size": [
										1,
										1
									]
								},
								"east": {
									"uv": [
										32,
										42
									],
									"uv_size": [
										1,
										1
									]
								},
								"south": {
									"uv": [
										42,
										33
									],
									"uv_size": [
										1,
										1
									]
								},
								"west": {
									"uv": [
										34,
										42
									],
									"uv_size": [
										1,
										1
									]
								},
								"up": {
									"uv": [
										36,
										42
									],
									"uv_size": [
										1,
										1
									]
								},
								"down": {
									"uv": [
										42,
										41
									],
									"uv_size": [
										1,
										-1
									]
								}
							}
						},
						{
							"origin": [
								-0.1,
								8,
								-3.8
							],
							"size": [
								0.4,
								1.48,
								5.6
							],
							"pivot": [
								0.5,
								0,
								-0.2
							],
							"rotation": [
								0,
								0,
								3
							],
							"uv": {
								"north": {
									"uv": [
										42,
										42
									],
									"uv_size": [
										1,
										1
									]
								},
								"east": {
									"uv": [
										29,
										0
									],
									"uv_size": [
										6,
										1
									]
								},
								"south": {
									"uv": [
										0,
										43
									],
									"uv_size": [
										1,
										1
									]
								},
								"west": {
									"uv": [
										29,
										2
									],
									"uv_size": [
										6,
										1
									]
								},
								"up": {
									"uv": [
										30,
										17
									],
									"uv_size": [
										1,
										6
									]
								},
								"down": {
									"uv": [
										31,
										10
									],
									"uv_size": [
										1,
										-6
									]
								}
							}
						},
						{
							"origin": [
								-0.1,
								5,
								-4.5
							],
							"size": [
								0.4,
								3,
								6.3
							],
							"pivot": [
								0.5,
								0,
								-0.2
							],
							"rotation": [
								0,
								0,
								3
							],
							"uv": {
								"north": {
									"uv": [
										10,
										33
									],
									"uv_size": [
										1,
										3
									]
								},
								"east": {
									"uv": [
										22,
										0
									],
									"uv_size": [
										6,
										3
									]
								},
								"south": {
									"uv": [
										33,
										10
									],
									"uv_size": [
										1,
										3
									]
								},
								"west": {
									"uv": [
										24,
										4
									],
									"uv_size": [
										6,
										3
									]
								},
								"up": {
									"uv": [
										31,
										24
									],
									"uv_size": [
										1,
										6
									]
								},
								"down": {
									"uv": [
										29,
										37
									],
									"uv_size": [
										1,
										-6
									]
								}
							}
						},
						{
							"origin": [
								0,
								3.88,
								-9.09
							],
							"size": [
								0.3,
								0.8,
								1
							],
							"pivot": [
								0.5,
								0,
								0
							],
							"rotation": [
								-41,
								0,
								3
							],
							"uv": {
								"north": {
									"uv": [
										2,
										43
									],
									"uv_size": [
										1,
										1
									]
								},
								"east": {
									"uv": [
										43,
										2
									],
									"uv_size": [
										1,
										1
									]
								},
								"south": {
									"uv": [
										4,
										43
									],
									"uv_size": [
										1,
										1
									]
								},
								"west": {
									"uv": [
										43,
										4
									],
									"uv_size": [
										1,
										1
									]
								},
								"up": {
									"uv": [
										6,
										43
									],
									"uv_size": [
										1,
										1
									]
								},
								"down": {
									"uv": [
										43,
										7
									],
									"uv_size": [
										1,
										-1
									]
								}
							}
						},
						{
							"origin": [
								-0.3,
								3.9,
								-9.12
							],
							"size": [
								0.3,
								0.8,
								1
							],
							"pivot": [
								0.5,
								0,
								0
							],
							"rotation": [
								-41,
								0,
								-3
							],
							"uv": {
								"north": {
									"uv": [
										8,
										43
									],
									"uv_size": [
										1,
										1
									]
								},
								"east": {
									"uv": [
										10,
										43
									],
									"uv_size": [
										1,
										1
									]
								},
								"south": {
									"uv": [
										12,
										43
									],
									"uv_size": [
										1,
										1
									]
								},
								"west": {
									"uv": [
										20,
										43
									],
									"uv_size": [
										1,
										1
									]
								},
								"up": {
									"uv": [
										43,
										28
									],
									"uv_size": [
										1,
										1
									]
								},
								"down": {
									"uv": [
										43,
										36
									],
									"uv_size": [
										1,
										-1
									]
								}
							}
						},
						{
							"origin": [
								-0.5,
								3.88,
								-9.1
							],
							"size": [
								1,
								0.8,
								1
							],
							"pivot": [
								0.5,
								0,
								0
							],
							"rotation": [
								-41,
								0,
								0
							],
							"uv": {
								"north": {
									"uv": [
										43,
										37
									],
									"uv_size": [
										1,
										1
									]
								},
								"east": {
									"uv": [
										38,
										43
									],
									"uv_size": [
										1,
										1
									]
								},
								"south": {
									"uv": [
										40,
										43
									],
									"uv_size": [
										1,
										1
									]
								},
								"west": {
									"uv": [
										44,
										0
									],
									"uv_size": [
										1,
										1
									]
								},
								"up": {
									"uv": [
										44,
										8
									],
									"uv_size": [
										1,
										1
									]
								},
								"down": {
									"uv": [
										44,
										11
									],
									"uv_size": [
										1,
										-1
									]
								}
							}
						},
						{
							"origin": [
								-0.5,
								7.1,
								-5.81
							],
							"size": [
								1,
								0.9,
								1
							],
							"pivot": [
								0.5,
								0,
								0
							],
							"rotation": [
								-10,
								0,
								0
							],
							"uv": {
								"north": {
									"uv": [
										44,
										12
									],
									"uv_size": [
										1,
										1
									]
								},
								"east": {
									"uv": [
										14,
										44
									],
									"uv_size": [
										1,
										1
									]
								},
								"south": {
									"uv": [
										44,
										14
									],
									"uv_size": [
										1,
										1
									]
								},
								"west": {
									"uv": [
										16,
										44
									],
									"uv_size": [
										1,
										1
									]
								},
								"up": {
									"uv": [
										44,
										16
									],
									"uv_size": [
										1,
										1
									]
								},
								"down": {
									"uv": [
										18,
										45
									],
									"uv_size": [
										1,
										-1
									]
								}
							}
						},
						{
							"origin": [
								-0.3,
								7.13,
								-5.81
							],
							"size": [
								0.3,
								0.9,
								1
							],
							"pivot": [
								0.5,
								0,
								0
							],
							"rotation": [
								-10,
								0,
								-3
							],
							"uv": {
								"north": {
									"uv": [
										44,
										18
									],
									"uv_size": [
										1,
										1
									]
								},
								"east": {
									"uv": [
										44,
										20
									],
									"uv_size": [
										1,
										1
									]
								},
								"south": {
									"uv": [
										22,
										44
									],
									"uv_size": [
										1,
										1
									]
								},
								"west": {
									"uv": [
										44,
										22
									],
									"uv_size": [
										1,
										1
									]
								},
								"up": {
									"uv": [
										24,
										44
									],
									"uv_size": [
										1,
										1
									]
								},
								"down": {
									"uv": [
										44,
										25
									],
									"uv_size": [
										1,
										-1
									]
								}
							}
						},
						{
							"origin": [
								0,
								7.1,
								-5.81
							],
							"size": [
								0.3,
								0.9,
								1
							],
							"pivot": [
								0.5,
								0,
								0
							],
							"rotation": [
								-10,
								0,
								3
							],
							"uv": {
								"north": {
									"uv": [
										26,
										44
									],
									"uv_size": [
										1,
										1
									]
								},
								"east": {
									"uv": [
										44,
										26
									],
									"uv_size": [
										1,
										1
									]
								},
								"south": {
									"uv": [
										28,
										44
									],
									"uv_size": [
										1,
										1
									]
								},
								"west": {
									"uv": [
										30,
										44
									],
									"uv_size": [
										1,
										1
									]
								},
								"up": {
									"uv": [
										44,
										30
									],
									"uv_size": [
										1,
										1
									]
								},
								"down": {
									"uv": [
										32,
										45
									],
									"uv_size": [
										1,
										-1
									]
								}
							}
						},
						{
							"origin": [
								-5.5,
								0.1,
								-2
							],
							"size": [
								3.4,
								0.5,
								1
							],
							"uv": {
								"north": {
									"uv": [
										33,
										14
									],
									"uv_size": [
										3,
										1
									]
								},
								"east": {
									"uv": [
										44,
										32
									],
									"uv_size": [
										1,
										1
									]
								},
								"south": {
									"uv": [
										20,
										33
									],
									"uv_size": [
										3,
										1
									]
								},
								"west": {
									"uv": [
										34,
										44
									],
									"uv_size": [
										1,
										1
									]
								},
								"up": {
									"uv": [
										33,
										23
									],
									"uv_size": [
										3,
										1
									]
								},
								"down": {
									"uv": [
										33,
										26
									],
									"uv_size": [
										3,
										-1
									]
								}
							}
						},
						{
							"origin": [
								-5,
								0.2,
								-1
							],
							"size": [
								2.3,
								0.3,
								0.6
							],
							"uv": {
								"north": {
									"uv": [
										14,
										36
									],
									"uv_size": [
										2,
										1
									]
								},
								"east": {
									"uv": [
										36,
										44
									],
									"uv_size": [
										1,
										1
									]
								},
								"south": {
									"uv": [
										17,
										36
									],
									"uv_size": [
										2,
										1
									]
								},
								"west": {
									"uv": [
										44,
										39
									],
									"uv_size": [
										1,
										1
									]
								},
								"up": {
									"uv": [
										6,
										37
									],
									"uv_size": [
										2,
										1
									]
								},
								"down": {
									"uv": [
										9,
										38
									],
									"uv_size": [
										2,
										-1
									]
								}
							}
						},
						{
							"origin": [
								-5.15,
								0.2,
								-1.6
							],
							"size": [
								0.2,
								0.5,
								0.2
							],
							"uv": {
								"north": {
									"uv": [
										44,
										41
									],
									"uv_size": [
										1,
										1
									]
								},
								"east": {
									"uv": [
										42,
										44
									],
									"uv_size": [
										1,
										1
									]
								},
								"south": {
									"uv": [
										44,
										43
									],
									"uv_size": [
										1,
										1
									]
								},
								"west": {
									"uv": [
										0,
										45
									],
									"uv_size": [
										1,
										1
									]
								},
								"up": {
									"uv": [
										2,
										45
									],
									"uv_size": [
										1,
										1
									]
								},
								"down": {
									"uv": [
										45,
										3
									],
									"uv_size": [
										1,
										-1
									]
								}
							}
						},
						{
							"origin": [
								-2.5,
								0.2,
								-1.5
							],
							"size": [
								0.4,
								0.5,
								0.2
							],
							"uv": {
								"north": {
									"uv": [
										4,
										45
									],
									"uv_size": [
										1,
										1
									]
								},
								"east": {
									"uv": [
										45,
										4
									],
									"uv_size": [
										1,
										1
									]
								},
								"south": {
									"uv": [
										6,
										45
									],
									"uv_size": [
										1,
										1
									]
								},
								"west": {
									"uv": [
										45,
										6
									],
									"uv_size": [
										1,
										1
									]
								},
								"up": {
									"uv": [
										8,
										45
									],
									"uv_size": [
										1,
										1
									]
								},
								"down": {
									"uv": [
										10,
										46
									],
									"uv_size": [
										1,
										-1
									]
								}
							}
						},
						{
							"origin": [
								-2.7,
								0.2,
								-1.8
							],
							"size": [
								0.2,
								0.5,
								0.2
							],
							"uv": {
								"north": {
									"uv": [
										12,
										45
									],
									"uv_size": [
										1,
										1
									]
								},
								"east": {
									"uv": [
										20,
										45
									],
									"uv_size": [
										1,
										1
									]
								},
								"south": {
									"uv": [
										45,
										28
									],
									"uv_size": [
										1,
										1
									]
								},
								"west": {
									"uv": [
										45,
										34
									],
									"uv_size": [
										1,
										1
									]
								},
								"up": {
									"uv": [
										45,
										36
									],
									"uv_size": [
										1,
										1
									]
								},
								"down": {
									"uv": [
										38,
										46
									],
									"uv_size": [
										1,
										-1
									]
								}
							}
						},
						{
							"origin": [
								-2.2,
								0.2,
								-1.8
							],
							"size": [
								0.2,
								0.5,
								0.2
							],
							"uv": {
								"north": {
									"uv": [
										40,
										45
									],
									"uv_size": [
										1,
										1
									]
								},
								"east": {
									"uv": [
										44,
										45
									],
									"uv_size": [
										1,
										1
									]
								},
								"south": {
									"uv": [
										46,
										0
									],
									"uv_size": [
										1,
										1
									]
								},
								"west": {
									"uv": [
										46,
										8
									],
									"uv_size": [
										1,
										1
									]
								},
								"up": {
									"uv": [
										46,
										10
									],
									"uv_size": [
										1,
										1
									]
								},
								"down": {
									"uv": [
										46,
										13
									],
									"uv_size": [
										1,
										-1
									]
								}
							}
						},
						{
							"origin": [
								-5.4,
								0.5,
								-1.8
							],
							"size": [
								0.2,
								0.2,
								0.2
							],
							"uv": {
								"north": {
									"uv": [
										14,
										46
									],
									"uv_size": [
										1,
										1
									]
								},
								"east": {
									"uv": [
										46,
										14
									],
									"uv_size": [
										1,
										1
									]
								},
								"south": {
									"uv": [
										16,
										46
									],
									"uv_size": [
										1,
										1
									]
								},
								"west": {
									"uv": [
										46,
										16
									],
									"uv_size": [
										1,
										1
									]
								},
								"up": {
									"uv": [
										18,
										46
									],
									"uv_size": [
										1,
										1
									]
								},
								"down": {
									"uv": [
										46,
										19
									],
									"uv_size": [
										1,
										-1
									]
								}
							}
						},
						{
							"origin": [
								-4.9,
								0.2,
								-1.8
							],
							"size": [
								0.2,
								0.5,
								0.2
							],
							"uv": {
								"north": {
									"uv": [
										46,
										20
									],
									"uv_size": [
										1,
										1
									]
								},
								"east": {
									"uv": [
										22,
										46
									],
									"uv_size": [
										1,
										1
									]
								},
								"south": {
									"uv": [
										46,
										22
									],
									"uv_size": [
										1,
										1
									]
								},
								"west": {
									"uv": [
										24,
										46
									],
									"uv_size": [
										1,
										1
									]
								},
								"up": {
									"uv": [
										46,
										24
									],
									"uv_size": [
										1,
										1
									]
								},
								"down": {
									"uv": [
										26,
										47
									],
									"uv_size": [
										1,
										-1
									]
								}
							}
						},
						{
							"origin": [
								-4.9,
								0.2,
								-1.4
							],
							"size": [
								0.2,
								0.5,
								0.2
							],
							"uv": {
								"north": {
									"uv": [
										46,
										26
									],
									"uv_size": [
										1,
										1
									]
								},
								"east": {
									"uv": [
										28,
										46
									],
									"uv_size": [
										1,
										1
									]
								},
								"south": {
									"uv": [
										30,
										46
									],
									"uv_size": [
										1,
										1
									]
								},
								"west": {
									"uv": [
										46,
										30
									],
									"uv_size": [
										1,
										1
									]
								},
								"up": {
									"uv": [
										32,
										46
									],
									"uv_size": [
										1,
										1
									]
								},
								"down": {
									"uv": [
										46,
										33
									],
									"uv_size": [
										1,
										-1
									]
								}
							}
						},
						{
							"origin": [
								-5.4,
								0.6,
								-1.4
							],
							"size": [
								0.2,
								0.1,
								0.2
							],
							"uv": {
								"north": {
									"uv": [
										34,
										46
									],
									"uv_size": [
										1,
										1
									]
								},
								"east": {
									"uv": [
										36,
										46
									],
									"uv_size": [
										1,
										1
									]
								},
								"south": {
									"uv": [
										46,
										38
									],
									"uv_size": [
										1,
										1
									]
								},
								"west": {
									"uv": [
										46,
										40
									],
									"uv_size": [
										1,
										1
									]
								},
								"up": {
									"uv": [
										42,
										46
									],
									"uv_size": [
										1,
										1
									]
								},
								"down": {
									"uv": [
										46,
										43
									],
									"uv_size": [
										1,
										-1
									]
								}
							}
						},
						{
							"origin": [
								-5.5,
								0.2,
								-2.3
							],
							"size": [
								3,
								0.2,
								1
							],
							"uv": {
								"north": {
									"uv": [
										33,
										27
									],
									"uv_size": [
										3,
										1
									]
								},
								"east": {
									"uv": [
										46,
										44
									],
									"uv_size": [
										1,
										1
									]
								},
								"south": {
									"uv": [
										33,
										29
									],
									"uv_size": [
										3,
										1
									]
								},
								"west": {
									"uv": [
										46,
										46
									],
									"uv_size": [
										1,
										1
									]
								},
								"up": {
									"uv": [
										33,
										31
									],
									"uv_size": [
										3,
										1
									]
								},
								"down": {
									"uv": [
										33,
										34
									],
									"uv_size": [
										3,
										-1
									]
								}
							}
						},
						{
							"origin": [
								-2.2,
								0.2,
								-5.1
							],
							"size": [
								0.6,
								0.2,
								1
							],
							"pivot": [
								1.5,
								0.1,
								3
							],
							"rotation": [
								0,
								28,
								0
							],
							"uv": {
								"north": {
									"uv": [
										0,
										47
									],
									"uv_size": [
										1,
										1
									]
								},
								"east": {
									"uv": [
										2,
										47
									],
									"uv_size": [
										1,
										1
									]
								},
								"south": {
									"uv": [
										47,
										2
									],
									"uv_size": [
										1,
										1
									]
								},
								"west": {
									"uv": [
										4,
										47
									],
									"uv_size": [
										1,
										1
									]
								},
								"up": {
									"uv": [
										47,
										4
									],
									"uv_size": [
										1,
										1
									]
								},
								"down": {
									"uv": [
										6,
										48
									],
									"uv_size": [
										1,
										-1
									]
								}
							}
						},
						{
							"origin": [
								-4.8,
								0.2,
								-0.4
							],
							"size": [
								0.6,
								0.2,
								1
							],
							"pivot": [
								1.5,
								0.1,
								3
							],
							"rotation": [
								0,
								-28,
								0
							],
							"uv": {
								"north": {
									"uv": [
										47,
										6
									],
									"uv_size": [
										1,
										1
									]
								},
								"east": {
									"uv": [
										8,
										47
									],
									"uv_size": [
										1,
										1
									]
								},
								"south": {
									"uv": [
										10,
										47
									],
									"uv_size": [
										1,
										1
									]
								},
								"west": {
									"uv": [
										12,
										47
									],
									"uv_size": [
										1,
										1
									]
								},
								"up": {
									"uv": [
										20,
										47
									],
									"uv_size": [
										1,
										1
									]
								},
								"down": {
									"uv": [
										47,
										29
									],
									"uv_size": [
										1,
										-1
									]
								}
							}
						},
						{
							"origin": [
								-3.2,
								0.1,
								-4.55
							],
							"size": [
								1,
								0.5,
								2
							],
							"pivot": [
								1,
								0.1,
								3
							],
							"rotation": [
								0,
								25,
								0
							],
							"uv": {
								"north": {
									"uv": [
										39,
										30
									],
									"uv_size": [
										1,
										1
									]
								},
								"east": {
									"uv": [
										35,
										12
									],
									"uv_size": [
										2,
										1
									]
								},
								"south": {
									"uv": [
										39,
										37
									],
									"uv_size": [
										1,
										1
									]
								},
								"west": {
									"uv": [
										20,
										35
									],
									"uv_size": [
										2,
										1
									]
								},
								"up": {
									"uv": [
										23,
										35
									],
									"uv_size": [
										1,
										2
									]
								},
								"down": {
									"uv": [
										25,
										37
									],
									"uv_size": [
										1,
										-2
									]
								}
							}
						},
						{
							"origin": [
								-4.6,
								0.1,
								-0.45
							],
							"size": [
								1.1,
								0.5,
								1.9
							],
							"pivot": [
								1,
								0.1,
								3
							],
							"rotation": [
								0,
								-25,
								0
							],
							"uv": {
								"north": {
									"uv": [
										12,
										39
									],
									"uv_size": [
										1,
										1
									]
								},
								"east": {
									"uv": [
										24,
										33
									],
									"uv_size": [
										2,
										1
									]
								},
								"south": {
									"uv": [
										20,
										39
									],
									"uv_size": [
										1,
										1
									]
								},
								"west": {
									"uv": [
										35,
										10
									],
									"uv_size": [
										2,
										1
									]
								},
								"up": {
									"uv": [
										14,
										6
									],
									"uv_size": [
										1,
										2
									]
								},
								"down": {
									"uv": [
										14,
										23
									],
									"uv_size": [
										1,
										-2
									]
								}
							}
						},
						{
							"origin": [
								-8.2,
								0.1,
								3
							],
							"size": [
								0.7,
								0.5,
								0.7
							],
							"pivot": [
								1,
								0.1,
								3
							],
							"rotation": [
								0,
								-45,
								0
							],
							"uv": {
								"north": {
									"uv": [
										4,
										39
									],
									"uv_size": [
										1,
										1
									]
								},
								"east": {
									"uv": [
										39,
										5
									],
									"uv_size": [
										1,
										1
									]
								},
								"south": {
									"uv": [
										6,
										39
									],
									"uv_size": [
										1,
										1
									]
								},
								"west": {
									"uv": [
										39,
										7
									],
									"uv_size": [
										1,
										1
									]
								},
								"up": {
									"uv": [
										8,
										39
									],
									"uv_size": [
										1,
										1
									]
								},
								"down": {
									"uv": [
										10,
										40
									],
									"uv_size": [
										1,
										-1
									]
								}
							}
						},
						{
							"origin": [
								-5.9,
								0.1,
								0.5
							],
							"size": [
								0.7,
								0.5,
								0.8
							],
							"pivot": [
								1,
								0.1,
								3
							],
							"rotation": [
								0,
								-45,
								0
							],
							"uv": {
								"north": {
									"uv": [
										29,
										38
									],
									"uv_size": [
										1,
										1
									]
								},
								"east": {
									"uv": [
										33,
										38
									],
									"uv_size": [
										1,
										1
									]
								},
								"south": {
									"uv": [
										35,
										38
									],
									"uv_size": [
										1,
										1
									]
								},
								"west": {
									"uv": [
										0,
										39
									],
									"uv_size": [
										1,
										1
									]
								},
								"up": {
									"uv": [
										2,
										39
									],
									"uv_size": [
										1,
										1
									]
								},
								"down": {
									"uv": [
										39,
										4
									],
									"uv_size": [
										1,
										-1
									]
								}
							}
						},
						{
							"origin": [
								-2.7,
								0.1,
								-3.1
							],
							"size": [
								1.1,
								0.5,
								1.1
							],
							"uv": {
								"north": {
									"uv": [
										18,
										38
									],
									"uv_size": [
										1,
										1
									]
								},
								"east": {
									"uv": [
										38,
										18
									],
									"uv_size": [
										1,
										1
									]
								},
								"south": {
									"uv": [
										38,
										20
									],
									"uv_size": [
										1,
										1
									]
								},
								"west": {
									"uv": [
										23,
										38
									],
									"uv_size": [
										1,
										1
									]
								},
								"up": {
									"uv": [
										25,
										38
									],
									"uv_size": [
										1,
										1
									]
								},
								"down": {
									"uv": [
										27,
										39
									],
									"uv_size": [
										1,
										-1
									]
								}
							}
						},
						{
							"origin": [
								-6,
								0.1,
								-3
							],
							"size": [
								1,
								0.5,
								1
							],
							"uv": {
								"north": {
									"uv": [
										22,
										4
									],
									"uv_size": [
										1,
										1
									]
								},
								"east": {
									"uv": [
										38,
										10
									],
									"uv_size": [
										1,
										1
									]
								},
								"south": {
									"uv": [
										38,
										12
									],
									"uv_size": [
										1,
										1
									]
								},
								"west": {
									"uv": [
										14,
										38
									],
									"uv_size": [
										1,
										1
									]
								},
								"up": {
									"uv": [
										16,
										38
									],
									"uv_size": [
										1,
										1
									]
								},
								"down": {
									"uv": [
										38,
										17
									],
									"uv_size": [
										1,
										-1
									]
								}
							}
						},
						{
							"origin": [
								2,
								0.1,
								-3
							],
							"size": [
								1,
								0.5,
								1
							],
							"uv": {
								"north": {
									"uv": [
										0,
										51
									],
									"uv_size": [
										1,
										1
									]
								},
								"east": {
									"uv": [
										2,
										51
									],
									"uv_size": [
										1,
										1
									]
								},
								"south": {
									"uv": [
										51,
										2
									],
									"uv_size": [
										1,
										1
									]
								},
								"west": {
									"uv": [
										4,
										51
									],
									"uv_size": [
										1,
										1
									]
								},
								"up": {
									"uv": [
										51,
										4
									],
									"uv_size": [
										1,
										1
									]
								},
								"down": {
									"uv": [
										6,
										52
									],
									"uv_size": [
										1,
										-1
									]
								}
							}
						},
						{
							"origin": [
								5.3,
								0.1,
								-3.1
							],
							"size": [
								1.1,
								0.5,
								1.1
							],
							"uv": {
								"north": {
									"uv": [
										50,
										44
									],
									"uv_size": [
										1,
										1
									]
								},
								"east": {
									"uv": [
										46,
										50
									],
									"uv_size": [
										1,
										1
									]
								},
								"south": {
									"uv": [
										50,
										46
									],
									"uv_size": [
										1,
										1
									]
								},
								"west": {
									"uv": [
										48,
										50
									],
									"uv_size": [
										1,
										1
									]
								},
								"up": {
									"uv": [
										50,
										48
									],
									"uv_size": [
										1,
										1
									]
								},
								"down": {
									"uv": [
										50,
										51
									],
									"uv_size": [
										1,
										-1
									]
								}
							}
						},
						{
							"origin": [
								2.1,
								0.1,
								0.5
							],
							"size": [
								0.7,
								0.5,
								0.8
							],
							"pivot": [
								9,
								0.1,
								3
							],
							"rotation": [
								0,
								-45,
								0
							],
							"uv": {
								"north": {
									"uv": [
										34,
										50
									],
									"uv_size": [
										1,
										1
									]
								},
								"east": {
									"uv": [
										36,
										50
									],
									"uv_size": [
										1,
										1
									]
								},
								"south": {
									"uv": [
										50,
										38
									],
									"uv_size": [
										1,
										1
									]
								},
								"west": {
									"uv": [
										50,
										40
									],
									"uv_size": [
										1,
										1
									]
								},
								"up": {
									"uv": [
										42,
										50
									],
									"uv_size": [
										1,
										1
									]
								},
								"down": {
									"uv": [
										50,
										43
									],
									"uv_size": [
										1,
										-1
									]
								}
							}
						},
						{
							"origin": [
								-0.2,
								0.1,
								3
							],
							"size": [
								0.7,
								0.5,
								0.7
							],
							"pivot": [
								9,
								0.1,
								3
							],
							"rotation": [
								0,
								-45,
								0
							],
							"uv": {
								"north": {
									"uv": [
										50,
										26
									],
									"uv_size": [
										1,
										1
									]
								},
								"east": {
									"uv": [
										28,
										50
									],
									"uv_size": [
										1,
										1
									]
								},
								"south": {
									"uv": [
										30,
										50
									],
									"uv_size": [
										1,
										1
									]
								},
								"west": {
									"uv": [
										50,
										30
									],
									"uv_size": [
										1,
										1
									]
								},
								"up": {
									"uv": [
										32,
										50
									],
									"uv_size": [
										1,
										1
									]
								},
								"down": {
									"uv": [
										50,
										33
									],
									"uv_size": [
										1,
										-1
									]
								}
							}
						},
						{
							"origin": [
								3.4,
								0.1,
								-0.45
							],
							"size": [
								1.1,
								0.5,
								1.9
							],
							"pivot": [
								9,
								0.1,
								3
							],
							"rotation": [
								0,
								-25,
								0
							],
							"uv": {
								"north": {
									"uv": [
										50,
										24
									],
									"uv_size": [
										1,
										1
									]
								},
								"east": {
									"uv": [
										37,
										33
									],
									"uv_size": [
										2,
										1
									]
								},
								"south": {
									"uv": [
										26,
										50
									],
									"uv_size": [
										1,
										1
									]
								},
								"west": {
									"uv": [
										37,
										35
									],
									"uv_size": [
										2,
										1
									]
								},
								"up": {
									"uv": [
										37,
										37
									],
									"uv_size": [
										1,
										2
									]
								},
								"down": {
									"uv": [
										38,
										2
									],
									"uv_size": [
										1,
										-2
									]
								}
							}
						},
						{
							"origin": [
								4.8,
								0.1,
								-4.55
							],
							"size": [
								1,
								0.5,
								2
							],
							"pivot": [
								9,
								0.1,
								3
							],
							"rotation": [
								0,
								25,
								0
							],
							"uv": {
								"north": {
									"uv": [
										50,
										22
									],
									"uv_size": [
										1,
										1
									]
								},
								"east": {
									"uv": [
										37,
										26
									],
									"uv_size": [
										2,
										1
									]
								},
								"south": {
									"uv": [
										24,
										50
									],
									"uv_size": [
										1,
										1
									]
								},
								"west": {
									"uv": [
										37,
										28
									],
									"uv_size": [
										2,
										1
									]
								},
								"up": {
									"uv": [
										37,
										30
									],
									"uv_size": [
										1,
										2
									]
								},
								"down": {
									"uv": [
										31,
										39
									],
									"uv_size": [
										1,
										-2
									]
								}
							}
						},
						{
							"origin": [
								2.5,
								0.1,
								-2
							],
							"size": [
								3.4,
								0.5,
								1
							],
							"uv": {
								"north": {
									"uv": [
										34,
										20
									],
									"uv_size": [
										3,
										1
									]
								},
								"east": {
									"uv": [
										50,
										20
									],
									"uv_size": [
										1,
										1
									]
								},
								"south": {
									"uv": [
										35,
										4
									],
									"uv_size": [
										3,
										1
									]
								},
								"west": {
									"uv": [
										22,
										50
									],
									"uv_size": [
										1,
										1
									]
								},
								"up": {
									"uv": [
										35,
										6
									],
									"uv_size": [
										3,
										1
									]
								},
								"down": {
									"uv": [
										35,
										9
									],
									"uv_size": [
										3,
										-1
									]
								}
							}
						},
						{
							"origin": [
								3,
								0.2,
								-1
							],
							"size": [
								2.3,
								0.3,
								0.6
							],
							"uv": {
								"north": {
									"uv": [
										37,
										14
									],
									"uv_size": [
										2,
										1
									]
								},
								"east": {
									"uv": [
										18,
										50
									],
									"uv_size": [
										1,
										1
									]
								},
								"south": {
									"uv": [
										20,
										37
									],
									"uv_size": [
										2,
										1
									]
								},
								"west": {
									"uv": [
										50,
										18
									],
									"uv_size": [
										1,
										1
									]
								},
								"up": {
									"uv": [
										37,
										22
									],
									"uv_size": [
										2,
										1
									]
								},
								"down": {
									"uv": [
										37,
										25
									],
									"uv_size": [
										2,
										-1
									]
								}
							}
						},
						{
							"origin": [
								2.85,
								0.2,
								-1.6
							],
							"size": [
								0.2,
								0.5,
								0.2
							],
							"uv": {
								"north": {
									"uv": [
										50,
										10
									],
									"uv_size": [
										1,
										1
									]
								},
								"east": {
									"uv": [
										50,
										12
									],
									"uv_size": [
										1,
										1
									]
								},
								"south": {
									"uv": [
										14,
										50
									],
									"uv_size": [
										1,
										1
									]
								},
								"west": {
									"uv": [
										50,
										14
									],
									"uv_size": [
										1,
										1
									]
								},
								"up": {
									"uv": [
										16,
										50
									],
									"uv_size": [
										1,
										1
									]
								},
								"down": {
									"uv": [
										50,
										17
									],
									"uv_size": [
										1,
										-1
									]
								}
							}
						},
						{
							"origin": [
								5.5,
								0.2,
								-1.5
							],
							"size": [
								0.4,
								0.5,
								0.2
							],
							"uv": {
								"north": {
									"uv": [
										49,
										36
									],
									"uv_size": [
										1,
										1
									]
								},
								"east": {
									"uv": [
										38,
										49
									],
									"uv_size": [
										1,
										1
									]
								},
								"south": {
									"uv": [
										40,
										49
									],
									"uv_size": [
										1,
										1
									]
								},
								"west": {
									"uv": [
										44,
										49
									],
									"uv_size": [
										1,
										1
									]
								},
								"up": {
									"uv": [
										50,
										0
									],
									"uv_size": [
										1,
										1
									]
								},
								"down": {
									"uv": [
										50,
										9
									],
									"uv_size": [
										1,
										-1
									]
								}
							}
						},
						{
							"origin": [
								5.3,
								0.2,
								-1.8
							],
							"size": [
								0.2,
								0.5,
								0.2
							],
							"uv": {
								"north": {
									"uv": [
										8,
										49
									],
									"uv_size": [
										1,
										1
									]
								},
								"east": {
									"uv": [
										10,
										49
									],
									"uv_size": [
										1,
										1
									]
								},
								"south": {
									"uv": [
										12,
										49
									],
									"uv_size": [
										1,
										1
									]
								},
								"west": {
									"uv": [
										20,
										49
									],
									"uv_size": [
										1,
										1
									]
								},
								"up": {
									"uv": [
										49,
										28
									],
									"uv_size": [
										1,
										1
									]
								},
								"down": {
									"uv": [
										49,
										35
									],
									"uv_size": [
										1,
										-1
									]
								}
							}
						},
						{
							"origin": [
								5.8,
								0.2,
								-1.8
							],
							"size": [
								0.2,
								0.5,
								0.2
							],
							"uv": {
								"north": {
									"uv": [
										2,
										49
									],
									"uv_size": [
										1,
										1
									]
								},
								"east": {
									"uv": [
										49,
										2
									],
									"uv_size": [
										1,
										1
									]
								},
								"south": {
									"uv": [
										4,
										49
									],
									"uv_size": [
										1,
										1
									]
								},
								"west": {
									"uv": [
										49,
										4
									],
									"uv_size": [
										1,
										1
									]
								},
								"up": {
									"uv": [
										6,
										49
									],
									"uv_size": [
										1,
										1
									]
								},
								"down": {
									"uv": [
										49,
										7
									],
									"uv_size": [
										1,
										-1
									]
								}
							}
						},
						{
							"origin": [
								2.6,
								0.5,
								-1.8
							],
							"size": [
								0.2,
								0.2,
								0.2
							],
							"uv": {
								"north": {
									"uv": [
										48,
										42
									],
									"uv_size": [
										1,
										1
									]
								},
								"east": {
									"uv": [
										48,
										44
									],
									"uv_size": [
										1,
										1
									]
								},
								"south": {
									"uv": [
										46,
										48
									],
									"uv_size": [
										1,
										1
									]
								},
								"west": {
									"uv": [
										48,
										46
									],
									"uv_size": [
										1,
										1
									]
								},
								"up": {
									"uv": [
										48,
										48
									],
									"uv_size": [
										1,
										1
									]
								},
								"down": {
									"uv": [
										0,
										50
									],
									"uv_size": [
										1,
										-1
									]
								}
							}
						},
						{
							"origin": [
								3.1,
								0.2,
								-1.8
							],
							"size": [
								0.2,
								0.5,
								0.2
							],
							"uv": {
								"north": {
									"uv": [
										48,
										32
									],
									"uv_size": [
										1,
										1
									]
								},
								"east": {
									"uv": [
										34,
										48
									],
									"uv_size": [
										1,
										1
									]
								},
								"south": {
									"uv": [
										36,
										48
									],
									"uv_size": [
										1,
										1
									]
								},
								"west": {
									"uv": [
										48,
										38
									],
									"uv_size": [
										1,
										1
									]
								},
								"up": {
									"uv": [
										48,
										40
									],
									"uv_size": [
										1,
										1
									]
								},
								"down": {
									"uv": [
										42,
										49
									],
									"uv_size": [
										1,
										-1
									]
								}
							}
						},
						{
							"origin": [
								3.1,
								0.2,
								-1.4
							],
							"size": [
								0.2,
								0.5,
								0.2
							],
							"uv": {
								"north": {
									"uv": [
										26,
										48
									],
									"uv_size": [
										1,
										1
									]
								},
								"east": {
									"uv": [
										48,
										26
									],
									"uv_size": [
										1,
										1
									]
								},
								"south": {
									"uv": [
										28,
										48
									],
									"uv_size": [
										1,
										1
									]
								},
								"west": {
									"uv": [
										30,
										48
									],
									"uv_size": [
										1,
										1
									]
								},
								"up": {
									"uv": [
										48,
										30
									],
									"uv_size": [
										1,
										1
									]
								},
								"down": {
									"uv": [
										32,
										49
									],
									"uv_size": [
										1,
										-1
									]
								}
							}
						},
						{
							"origin": [
								2.6,
								0.6,
								-1.4
							],
							"size": [
								0.2,
								0.1,
								0.2
							],
							"uv": {
								"north": {
									"uv": [
										48,
										18
									],
									"uv_size": [
										1,
										1
									]
								},
								"east": {
									"uv": [
										48,
										20
									],
									"uv_size": [
										1,
										1
									]
								},
								"south": {
									"uv": [
										22,
										48
									],
									"uv_size": [
										1,
										1
									]
								},
								"west": {
									"uv": [
										48,
										22
									],
									"uv_size": [
										1,
										1
									]
								},
								"up": {
									"uv": [
										24,
										48
									],
									"uv_size": [
										1,
										1
									]
								},
								"down": {
									"uv": [
										48,
										25
									],
									"uv_size": [
										1,
										-1
									]
								}
							}
						},
						{
							"origin": [
								2.5,
								0.2,
								-2.3
							],
							"size": [
								3,
								0.2,
								1
							],
							"uv": {
								"north": {
									"uv": [
										12,
										34
									],
									"uv_size": [
										3,
										1
									]
								},
								"east": {
									"uv": [
										48,
										16
									],
									"uv_size": [
										1,
										1
									]
								},
								"south": {
									"uv": [
										16,
										34
									],
									"uv_size": [
										3,
										1
									]
								},
								"west": {
									"uv": [
										18,
										48
									],
									"uv_size": [
										1,
										1
									]
								},
								"up": {
									"uv": [
										34,
										16
									],
									"uv_size": [
										3,
										1
									]
								},
								"down": {
									"uv": [
										34,
										19
									],
									"uv_size": [
										3,
										-1
									]
								}
							}
						},
						{
							"origin": [
								5.8,
								0.2,
								-5.1
							],
							"size": [
								0.6,
								0.2,
								1
							],
							"pivot": [
								9.5,
								0.1,
								3
							],
							"rotation": [
								0,
								28,
								0
							],
							"uv": {
								"north": {
									"uv": [
										48,
										8
									],
									"uv_size": [
										1,
										1
									]
								},
								"east": {
									"uv": [
										48,
										10
									],
									"uv_size": [
										1,
										1
									]
								},
								"south": {
									"uv": [
										48,
										12
									],
									"uv_size": [
										1,
										1
									]
								},
								"west": {
									"uv": [
										14,
										48
									],
									"uv_size": [
										1,
										1
									]
								},
								"up": {
									"uv": [
										48,
										14
									],
									"uv_size": [
										1,
										1
									]
								},
								"down": {
									"uv": [
										16,
										49
									],
									"uv_size": [
										1,
										-1
									]
								}
							}
						},
						{
							"origin": [
								3.2,
								0.2,
								-0.4
							],
							"size": [
								0.6,
								0.2,
								1
							],
							"pivot": [
								9.5,
								0.1,
								3
							],
							"rotation": [
								0,
								-28,
								0
							],
							"uv": {
								"north": {
									"uv": [
										47,
										34
									],
									"uv_size": [
										1,
										1
									]
								},
								"east": {
									"uv": [
										47,
										36
									],
									"uv_size": [
										1,
										1
									]
								},
								"south": {
									"uv": [
										38,
										47
									],
									"uv_size": [
										1,
										1
									]
								},
								"west": {
									"uv": [
										40,
										47
									],
									"uv_size": [
										1,
										1
									]
								},
								"up": {
									"uv": [
										44,
										47
									],
									"uv_size": [
										1,
										1
									]
								},
								"down": {
									"uv": [
										48,
										1
									],
									"uv_size": [
										1,
										-1
									]
								}
							}
						}
					]
				}
			]
		}
	]
}