{
	"format_version": "1.12.0",
	"minecraft:geometry": [
		{
			"description": {
				"identifier": "geometry.tech_chair",
				"texture_width": 64,
				"texture_height": 64,
				"visible_bounds_width": 2,
				"visible_bounds_height": 2.5,
				"visible_bounds_offset": [
					0,
					0.75,
					0
				]
			},
			"bones": [
				{
					"name": "bb_main2",
					"pivot": [
						0,
						0,
						0
					],
					"cubes": [
						{
							"origin": [
								-4,
								0,
								-3.8
							],
							"size": [
								2.5,
								9,
								2.5
							],
							"uv": {
								"north": {
									"uv": [
										9,
										14
									],
									"uv_size": [
										2.5,
										9
									]
								},
								"east": {
									"uv": [
										13,
										14
									],
									"uv_size": [
										2.5,
										9
									]
								},
								"south": {
									"uv": [
										16,
										0
									],
									"uv_size": [
										2.5,
										9
									]
								},
								"west": {
									"uv": [
										17,
										10
									],
									"uv_size": [
										2.5,
										9
									]
								},
								"up": {
									"uv": [
										38,
										21
									],
									"uv_size": [
										2.5,
										2.5
									]
								},
								"down": {
									"uv": [
										22,
										40.5
									],
									"uv_size": [
										2.5,
										-2.5
									]
								}
							}
						},
						{
							"origin": [
								-4,
								0,
								1.4
							],
							"size": [
								2.5,
								9,
								2.5
							],
							"uv": {
								"north": {
									"uv": [
										0,
										18
									],
									"uv_size": [
										2.5,
										9
									]
								},
								"east": {
									"uv": [
										4,
										18
									],
									"uv_size": [
										2.5,
										9
									]
								},
								"south": {
									"uv": [
										20,
										0
									],
									"uv_size": [
										2.5,
										9
									]
								},
								"west": {
									"uv": [
										17,
										20
									],
									"uv_size": [
										2.5,
										9
									]
								},
								"up": {
									"uv": [
										38,
										25
									],
									"uv_size": [
										2.5,
										2.5
									]
								},
								"down": {
									"uv": [
										26,
										40.5
									],
									"uv_size": [
										2.5,
										-2.5
									]
								}
							}
						},
						{
							"origin": [
								-1.5,
								1.9,
								1.4
							],
							"size": [
								3,
								1.4,
								2.5
							],
							"uv": {
								"north": {
									"uv": [
										43,
										31
									],
									"uv_size": [
										3,
										1.5
									]
								},
								"east": {
									"uv": [
										29,
										44
									],
									"uv_size": [
										2.5,
										1.5
									]
								},
								"south": {
									"uv": [
										44,
										0
									],
									"uv_size": [
										3,
										1.5
									]
								},
								"west": {
									"uv": [
										33,
										44
									],
									"uv_size": [
										2.5,
										1.5
									]
								},
								"up": {
									"uv": [
										4,
										28
									],
									"uv_size": [
										3,
										2.5
									]
								},
								"down": {
									"uv": [
										6,
										40.5
									],
									"uv_size": [
										3,
										-2.5
									]
								}
							}
						},
						{
							"origin": [
								-1.5,
								1.9,
								-3.8
							],
							"size": [
								3,
								1.4,
								2.5
							],
							"uv": {
								"north": {
									"uv": [
										8,
										44
									],
									"uv_size": [
										3,
										1.5
									]
								},
								"east": {
									"uv": [
										37,
										44
									],
									"uv_size": [
										2.5,
										1.5
									]
								},
								"south": {
									"uv": [
										12,
										44
									],
									"uv_size": [
										3,
										1.5
									]
								},
								"west": {
									"uv": [
										45,
										28
									],
									"uv_size": [
										2.5,
										1.5
									]
								},
								"up": {
									"uv": [
										38,
										9
									],
									"uv_size": [
										3,
										2.5
									]
								},
								"down": {
									"uv": [
										10,
										40.5
									],
									"uv_size": [
										3,
										-2.5
									]
								}
							}
						},
						{
							"origin": [
								-4,
								1.9,
								-1.3
							],
							"size": [
								2.4,
								1.4,
								2.7
							],
							"uv": {
								"north": {
									"uv": [
										45,
										38
									],
									"uv_size": [
										2.5,
										1.5
									]
								},
								"east": {
									"uv": [
										16,
										44
									],
									"uv_size": [
										2.75,
										1.5
									]
								},
								"south": {
									"uv": [
										41,
										45
									],
									"uv_size": [
										2.5,
										1.5
									]
								},
								"west": {
									"uv": [
										20,
										44
									],
									"uv_size": [
										2.75,
										1.5
									]
								},
								"up": {
									"uv": [
										38,
										13
									],
									"uv_size": [
										2.5,
										2.75
									]
								},
								"down": {
									"uv": [
										14,
										40.75
									],
									"uv_size": [
										2.5,
										-2.75
									]
								}
							}
						},
						{
							"origin": [
								1.6,
								1.9,
								-1.3
							],
							"size": [
								2.4,
								1.4,
								2.7
							],
							"uv": {
								"north": {
									"uv": [
										45,
										41
									],
									"uv_size": [
										2.5,
										1.5
									]
								},
								"east": {
									"uv": [
										44,
										22
									],
									"uv_size": [
										2.75,
										1.5
									]
								},
								"south": {
									"uv": [
										45,
										44
									],
									"uv_size": [
										2.5,
										1.5
									]
								},
								"west": {
									"uv": [
										44,
										25
									],
									"uv_size": [
										2.75,
										1.5
									]
								},
								"up": {
									"uv": [
										38,
										17
									],
									"uv_size": [
										2.5,
										2.75
									]
								},
								"down": {
									"uv": [
										18,
										40.75
									],
									"uv_size": [
										2.5,
										-2.75
									]
								}
							}
						},
						{
							"origin": [
								1.5,
								0,
								1.4
							],
							"size": [
								2.5,
								9,
								2.5
							],
							"uv": {
								"north": {
									"uv": [
										21,
										10
									],
									"uv_size": [
										2.5,
										9
									]
								},
								"east": {
									"uv": [
										21,
										20
									],
									"uv_size": [
										2.5,
										9
									]
								},
								"south": {
									"uv": [
										24,
										0
									],
									"uv_size": [
										2.5,
										9
									]
								},
								"west": {
									"uv": [
										8,
										24
									],
									"uv_size": [
										2.5,
										9
									]
								},
								"up": {
									"uv": [
										30,
										38
									],
									"uv_size": [
										2.5,
										2.5
									]
								},
								"down": {
									"uv": [
										34,
										40.5
									],
									"uv_size": [
										2.5,
										-2.5
									]
								}
							}
						},
						{
							"origin": [
								1.5,
								0,
								-3.8
							],
							"size": [
								2.5,
								9,
								2.5
							],
							"uv": {
								"north": {
									"uv": [
										12,
										24
									],
									"uv_size": [
										2.5,
										9
									]
								},
								"east": {
									"uv": [
										25,
										10
									],
									"uv_size": [
										2.5,
										9
									]
								},
								"south": {
									"uv": [
										25,
										20
									],
									"uv_size": [
										2.5,
										9
									]
								},
								"west": {
									"uv": [
										0,
										28
									],
									"uv_size": [
										2.5,
										9
									]
								},
								"up": {
									"uv": [
										38,
										38
									],
									"uv_size": [
										2.5,
										2.5
									]
								},
								"down": {
									"uv": [
										40,
										2.5
									],
									"uv_size": [
										2.5,
										-2.5
									]
								}
							}
						}
					]
				},
				{
					"name": "bb_main",
					"pivot": [
						0,
						0,
						0
					],
					"cubes": [
						{
							"origin": [
								-4,
								8.7,
								-4
							],
							"size": [
								8,
								2.3,
								8
							],
							"uv": {
								"north": {
									"uv": [
										16,
										30
									],
									"uv_size": [
										8,
										2.25
									]
								},
								"east": {
									"uv": [
										25,
										32
									],
									"uv_size": [
										8,
										2.25
									]
								},
								"south": {
									"uv": [
										4,
										34
									],
									"uv_size": [
										8,
										2.25
									]
								},
								"west": {
									"uv": [
										13,
										34
									],
									"uv_size": [
										8,
										2.25
									]
								},
								"up": {
									"uv": [
										0,
										0
									],
									"uv_size": [
										8,
										8
									]
								},
								"down": {
									"uv": [
										0,
										17
									],
									"uv_size": [
										8,
										-8
									]
								}
							}
						},
						{
							"origin": [
								-3.1,
								10.3,
								-3.1
							],
							"size": [
								6.2,
								1,
								6.2
							],
							"uv": {
								"north": {
									"uv": [
										38,
										29
									],
									"uv_size": [
										6,
										1
									]
								},
								"east": {
									"uv": [
										40,
										4
									],
									"uv_size": [
										6,
										1
									]
								},
								"south": {
									"uv": [
										40,
										6
									],
									"uv_size": [
										6,
										1
									]
								},
								"west": {
									"uv": [
										40,
										36
									],
									"uv_size": [
										6,
										1
									]
								},
								"up": {
									"uv": [
										9,
										0
									],
									"uv_size": [
										6,
										6
									]
								},
								"down": {
									"uv": [
										9,
										13
									],
									"uv_size": [
										6,
										-6
									]
								}
							}
						},
						{
							"origin": [
								-3,
								10.3,
								3
							],
							"size": [
								6,
								1,
								1
							],
							"uv": {
								"north": {
									"uv": [
										6,
										42
									],
									"uv_size": [
										6,
										1
									]
								},
								"east": {
									"uv": [
										0,
										51
									],
									"uv_size": [
										1,
										1
									]
								},
								"south": {
									"uv": [
										42,
										8
									],
									"uv_size": [
										6,
										1
									]
								},
								"west": {
									"uv": [
										2,
										51
									],
									"uv_size": [
										1,
										1
									]
								},
								"up": {
									"uv": [
										42,
										10
									],
									"uv_size": [
										6,
										1
									]
								},
								"down": {
									"uv": [
										42,
										13
									],
									"uv_size": [
										6,
										-1
									]
								}
							}
						},
						{
							"origin": [
								-3,
								10.3,
								-4
							],
							"size": [
								6,
								1,
								1
							],
							"uv": {
								"north": {
									"uv": [
										13,
										42
									],
									"uv_size": [
										6,
										1
									]
								},
								"east": {
									"uv": [
										4,
										51
									],
									"uv_size": [
										1,
										1
									]
								},
								"south": {
									"uv": [
										42,
										14
									],
									"uv_size": [
										6,
										1
									]
								},
								"west": {
									"uv": [
										6,
										51
									],
									"uv_size": [
										1,
										1
									]
								},
								"up": {
									"uv": [
										42,
										16
									],
									"uv_size": [
										6,
										1
									]
								},
								"down": {
									"uv": [
										42,
										19
									],
									"uv_size": [
										6,
										-1
									]
								}
							}
						},
						{
							"origin": [
								-4,
								10.3,
								-3
							],
							"size": [
								1,
								1,
								6
							],
							"uv": {
								"north": {
									"uv": [
										51,
										7
									],
									"uv_size": [
										1,
										1
									]
								},
								"east": {
									"uv": [
										20,
										42
									],
									"uv_size": [
										6,
										1
									]
								},
								"south": {
									"uv": [
										8,
										51
									],
									"uv_size": [
										1,
										1
									]
								},
								"west": {
									"uv": [
										42,
										20
									],
									"uv_size": [
										6,
										1
									]
								},
								"up": {
									"uv": [
										42,
										22
									],
									"uv_size": [
										1,
										6
									]
								},
								"down": {
									"uv": [
										27,
										48
									],
									"uv_size": [
										1,
										-6
									]
								}
							}
						},
						{
							"origin": [
								3,
								10.3,
								-3
							],
							"size": [
								1,
								1,
								6
							],
							"uv": {
								"north": {
									"uv": [
										51,
										9
									],
									"uv_size": [
										1,
										1
									]
								},
								"east": {
									"uv": [
										29,
										42
									],
									"uv_size": [
										6,
										1
									]
								},
								"south": {
									"uv": [
										10,
										51
									],
									"uv_size": [
										1,
										1
									]
								},
								"west": {
									"uv": [
										36,
										42
									],
									"uv_size": [
										6,
										1
									]
								},
								"up": {
									"uv": [
										43,
										38
									],
									"uv_size": [
										1,
										6
									]
								},
								"down": {
									"uv": [
										6,
										50
									],
									"uv_size": [
										1,
										-6
									]
								}
							}
						},
						{
							"origin": [
								-4,
								8.4,
								-5
							],
							"size": [
								8,
								2.6,
								1
							],
							"uv": {
								"north": {
									"uv": [
										28,
										0
									],
									"uv_size": [
										8,
										2.5
									]
								},
								"east": {
									"uv": [
										20,
										47
									],
									"uv_size": [
										1,
										2.5
									]
								},
								"south": {
									"uv": [
										28,
										4
									],
									"uv_size": [
										8,
										2.5
									]
								},
								"west": {
									"uv": [
										22,
										47
									],
									"uv_size": [
										1,
										2.5
									]
								},
								"up": {
									"uv": [
										34,
										32
									],
									"uv_size": [
										8,
										1
									]
								},
								"down": {
									"uv": [
										34,
										35
									],
									"uv_size": [
										8,
										-1
									]
								}
							}
						},
						{
							"origin": [
								-4,
								8.4,
								4
							],
							"size": [
								8,
								2.6,
								1
							],
							"uv": {
								"north": {
									"uv": [
										29,
										8
									],
									"uv_size": [
										8,
										2.5
									]
								},
								"east": {
									"uv": [
										29,
										47
									],
									"uv_size": [
										1,
										2.5
									]
								},
								"south": {
									"uv": [
										29,
										12
									],
									"uv_size": [
										8,
										2.5
									]
								},
								"west": {
									"uv": [
										31,
										47
									],
									"uv_size": [
										1,
										2.5
									]
								},
								"up": {
									"uv": [
										22,
										36
									],
									"uv_size": [
										8,
										1
									]
								},
								"down": {
									"uv": [
										31,
										37
									],
									"uv_size": [
										8,
										-1
									]
								}
							}
						},
						{
							"origin": [
								-5,
								8.4,
								-4
							],
							"size": [
								1,
								2.6,
								8
							],
							"uv": {
								"north": {
									"uv": [
										47,
										31
									],
									"uv_size": [
										1,
										2.5
									]
								},
								"east": {
									"uv": [
										29,
										16
									],
									"uv_size": [
										8,
										2.5
									]
								},
								"south": {
									"uv": [
										33,
										47
									],
									"uv_size": [
										1,
										2.5
									]
								},
								"west": {
									"uv": [
										29,
										20
									],
									"uv_size": [
										8,
										2.5
									]
								},
								"up": {
									"uv": [
										0,
										38
									],
									"uv_size": [
										1,
										8
									]
								},
								"down": {
									"uv": [
										38,
										8
									],
									"uv_size": [
										1,
										-8
									]
								}
							}
						},
						{
							"origin": [
								4,
								8.4,
								-4
							],
							"size": [
								1,
								2.6,
								8
							],
							"uv": {
								"north": {
									"uv": [
										35,
										47
									],
									"uv_size": [
										1,
										2.5
									]
								},
								"east": {
									"uv": [
										29,
										24
									],
									"uv_size": [
										8,
										2.5
									]
								},
								"south": {
									"uv": [
										37,
										47
									],
									"uv_size": [
										1,
										2.5
									]
								},
								"west": {
									"uv": [
										29,
										28
									],
									"uv_size": [
										8,
										2.5
									]
								},
								"up": {
									"uv": [
										2,
										38
									],
									"uv_size": [
										1,
										8
									]
								},
								"down": {
									"uv": [
										4,
										46
									],
									"uv_size": [
										1,
										-8
									]
								}
							}
						},
						{
							"origin": [
								4.66,
								8.4,
								-1
							],
							"size": [
								1,
								2.6,
								1.41
							],
							"pivot": [
								0,
								10,
								-1
							],
							"rotation": [
								0,
								45,
								0
							],
							"uv": {
								"north": {
									"uv": [
										39,
										47
									],
									"uv_size": [
										1,
										2.5
									]
								},
								"east": {
									"uv": [
										24,
										44
									],
									"uv_size": [
										1.5,
										2.5
									]
								},
								"south": {
									"uv": [
										45,
										47
									],
									"uv_size": [
										1,
										2.5
									]
								},
								"west": {
									"uv": [
										0,
										47
									],
									"uv_size": [
										1.5,
										2.5
									]
								},
								"up": {
									"uv": [
										47,
										35
									],
									"uv_size": [
										1,
										1.5
									]
								},
								"down": {
									"uv": [
										48,
										1.5
									],
									"uv_size": [
										1,
										-1.5
									]
								}
							}
						},
						{
							"origin": [
								3.26,
								10.3,
								-1
							],
							"size": [
								1,
								1,
								1.41
							],
							"pivot": [
								0,
								9.3,
								-1
							],
							"rotation": [
								0,
								45,
								0
							],
							"uv": {
								"north": {
									"uv": [
										51,
										11
									],
									"uv_size": [
										1,
										1
									]
								},
								"east": {
									"uv": [
										25,
										30
									],
									"uv_size": [
										1.5,
										1
									]
								},
								"south": {
									"uv": [
										12,
										51
									],
									"uv_size": [
										1,
										1
									]
								},
								"west": {
									"uv": [
										4,
										32
									],
									"uv_size": [
										1.5,
										1
									]
								},
								"up": {
									"uv": [
										49,
										11
									],
									"uv_size": [
										1,
										1.5
									]
								},
								"down": {
									"uv": [
										49,
										15.5
									],
									"uv_size": [
										1,
										-1.5
									]
								}
							}
						},
						{
							"origin": [
								-7.07,
								8.4,
								-1
							],
							"size": [
								1,
								2.6,
								1.41
							],
							"pivot": [
								0,
								10,
								-1
							],
							"rotation": [
								0,
								45,
								0
							],
							"uv": {
								"north": {
									"uv": [
										47,
										47
									],
									"uv_size": [
										1,
										2.5
									]
								},
								"east": {
									"uv": [
										3,
										47
									],
									"uv_size": [
										1.5,
										2.5
									]
								},
								"south": {
									"uv": [
										48,
										22
									],
									"uv_size": [
										1,
										2.5
									]
								},
								"west": {
									"uv": [
										47,
										3
									],
									"uv_size": [
										1.5,
										2.5
									]
								},
								"up": {
									"uv": [
										49,
										17
									],
									"uv_size": [
										1,
										1.5
									]
								},
								"down": {
									"uv": [
										26,
										50.5
									],
									"uv_size": [
										1,
										-1.5
									]
								}
							}
						},
						{
							"origin": [
								-5.67,
								10.3,
								-1
							],
							"size": [
								1,
								1,
								1.41
							],
							"pivot": [
								0,
								9.3,
								-1
							],
							"rotation": [
								0,
								45,
								0
							],
							"uv": {
								"north": {
									"uv": [
										51,
										13
									],
									"uv_size": [
										1,
										1
									]
								},
								"east": {
									"uv": [
										22,
										34
									],
									"uv_size": [
										1.5,
										1
									]
								},
								"south": {
									"uv": [
										14,
										51
									],
									"uv_size": [
										1,
										1
									]
								},
								"west": {
									"uv": [
										43,
										34
									],
									"uv_size": [
										1.5,
										1
									]
								},
								"up": {
									"uv": [
										49,
										26
									],
									"uv_size": [
										1,
										1.5
									]
								},
								"down": {
									"uv": [
										49,
										30.5
									],
									"uv_size": [
										1,
										-1.5
									]
								}
							}
						},
						{
							"origin": [
								-5.67,
								8.4,
								-0.99
							],
							"size": [
								1,
								2.6,
								1.41
							],
							"pivot": [
								0,
								10,
								-1
							],
							"rotation": [
								0,
								-45,
								0
							],
							"uv": {
								"north": {
									"uv": [
										24,
										48
									],
									"uv_size": [
										1,
										2.5
									]
								},
								"east": {
									"uv": [
										8,
										47
									],
									"uv_size": [
										1.5,
										2.5
									]
								},
								"south": {
									"uv": [
										41,
										48
									],
									"uv_size": [
										1,
										2.5
									]
								},
								"west": {
									"uv": [
										11,
										47
									],
									"uv_size": [
										1.5,
										2.5
									]
								},
								"up": {
									"uv": [
										49,
										32
									],
									"uv_size": [
										1,
										1.5
									]
								},
								"down": {
									"uv": [
										49,
										36.5
									],
									"uv_size": [
										1,
										-1.5
									]
								}
							}
						},
						{
							"origin": [
								-4.27,
								10.3,
								-0.99
							],
							"size": [
								1,
								1,
								1.41
							],
							"pivot": [
								0,
								9.3,
								-1
							],
							"rotation": [
								0,
								-45,
								0
							],
							"uv": {
								"north": {
									"uv": [
										51,
										15
									],
									"uv_size": [
										1,
										1
									]
								},
								"east": {
									"uv": [
										49,
										20
									],
									"uv_size": [
										1.5,
										1
									]
								},
								"south": {
									"uv": [
										16,
										51
									],
									"uv_size": [
										1,
										1
									]
								},
								"west": {
									"uv": [
										49,
										38
									],
									"uv_size": [
										1.5,
										1
									]
								},
								"up": {
									"uv": [
										49,
										40
									],
									"uv_size": [
										1,
										1.5
									]
								},
								"down": {
									"uv": [
										49,
										44.5
									],
									"uv_size": [
										1,
										-1.5
									]
								}
							}
						},
						{
							"origin": [
								6.07,
								8.4,
								-1
							],
							"size": [
								1,
								2.6,
								1.41
							],
							"pivot": [
								0,
								10,
								-1
							],
							"rotation": [
								0,
								-45,
								0
							],
							"uv": {
								"north": {
									"uv": [
										43,
										48
									],
									"uv_size": [
										1,
										2.5
									]
								},
								"east": {
									"uv": [
										14,
										47
									],
									"uv_size": [
										1.5,
										2.5
									]
								},
								"south": {
									"uv": [
										49,
										7
									],
									"uv_size": [
										1,
										2.5
									]
								},
								"west": {
									"uv": [
										17,
										47
									],
									"uv_size": [
										1.5,
										2.5
									]
								},
								"up": {
									"uv": [
										49,
										46
									],
									"uv_size": [
										1,
										1.5
									]
								},
								"down": {
									"uv": [
										49,
										50.5
									],
									"uv_size": [
										1,
										-1.5
									]
								}
							}
						},
						{
							"origin": [
								4.67,
								10.3,
								-1
							],
							"size": [
								1,
								1,
								1.41
							],
							"pivot": [
								0,
								9.3,
								-1
							],
							"rotation": [
								0,
								-45,
								0
							],
							"uv": {
								"north": {
									"uv": [
										51,
										17
									],
									"uv_size": [
										1,
										1
									]
								},
								"east": {
									"uv": [
										50,
										0
									],
									"uv_size": [
										1.5,
										1
									]
								},
								"south": {
									"uv": [
										18,
										51
									],
									"uv_size": [
										1,
										1
									]
								},
								"west": {
									"uv": [
										50,
										2
									],
									"uv_size": [
										1.5,
										1
									]
								},
								"up": {
									"uv": [
										50,
										4
									],
									"uv_size": [
										1,
										1.5
									]
								},
								"down": {
									"uv": [
										50,
										23.5
									],
									"uv_size": [
										1,
										-1.5
									]
								}
							}
						}
					]
				}
			]
		}
	]
}