{
	"format_version": "1.12.0",
	"minecraft:geometry": [
		{
			"description": {
				"identifier": "geometry.tech_dust666",
				"texture_width": 64,
				"texture_height": 64,
				"visible_bounds_width": 2,
				"visible_bounds_height": 2.5,
				"visible_bounds_offset": [
					0,
					0.75,
					0
				]
			},
			"bones": [
				{
					"name": "bb_main",
					"pivot": [
						0,
						0,
						0
					],
					"cubes": [
						{
							"origin": [
								-4,
								0,
								-4
							],
							"size": [
								8,
								11,
								8
							],
							"uv": {
								"north": {
									"uv": [
										10,
										0
									],
									"uv_size": [
										8,
										11
									]
								},
								"east": {
									"uv": [
										10,
										0
									],
									"uv_size": [
										8,
										11
									]
								},
								"south": {
									"uv": [
										10,
										0
									],
									"uv_size": [
										8,
										11
									]
								},
								"west": {
									"uv": [
										10,
										0
									],
									"uv_size": [
										8,
										11
									]
								},
								"up": {
									"uv": [
										0,
										20
									],
									"uv_size": [
										8,
										8
									]
								},
								"down": {
									"uv": [
										8,
										30
									],
									"uv_size": [
										8,
										-8
									]
								}
							}
						},
						{
							"origin": [
								-5,
								11,
								-5
							],
							"size": [
								10,
								2,
								10
							],
							"uv": {
								"north": {
									"uv": [
										26,
										0
									],
									"uv_size": [
										10,
										2
									]
								},
								"east": {
									"uv": [
										26,
										0
									],
									"uv_size": [
										10,
										2
									]
								},
								"south": {
									"uv": [
										26,
										0
									],
									"uv_size": [
										10,
										2
									]
								},
								"west": {
									"uv": [
										26,
										0
									],
									"uv_size": [
										10,
										2
									]
								},
								"up": {
									"uv": [
										0,
										0
									],
									"uv_size": [
										10,
										10
									]
								},
								"down": {
									"uv": [
										0,
										20
									],
									"uv_size": [
										10,
										-10
									]
								}
							}
						},
						{
							"origin": [
								-1.5,
								13,
								0.5
							],
							"size": [
								-1,
								2,
								-1
							],
							"uv": {
								"north": {
									"uv": [
										8,
										20
									],
									"uv_size": [
										1,
										2
									]
								},
								"east": {
									"uv": [
										9,
										20
									],
									"uv_size": [
										1,
										2
									]
								},
								"south": {
									"uv": [
										26,
										8
									],
									"uv_size": [
										1,
										2
									]
								},
								"west": {
									"uv": [
										26,
										10
									],
									"uv_size": [
										1,
										2
									]
								},
								"up": {
									"uv": [
										17,
										26
									],
									"uv_size": [
										1,
										1
									]
								},
								"down": {
									"uv": [
										18,
										27
									],
									"uv_size": [
										1,
										-1
									]
								}
							}
						},
						{
							"origin": [
								2.5,
								13,
								0.5
							],
							"size": [
								-1,
								2,
								-1
							],
							"uv": {
								"north": {
									"uv": [
										26,
										12
									],
									"uv_size": [
										1,
										2
									]
								},
								"east": {
									"uv": [
										26,
										14
									],
									"uv_size": [
										1,
										2
									]
								},
								"south": {
									"uv": [
										16,
										26
									],
									"uv_size": [
										1,
										2
									]
								},
								"west": {
									"uv": [
										26,
										16
									],
									"uv_size": [
										1,
										2
									]
								},
								"up": {
									"uv": [
										26,
										18
									],
									"uv_size": [
										1,
										1
									]
								},
								"down": {
									"uv": [
										19,
										27
									],
									"uv_size": [
										1,
										-1
									]
								}
							}
						},
						{
							"origin": [
								-2.5,
								14,
								0.5
							],
							"size": [
								5,
								1,
								-1
							],
							"uv": {
								"north": {
									"uv": [
										26,
										4
									],
									"uv_size": [
										5,
										1
									]
								},
								"east": {
									"uv": [
										26,
										19
									],
									"uv_size": [
										1,
										1
									]
								},
								"south": {
									"uv": [
										26,
										5
									],
									"uv_size": [
										5,
										1
									]
								},
								"west": {
									"uv": [
										20,
										26
									],
									"uv_size": [
										1,
										1
									]
								},
								"up": {
									"uv": [
										26,
										6
									],
									"uv_size": [
										5,
										1
									]
								},
								"down": {
									"uv": [
										26,
										8
									],
									"uv_size": [
										5,
										-1
									]
								}
							}
						}
					]
				}
			]
		}
	]
}