{
	"format_version": "1.12.0",
	"minecraft:geometry": [
		{
			"description": {
				"identifier": "geometry.tech_cpu",
				"texture_width": 64,
				"texture_height": 64,
				"visible_bounds_width": 3,
				"visible_bounds_height": 3,
				"visible_bounds_offset": [
					0,
					0.5,
					0
				]
			},
			"bones": [
				{
					"name": "bb_main",
					"pivot": [
						0,
						0,
						0
					],
					"cubes": [
						{
							"origin": [
								-3,
								0,
								-5
							],
							"size": [
								6,
								13,
								10
							],
							"uv": {
								"north": {
									"uv": [
										0,
										13
									],
									"uv_size": [
										6,
										13
									]
								},
								"east": {
									"uv": [
										0,
										0
									],
									"uv_size": [
										10,
										13
									]
								},
								"south": {
									"uv": [
										6,
										13
									],
									"uv_size": [
										6,
										13
									]
								},
								"west": {
									"uv": [
										10,
										0
									],
									"uv_size": [
										10,
										13
									]
								},
								"up": {
									"uv": [
										20,
										0
									],
									"uv_size": [
										6,
										10
									]
								},
								"down": {
									"uv": [
										24,
										20
									],
									"uv_size": [
										6,
										-10
									]
								}
							}
						},
						{
							"origin": [
								-3,
								13,
								-5.1
							],
							"size": [
								6,
								0.3,
								10.1
							],
							"uv": {
								"north": {
									"uv": [
										29,
										31
									],
									"uv_size": [
										6,
										0.25
									]
								},
								"east": {
									"uv": [
										29,
										30
									],
									"uv_size": [
										10,
										0.25
									]
								},
								"south": {
									"uv": [
										32,
										0
									],
									"uv_size": [
										6,
										0.25
									]
								},
								"west": {
									"uv": [
										31,
										9
									],
									"uv_size": [
										10,
										0.25
									]
								},
								"up": {
									"uv": [
										12,
										24
									],
									"uv_size": [
										6,
										10
									]
								},
								"down": {
									"uv": [
										18,
										34
									],
									"uv_size": [
										6,
										-10
									]
								}
							}
						},
						{
							"origin": [
								-3,
								13,
								4.7
							],
							"size": [
								6,
								0.3,
								0.5
							],
							"uv": {
								"north": {
									"uv": [
										32,
										1
									],
									"uv_size": [
										6,
										0.25
									]
								},
								"east": {
									"uv": [
										31,
										35
									],
									"uv_size": [
										0.5,
										0.25
									]
								},
								"south": {
									"uv": [
										32,
										2
									],
									"uv_size": [
										6,
										0.25
									]
								},
								"west": {
									"uv": [
										35,
										31
									],
									"uv_size": [
										0.5,
										0.25
									]
								},
								"up": {
									"uv": [
										29,
										22
									],
									"uv_size": [
										6,
										0.5
									]
								},
								"down": {
									"uv": [
										29,
										23.5
									],
									"uv_size": [
										6,
										-0.5
									]
								}
							}
						},
						{
							"origin": [
								-3,
								0,
								4.7
							],
							"size": [
								6,
								0.3,
								0.5
							],
							"uv": {
								"north": {
									"uv": [
										32,
										3
									],
									"uv_size": [
										6,
										0.25
									]
								},
								"east": {
									"uv": [
										32,
										35
									],
									"uv_size": [
										0.5,
										0.25
									]
								},
								"south": {
									"uv": [
										32,
										4
									],
									"uv_size": [
										6,
										0.25
									]
								},
								"west": {
									"uv": [
										35,
										32
									],
									"uv_size": [
										0.5,
										0.25
									]
								},
								"up": {
									"uv": [
										29,
										24
									],
									"uv_size": [
										6,
										0.5
									]
								},
								"down": {
									"uv": [
										29,
										25.5
									],
									"uv_size": [
										6,
										-0.5
									]
								}
							}
						},
						{
							"origin": [
								-3,
								1,
								4.7
							],
							"size": [
								6,
								0.3,
								0.5
							],
							"uv": {
								"north": {
									"uv": [
										32,
										5
									],
									"uv_size": [
										6,
										0.25
									]
								},
								"east": {
									"uv": [
										33,
										35
									],
									"uv_size": [
										0.5,
										0.25
									]
								},
								"south": {
									"uv": [
										32,
										6
									],
									"uv_size": [
										6,
										0.25
									]
								},
								"west": {
									"uv": [
										35,
										33
									],
									"uv_size": [
										0.5,
										0.25
									]
								},
								"up": {
									"uv": [
										29,
										26
									],
									"uv_size": [
										6,
										0.5
									]
								},
								"down": {
									"uv": [
										29,
										27.5
									],
									"uv_size": [
										6,
										-0.5
									]
								}
							}
						},
						{
							"origin": [
								-3,
								2,
								4.7
							],
							"size": [
								6,
								0.3,
								0.5
							],
							"uv": {
								"north": {
									"uv": [
										32,
										7
									],
									"uv_size": [
										6,
										0.25
									]
								},
								"east": {
									"uv": [
										34,
										35
									],
									"uv_size": [
										0.5,
										0.25
									]
								},
								"south": {
									"uv": [
										32,
										8
									],
									"uv_size": [
										6,
										0.25
									]
								},
								"west": {
									"uv": [
										35,
										34
									],
									"uv_size": [
										0.5,
										0.25
									]
								},
								"up": {
									"uv": [
										29,
										28
									],
									"uv_size": [
										6,
										0.5
									]
								},
								"down": {
									"uv": [
										29,
										29.5
									],
									"uv_size": [
										6,
										-0.5
									]
								}
							}
						},
						{
							"origin": [
								-3,
								3,
								4.7
							],
							"size": [
								6,
								0.3,
								0.5
							],
							"uv": {
								"north": {
									"uv": [
										32,
										20
									],
									"uv_size": [
										6,
										0.25
									]
								},
								"east": {
									"uv": [
										35,
										35
									],
									"uv_size": [
										0.5,
										0.25
									]
								},
								"south": {
									"uv": [
										32,
										21
									],
									"uv_size": [
										6,
										0.25
									]
								},
								"west": {
									"uv": [
										3,
										36
									],
									"uv_size": [
										0.5,
										0.25
									]
								},
								"up": {
									"uv": [
										30,
										10
									],
									"uv_size": [
										6,
										0.5
									]
								},
								"down": {
									"uv": [
										30,
										11.5
									],
									"uv_size": [
										6,
										-0.5
									]
								}
							}
						},
						{
							"origin": [
								-3,
								4,
								4.7
							],
							"size": [
								6,
								0.3,
								0.5
							],
							"uv": {
								"north": {
									"uv": [
										29,
										32
									],
									"uv_size": [
										6,
										0.25
									]
								},
								"east": {
									"uv": [
										4,
										36
									],
									"uv_size": [
										0.5,
										0.25
									]
								},
								"south": {
									"uv": [
										29,
										33
									],
									"uv_size": [
										6,
										0.25
									]
								},
								"west": {
									"uv": [
										5,
										36
									],
									"uv_size": [
										0.5,
										0.25
									]
								},
								"up": {
									"uv": [
										30,
										12
									],
									"uv_size": [
										6,
										0.5
									]
								},
								"down": {
									"uv": [
										30,
										13.5
									],
									"uv_size": [
										6,
										-0.5
									]
								}
							}
						},
						{
							"origin": [
								-3,
								5,
								4.7
							],
							"size": [
								6,
								0.3,
								0.5
							],
							"uv": {
								"north": {
									"uv": [
										12,
										34
									],
									"uv_size": [
										6,
										0.25
									]
								},
								"east": {
									"uv": [
										6,
										36
									],
									"uv_size": [
										0.5,
										0.25
									]
								},
								"south": {
									"uv": [
										18,
										34
									],
									"uv_size": [
										6,
										0.25
									]
								},
								"west": {
									"uv": [
										7,
										36
									],
									"uv_size": [
										0.5,
										0.25
									]
								},
								"up": {
									"uv": [
										30,
										14
									],
									"uv_size": [
										6,
										0.5
									]
								},
								"down": {
									"uv": [
										30,
										15.5
									],
									"uv_size": [
										6,
										-0.5
									]
								}
							}
						},
						{
							"origin": [
								-3,
								6,
								4.7
							],
							"size": [
								6,
								0.3,
								0.5
							],
							"uv": {
								"north": {
									"uv": [
										29,
										34
									],
									"uv_size": [
										6,
										0.25
									]
								},
								"east": {
									"uv": [
										36,
										10
									],
									"uv_size": [
										0.5,
										0.25
									]
								},
								"south": {
									"uv": [
										12,
										35
									],
									"uv_size": [
										6,
										0.25
									]
								},
								"west": {
									"uv": [
										36,
										11
									],
									"uv_size": [
										0.5,
										0.25
									]
								},
								"up": {
									"uv": [
										30,
										16
									],
									"uv_size": [
										6,
										0.5
									]
								},
								"down": {
									"uv": [
										30,
										17.5
									],
									"uv_size": [
										6,
										-0.5
									]
								}
							}
						},
						{
							"origin": [
								-3,
								7,
								4.7
							],
							"size": [
								6,
								0.3,
								0.5
							],
							"uv": {
								"north": {
									"uv": [
										18,
										35
									],
									"uv_size": [
										6,
										0.25
									]
								},
								"east": {
									"uv": [
										12,
										36
									],
									"uv_size": [
										0.5,
										0.25
									]
								},
								"south": {
									"uv": [
										35,
										22
									],
									"uv_size": [
										6,
										0.25
									]
								},
								"west": {
									"uv": [
										36,
										12
									],
									"uv_size": [
										0.5,
										0.25
									]
								},
								"up": {
									"uv": [
										30,
										18
									],
									"uv_size": [
										6,
										0.5
									]
								},
								"down": {
									"uv": [
										30,
										19.5
									],
									"uv_size": [
										6,
										-0.5
									]
								}
							}
						},
						{
							"origin": [
								1,
								8,
								4.7
							],
							"size": [
								1,
								0.3,
								0.5
							],
							"uv": {
								"north": {
									"uv": [
										35,
										28
									],
									"uv_size": [
										1,
										0.25
									]
								},
								"east": {
									"uv": [
										13,
										36
									],
									"uv_size": [
										0.5,
										0.25
									]
								},
								"south": {
									"uv": [
										29,
										35
									],
									"uv_size": [
										1,
										0.25
									]
								},
								"west": {
									"uv": [
										36,
										13
									],
									"uv_size": [
										0.5,
										0.25
									]
								},
								"up": {
									"uv": [
										35,
										24
									],
									"uv_size": [
										1,
										0.5
									]
								},
								"down": {
									"uv": [
										25,
										35.5
									],
									"uv_size": [
										1,
										-0.5
									]
								}
							}
						},
						{
							"origin": [
								1,
								10,
								4.7
							],
							"size": [
								1,
								0.5,
								0.5
							],
							"uv": {
								"north": {
									"uv": [
										35,
										25
									],
									"uv_size": [
										1,
										0.5
									]
								},
								"east": {
									"uv": [
										35,
										29
									],
									"uv_size": [
										0.5,
										0.5
									]
								},
								"south": {
									"uv": [
										26,
										35
									],
									"uv_size": [
										1,
										0.5
									]
								},
								"west": {
									"uv": [
										30,
										35
									],
									"uv_size": [
										0.5,
										0.5
									]
								},
								"up": {
									"uv": [
										35,
										26
									],
									"uv_size": [
										1,
										0.5
									]
								},
								"down": {
									"uv": [
										27,
										35.5
									],
									"uv_size": [
										1,
										-0.5
									]
								}
							}
						},
						{
							"origin": [
								-2,
								8,
								4.7
							],
							"size": [
								1,
								2.5,
								0.5
							],
							"uv": {
								"north": {
									"uv": [
										24,
										31
									],
									"uv_size": [
										1,
										2.5
									]
								},
								"east": {
									"uv": [
										3,
										32
									],
									"uv_size": [
										0.5,
										2.5
									]
								},
								"south": {
									"uv": [
										25,
										31
									],
									"uv_size": [
										1,
										2.5
									]
								},
								"west": {
									"uv": [
										4,
										32
									],
									"uv_size": [
										0.5,
										2.5
									]
								},
								"up": {
									"uv": [
										35,
										27
									],
									"uv_size": [
										1,
										0.5
									]
								},
								"down": {
									"uv": [
										28,
										35.5
									],
									"uv_size": [
										1,
										-0.5
									]
								}
							}
						},
						{
							"origin": [
								-3,
								0,
								-7
							],
							"size": [
								6,
								11,
								2
							],
							"uv": {
								"north": {
									"uv": [
										12,
										13
									],
									"uv_size": [
										6,
										11
									]
								},
								"east": {
									"uv": [
										24,
										20
									],
									"uv_size": [
										2,
										11
									]
								},
								"south": {
									"uv": [
										18,
										13
									],
									"uv_size": [
										6,
										11
									]
								},
								"west": {
									"uv": [
										0,
										26
									],
									"uv_size": [
										2,
										11
									]
								},
								"up": {
									"uv": [
										26,
										3
									],
									"uv_size": [
										6,
										2
									]
								},
								"down": {
									"uv": [
										26,
										7
									],
									"uv_size": [
										6,
										-2
									]
								}
							}
						},
						{
							"origin": [
								-0.5,
								9,
								-7.2
							],
							"size": [
								1,
								1,
								1
							],
							"uv": {
								"north": {
									"uv": [
										5,
										32
									],
									"uv_size": [
										1,
										1
									]
								},
								"east": {
									"uv": [
										6,
										32
									],
									"uv_size": [
										1,
										1
									]
								},
								"south": {
									"uv": [
										7,
										32
									],
									"uv_size": [
										1,
										1
									]
								},
								"west": {
									"uv": [
										5,
										33
									],
									"uv_size": [
										1,
										1
									]
								},
								"up": {
									"uv": [
										6,
										33
									],
									"uv_size": [
										1,
										1
									]
								},
								"down": {
									"uv": [
										7,
										34
									],
									"uv_size": [
										1,
										-1
									]
								}
							}
						},
						{
							"origin": [
								-2.5,
								7,
								-7.1
							],
							"size": [
								5,
								0.5,
								1
							],
							"uv": {
								"north": {
									"uv": [
										3,
										30
									],
									"uv_size": [
										5,
										0.5
									]
								},
								"east": {
									"uv": [
										7,
										34
									],
									"uv_size": [
										1,
										0.5
									]
								},
								"south": {
									"uv": [
										3,
										31
									],
									"uv_size": [
										5,
										0.5
									]
								},
								"west": {
									"uv": [
										24,
										34
									],
									"uv_size": [
										1,
										0.5
									]
								},
								"up": {
									"uv": [
										26,
										9
									],
									"uv_size": [
										5,
										1
									]
								},
								"down": {
									"uv": [
										3,
										30
									],
									"uv_size": [
										5,
										-1
									]
								}
							}
						},
						{
							"origin": [
								-2.5,
								8,
								-7.1
							],
							"size": [
								1,
								0.5,
								1
							],
							"uv": {
								"north": {
									"uv": [
										25,
										34
									],
									"uv_size": [
										1,
										0.5
									]
								},
								"east": {
									"uv": [
										3,
										35
									],
									"uv_size": [
										1,
										0.5
									]
								},
								"south": {
									"uv": [
										4,
										35
									],
									"uv_size": [
										1,
										0.5
									]
								},
								"west": {
									"uv": [
										5,
										35
									],
									"uv_size": [
										1,
										0.5
									]
								},
								"up": {
									"uv": [
										5,
										34
									],
									"uv_size": [
										1,
										1
									]
								},
								"down": {
									"uv": [
										6,
										35
									],
									"uv_size": [
										1,
										-1
									]
								}
							}
						},
						{
							"origin": [
								-3,
								0,
								4.2
							],
							"size": [
								0.5,
								13,
								1
							],
							"uv": {
								"north": {
									"uv": [
										26,
										22
									],
									"uv_size": [
										0.5,
										13
									]
								},
								"east": {
									"uv": [
										8,
										26
									],
									"uv_size": [
										1,
										13
									]
								},
								"south": {
									"uv": [
										27,
										22
									],
									"uv_size": [
										0.5,
										13
									]
								},
								"west": {
									"uv": [
										9,
										26
									],
									"uv_size": [
										1,
										13
									]
								},
								"up": {
									"uv": [
										6,
										35
									],
									"uv_size": [
										0.5,
										1
									]
								},
								"down": {
									"uv": [
										7,
										36
									],
									"uv_size": [
										0.5,
										-1
									]
								}
							}
						},
						{
							"origin": [
								2.5,
								0,
								4.2
							],
							"size": [
								0.5,
								13,
								1
							],
							"uv": {
								"north": {
									"uv": [
										28,
										22
									],
									"uv_size": [
										0.5,
										13
									]
								},
								"east": {
									"uv": [
										10,
										26
									],
									"uv_size": [
										1,
										13
									]
								},
								"south": {
									"uv": [
										2,
										29
									],
									"uv_size": [
										0.5,
										13
									]
								},
								"west": {
									"uv": [
										11,
										26
									],
									"uv_size": [
										1,
										13
									]
								},
								"up": {
									"uv": [
										35,
										23
									],
									"uv_size": [
										0.5,
										1
									]
								},
								"down": {
									"uv": [
										24,
										36
									],
									"uv_size": [
										0.5,
										-1
									]
								}
							}
						},
						{
							"origin": [
								-3,
								3.94,
								-12.44
							],
							"size": [
								6,
								3,
								2
							],
							"pivot": [
								0,
								0,
								0
							],
							"rotation": [
								-40,
								0,
								0
							],
							"uv": {
								"north": {
									"uv": [
										26,
										0
									],
									"uv_size": [
										6,
										3
									]
								},
								"east": {
									"uv": [
										20,
										10
									],
									"uv_size": [
										2,
										3
									]
								},
								"south": {
									"uv": [
										2,
										26
									],
									"uv_size": [
										6,
										3
									]
								},
								"west": {
									"uv": [
										22,
										10
									],
									"uv_size": [
										2,
										3
									]
								},
								"up": {
									"uv": [
										26,
										7
									],
									"uv_size": [
										6,
										2
									]
								},
								"down": {
									"uv": [
										26,
										22
									],
									"uv_size": [
										6,
										-2
									]
								}
							}
						}
					]
				}
			]
		}
	]
}