{
	"format_version": "1.12.0",
	"minecraft:geometry": [
		{
			"description": {
				"identifier": "geometry.windos2",
				"texture_width": 64,
				"texture_height": 64,
				"visible_bounds_width": 2,
				"visible_bounds_height": 2.5,
				"visible_bounds_offset": [
					0,
					0.75,
					0
				]
			},
			"bones": [
				{
					"name": "bb_main",
					"pivot": [
						0,
						0,
						0
					],
					"cubes": [
						{
							"origin": [
								-8,
								0,
								-0.5
							],
							"size": [
								16,
								1,
								1
							],
							"uv": {
								"north": {
									"uv": [
										14,
										0
									],
									"uv_size": [
										16,
										1
									]
								},
								"east": {
									"uv": [
										15,
										24
									],
									"uv_size": [
										1,
										1
									]
								},
								"south": {
									"uv": [
										14,
										1
									],
									"uv_size": [
										16,
										1
									]
								},
								"west": {
									"uv": [
										16,
										24
									],
									"uv_size": [
										1,
										1
									]
								},
								"up": {
									"uv": [
										14,
										2
									],
									"uv_size": [
										16,
										1
									]
								},
								"down": {
									"uv": [
										14,
										4
									],
									"uv_size": [
										16,
										-1
									]
								}
							}
						},
						{
							"origin": [
								2,
								14,
								-0.3
							],
							"size": [
								5,
								1,
								0.6
							],
							"uv": {
								"north": {
									"uv": [
										21,
										10
									],
									"uv_size": [
										5,
										1
									]
								},
								"east": {
									"uv": [
										24,
										19
									],
									"uv_size": [
										0.5,
										1
									]
								},
								"south": {
									"uv": [
										21,
										11
									],
									"uv_size": [
										5,
										1
									]
								},
								"west": {
									"uv": [
										20,
										24
									],
									"uv_size": [
										0.5,
										1
									]
								},
								"up": {
									"uv": [
										21,
										14
									],
									"uv_size": [
										5,
										0.5
									]
								},
								"down": {
									"uv": [
										21,
										15.5
									],
									"uv_size": [
										5,
										-0.5
									]
								}
							}
						},
						{
							"origin": [
								-1,
								14.7,
								-0.3
							],
							"size": [
								3,
								0.3,
								0.6
							],
							"uv": {
								"north": {
									"uv": [
										15,
										20
									],
									"uv_size": [
										3,
										0.5
									]
								},
								"east": {
									"uv": [
										24,
										21
									],
									"uv_size": [
										0.5,
										0.5
									]
								},
								"south": {
									"uv": [
										15,
										21
									],
									"uv_size": [
										3,
										0.5
									]
								},
								"west": {
									"uv": [
										22,
										24
									],
									"uv_size": [
										0.5,
										0.5
									]
								},
								"up": {
									"uv": [
										21,
										16
									],
									"uv_size": [
										3,
										0.5
									]
								},
								"down": {
									"uv": [
										21,
										17.5
									],
									"uv_size": [
										3,
										-0.5
									]
								}
							}
						},
						{
							"origin": [
								-1,
								14,
								-0.3
							],
							"size": [
								3,
								0.3,
								0.6
							],
							"uv": {
								"north": {
									"uv": [
										21,
										18
									],
									"uv_size": [
										3,
										0.5
									]
								},
								"east": {
									"uv": [
										24,
										22
									],
									"uv_size": [
										0.5,
										0.5
									]
								},
								"south": {
									"uv": [
										21,
										19
									],
									"uv_size": [
										3,
										0.5
									]
								},
								"west": {
									"uv": [
										23,
										24
									],
									"uv_size": [
										0.5,
										0.5
									]
								},
								"up": {
									"uv": [
										21,
										20
									],
									"uv_size": [
										3,
										0.5
									]
								},
								"down": {
									"uv": [
										21,
										21.5
									],
									"uv_size": [
										3,
										-0.5
									]
								}
							}
						},
						{
							"origin": [
								-1,
								14.3,
								-0.1
							],
							"size": [
								3,
								0.4,
								0.2
							],
							"uv": {
								"north": {
									"uv": [
										15,
										22
									],
									"uv_size": [
										3,
										0.5
									]
								},
								"east": {
									"uv": [
										24,
										23
									],
									"uv_size": [
										0.5,
										0.5
									]
								},
								"south": {
									"uv": [
										21,
										22
									],
									"uv_size": [
										3,
										0.5
									]
								},
								"west": {
									"uv": [
										24,
										24
									],
									"uv_size": [
										0.5,
										0.5
									]
								},
								"up": {
									"uv": [
										15,
										23
									],
									"uv_size": [
										3,
										0.5
									]
								},
								"down": {
									"uv": [
										21,
										23.5
									],
									"uv_size": [
										3,
										-0.5
									]
								}
							}
						},
						{
							"origin": [
								-7,
								14,
								-0.3
							],
							"size": [
								6,
								1,
								0.6
							],
							"uv": {
								"north": {
									"uv": [
										21,
										8
									],
									"uv_size": [
										6,
										1
									]
								},
								"east": {
									"uv": [
										24,
										20
									],
									"uv_size": [
										0.5,
										1
									]
								},
								"south": {
									"uv": [
										21,
										9
									],
									"uv_size": [
										6,
										1
									]
								},
								"west": {
									"uv": [
										21,
										24
									],
									"uv_size": [
										0.5,
										1
									]
								},
								"up": {
									"uv": [
										21,
										12
									],
									"uv_size": [
										6,
										0.5
									]
								},
								"down": {
									"uv": [
										21,
										13.5
									],
									"uv_size": [
										6,
										-0.5
									]
								}
							}
						},
						{
							"origin": [
								-8,
								15,
								-0.5
							],
							"size": [
								16,
								1,
								1
							],
							"uv": {
								"north": {
									"uv": [
										18,
										4
									],
									"uv_size": [
										16,
										1
									]
								},
								"east": {
									"uv": [
										24,
										17
									],
									"uv_size": [
										1,
										1
									]
								},
								"south": {
									"uv": [
										18,
										5
									],
									"uv_size": [
										16,
										1
									]
								},
								"west": {
									"uv": [
										18,
										24
									],
									"uv_size": [
										1,
										1
									]
								},
								"up": {
									"uv": [
										18,
										6
									],
									"uv_size": [
										16,
										1
									]
								},
								"down": {
									"uv": [
										18,
										8
									],
									"uv_size": [
										16,
										-1
									]
								}
							}
						},
						{
							"origin": [
								7,
								0,
								-0.5
							],
							"size": [
								1,
								16,
								1
							],
							"uv": {
								"north": {
									"uv": [
										14,
										4
									],
									"uv_size": [
										1,
										16
									]
								},
								"east": {
									"uv": [
										15,
										4
									],
									"uv_size": [
										1,
										16
									]
								},
								"south": {
									"uv": [
										16,
										4
									],
									"uv_size": [
										1,
										16
									]
								},
								"west": {
									"uv": [
										17,
										4
									],
									"uv_size": [
										1,
										16
									]
								},
								"up": {
									"uv": [
										24,
										16
									],
									"uv_size": [
										1,
										1
									]
								},
								"down": {
									"uv": [
										17,
										25
									],
									"uv_size": [
										1,
										-1
									]
								}
							}
						},
						{
							"origin": [
								-8,
								0,
								-0.5
							],
							"size": [
								1,
								16,
								1
							],
							"uv": {
								"north": {
									"uv": [
										18,
										8
									],
									"uv_size": [
										1,
										16
									]
								},
								"east": {
									"uv": [
										19,
										8
									],
									"uv_size": [
										1,
										16
									]
								},
								"south": {
									"uv": [
										20,
										8
									],
									"uv_size": [
										1,
										16
									]
								},
								"west": {
									"uv": [
										14,
										20
									],
									"uv_size": [
										1,
										16
									]
								},
								"up": {
									"uv": [
										24,
										18
									],
									"uv_size": [
										1,
										1
									]
								},
								"down": {
									"uv": [
										19,
										25
									],
									"uv_size": [
										1,
										-1
									]
								}
							}
						}
					]
				}
			]
		}
	]
}