{
	"format_version": "1.12.0",
	"minecraft:geometry": [
		{
			"description": {
				"identifier": "geometry.xbox_sersir",
				"texture_width": 64,
				"texture_height": 64,
				"visible_bounds_width": 2,
				"visible_bounds_height": 2.5,
				"visible_bounds_offset": [
					0,
					0.75,
					0
				]
			},
			"bones": [
				{
					"name": "bb_main",
					"pivot": [
						0,
						0,
						0
					],
					"cubes": [
						{
							"origin": [
								-1,
								0,
								-5
							],
							"size": [
								0.3,
								14,
								10
							],
							"uv": {
								"north": {
									"uv": [
										18,
										28
									],
									"uv_size": [
										0.25,
										14
									]
								},
								"east": {
									"uv": [
										0,
										0
									],
									"uv_size": [
										10,
										14
									]
								},
								"south": {
									"uv": [
										19,
										28
									],
									"uv_size": [
										0.25,
										14
									]
								},
								"west": {
									"uv": [
										10,
										0
									],
									"uv_size": [
										10,
										14
									]
								},
								"up": {
									"uv": [
										20,
										28
									],
									"uv_size": [
										0.25,
										10
									]
								},
								"down": {
									"uv": [
										21,
										38
									],
									"uv_size": [
										0.25,
										-10
									]
								}
							}
						},
						{
							"origin": [
								-2,
								0,
								-5.2
							],
							"size": [
								1,
								12,
								10.2
							],
							"uv": {
								"north": {
									"uv": [
										0,
										28
									],
									"uv_size": [
										1,
										12
									]
								},
								"east": {
									"uv": [
										0,
										14
									],
									"uv_size": [
										10.25,
										12
									]
								},
								"south": {
									"uv": [
										1,
										28
									],
									"uv_size": [
										1,
										12
									]
								},
								"west": {
									"uv": [
										11,
										14
									],
									"uv_size": [
										10.25,
										12
									]
								},
								"up": {
									"uv": [
										4,
										28
									],
									"uv_size": [
										1,
										10.25
									]
								},
								"down": {
									"uv": [
										5,
										38.25
									],
									"uv_size": [
										1,
										-10.25
									]
								}
							}
						},
						{
							"origin": [
								-2,
								12.3,
								-4.3
							],
							"size": [
								1,
								2,
								9.3
							],
							"uv": {
								"north": {
									"uv": [
										20,
										12
									],
									"uv_size": [
										1,
										2
									]
								},
								"east": {
									"uv": [
										22,
										24
									],
									"uv_size": [
										9.25,
										2
									]
								},
								"south": {
									"uv": [
										21,
										12
									],
									"uv_size": [
										1,
										2
									]
								},
								"west": {
									"uv": [
										0,
										26
									],
									"uv_size": [
										9.25,
										2
									]
								},
								"up": {
									"uv": [
										8,
										28
									],
									"uv_size": [
										1,
										9.25
									]
								},
								"down": {
									"uv": [
										9,
										37.25
									],
									"uv_size": [
										1,
										-9.25
									]
								}
							}
						},
						{
							"origin": [
								-2,
								12,
								3.7
							],
							"size": [
								1,
								0.6,
								0.3
							],
							"uv": {
								"north": {
									"uv": [
										27,
										33
									],
									"uv_size": [
										1,
										0.625
									]
								},
								"east": {
									"uv": [
										27,
										34
									],
									"uv_size": [
										0.25,
										0.625
									]
								},
								"south": {
									"uv": [
										28,
										33
									],
									"uv_size": [
										1,
										0.625
									]
								},
								"west": {
									"uv": [
										34,
										27
									],
									"uv_size": [
										0.25,
										0.625
									]
								},
								"up": {
									"uv": [
										34,
										22
									],
									"uv_size": [
										1,
										0.25
									]
								},
								"down": {
									"uv": [
										34,
										23.25
									],
									"uv_size": [
										1,
										-0.25
									]
								}
							}
						},
						{
							"origin": [
								-0.7,
								12,
								3.7
							],
							"size": [
								1,
								0.6,
								0.3
							],
							"uv": {
								"north": {
									"uv": [
										29,
										33
									],
									"uv_size": [
										1,
										0.625
									]
								},
								"east": {
									"uv": [
										28,
										34
									],
									"uv_size": [
										0.25,
										0.625
									]
								},
								"south": {
									"uv": [
										33,
										29
									],
									"uv_size": [
										1,
										0.625
									]
								},
								"west": {
									"uv": [
										29,
										34
									],
									"uv_size": [
										0.25,
										0.625
									]
								},
								"up": {
									"uv": [
										34,
										25
									],
									"uv_size": [
										1,
										0.25
									]
								},
								"down": {
									"uv": [
										34,
										26.25
									],
									"uv_size": [
										1,
										-0.25
									]
								}
							}
						},
						{
							"origin": [
								-0.7,
								12.3,
								-4.3
							],
							"size": [
								1,
								2,
								9.3
							],
							"uv": {
								"north": {
									"uv": [
										30,
										26
									],
									"uv_size": [
										1,
										2
									]
								},
								"east": {
									"uv": [
										10,
										26
									],
									"uv_size": [
										9.25,
										2
									]
								},
								"south": {
									"uv": [
										30,
										28
									],
									"uv_size": [
										1,
										2
									]
								},
								"west": {
									"uv": [
										20,
										26
									],
									"uv_size": [
										9.25,
										2
									]
								},
								"up": {
									"uv": [
										10,
										28
									],
									"uv_size": [
										1,
										9.25
									]
								},
								"down": {
									"uv": [
										11,
										37.25
									],
									"uv_size": [
										1,
										-9.25
									]
								}
							}
						},
						{
							"origin": [
								-0.7,
								0,
								-5.2
							],
							"size": [
								1,
								12,
								10.2
							],
							"uv": {
								"north": {
									"uv": [
										2,
										28
									],
									"uv_size": [
										1,
										12
									]
								},
								"east": {
									"uv": [
										20,
										0
									],
									"uv_size": [
										10.25,
										12
									]
								},
								"south": {
									"uv": [
										3,
										28
									],
									"uv_size": [
										1,
										12
									]
								},
								"west": {
									"uv": [
										22,
										12
									],
									"uv_size": [
										10.25,
										12
									]
								},
								"up": {
									"uv": [
										6,
										28
									],
									"uv_size": [
										1,
										10.25
									]
								},
								"down": {
									"uv": [
										7,
										38.25
									],
									"uv_size": [
										1,
										-10.25
									]
								}
							}
						},
						{
							"origin": [
								-2.2,
								3.2,
								-5.1
							],
							"size": [
								0.2,
								3.9,
								0.3
							],
							"pivot": [
								0,
								0,
								0.1
							],
							"rotation": [
								-43,
								0,
								0
							],
							"uv": {
								"north": {
									"uv": [
										32,
										0
									],
									"uv_size": [
										0.25,
										3.875
									]
								},
								"east": {
									"uv": [
										32,
										4
									],
									"uv_size": [
										0.25,
										3.875
									]
								},
								"south": {
									"uv": [
										32,
										8
									],
									"uv_size": [
										0.25,
										3.875
									]
								},
								"west": {
									"uv": [
										12,
										32
									],
									"uv_size": [
										0.25,
										3.875
									]
								},
								"up": {
									"uv": [
										34,
										29
									],
									"uv_size": [
										0.25,
										0.25
									]
								},
								"down": {
									"uv": [
										34,
										30.25
									],
									"uv_size": [
										0.25,
										-0.25
									]
								}
							}
						},
						{
							"origin": [
								-2.2,
								3.5,
								4.7
							],
							"size": [
								0.2,
								3.8,
								0.3
							],
							"pivot": [
								0,
								0,
								0.1
							],
							"rotation": [
								43,
								0,
								0
							],
							"uv": {
								"north": {
									"uv": [
										13,
										32
									],
									"uv_size": [
										0.25,
										3.75
									]
								},
								"east": {
									"uv": [
										14,
										32
									],
									"uv_size": [
										0.25,
										3.75
									]
								},
								"south": {
									"uv": [
										15,
										32
									],
									"uv_size": [
										0.25,
										3.75
									]
								},
								"west": {
									"uv": [
										16,
										32
									],
									"uv_size": [
										0.25,
										3.75
									]
								},
								"up": {
									"uv": [
										34,
										31
									],
									"uv_size": [
										0.25,
										0.25
									]
								},
								"down": {
									"uv": [
										34,
										32.25
									],
									"uv_size": [
										0.25,
										-0.25
									]
								}
							}
						},
						{
							"origin": [
								-2.1,
								5.65,
								-1.55
							],
							"size": [
								0.2,
								2.9,
								3
							],
							"uv": {
								"north": {
									"uv": [
										31,
										32
									],
									"uv_size": [
										0.25,
										2.875
									]
								},
								"east": {
									"uv": [
										12,
										28
									],
									"uv_size": [
										3,
										2.875
									]
								},
								"south": {
									"uv": [
										32,
										32
									],
									"uv_size": [
										0.25,
										2.875
									]
								},
								"west": {
									"uv": [
										15,
										28
									],
									"uv_size": [
										3,
										2.875
									]
								},
								"up": {
									"uv": [
										17,
										32
									],
									"uv_size": [
										0.25,
										3
									]
								},
								"down": {
									"uv": [
										22,
										35
									],
									"uv_size": [
										0.25,
										-3
									]
								}
							}
						},
						{
							"origin": [
								-2.3,
								8.5,
								-1.6
							],
							"size": [
								0.3,
								0.3,
								3
							],
							"uv": {
								"north": {
									"uv": [
										34,
										33
									],
									"uv_size": [
										0.25,
										0.25
									]
								},
								"east": {
									"uv": [
										23,
										32
									],
									"uv_size": [
										3,
										0.25
									]
								},
								"south": {
									"uv": [
										34,
										34
									],
									"uv_size": [
										0.25,
										0.25
									]
								},
								"west": {
									"uv": [
										32,
										24
									],
									"uv_size": [
										3,
										0.25
									]
								},
								"up": {
									"uv": [
										32,
										25
									],
									"uv_size": [
										0.25,
										3
									]
								},
								"down": {
									"uv": [
										26,
										35
									],
									"uv_size": [
										0.25,
										-3
									]
								}
							}
						},
						{
							"origin": [
								-2.3,
								5.8,
								1.4
							],
							"size": [
								0.3,
								2.8,
								0.2
							],
							"uv": {
								"north": {
									"uv": [
										33,
										0
									],
									"uv_size": [
										0.25,
										2.75
									]
								},
								"east": {
									"uv": [
										33,
										3
									],
									"uv_size": [
										0.25,
										2.75
									]
								},
								"south": {
									"uv": [
										33,
										6
									],
									"uv_size": [
										0.25,
										2.75
									]
								},
								"west": {
									"uv": [
										33,
										9
									],
									"uv_size": [
										0.25,
										2.75
									]
								},
								"up": {
									"uv": [
										35,
										0
									],
									"uv_size": [
										0.25,
										0.25
									]
								},
								"down": {
									"uv": [
										35,
										1.25
									],
									"uv_size": [
										0.25,
										-0.25
									]
								}
							}
						},
						{
							"origin": [
								-2.3,
								6,
								1.6
							],
							"size": [
								0.3,
								2.4,
								0.1
							],
							"uv": {
								"north": {
									"uv": [
										33,
										30
									],
									"uv_size": [
										0.25,
										2.375
									]
								},
								"east": {
									"uv": [
										34,
										10
									],
									"uv_size": [
										0.125,
										2.375
									]
								},
								"south": {
									"uv": [
										33,
										33
									],
									"uv_size": [
										0.25,
										2.375
									]
								},
								"west": {
									"uv": [
										34,
										13
									],
									"uv_size": [
										0.125,
										2.375
									]
								},
								"up": {
									"uv": [
										35,
										10
									],
									"uv_size": [
										0.25,
										0.125
									]
								},
								"down": {
									"uv": [
										35,
										11.125
									],
									"uv_size": [
										0.25,
										-0.125
									]
								}
							}
						},
						{
							"origin": [
								-2.3,
								6,
								-1.8
							],
							"size": [
								0.3,
								2.4,
								0.1
							],
							"uv": {
								"north": {
									"uv": [
										34,
										0
									],
									"uv_size": [
										0.25,
										2.375
									]
								},
								"east": {
									"uv": [
										34,
										16
									],
									"uv_size": [
										0.125,
										2.375
									]
								},
								"south": {
									"uv": [
										34,
										3
									],
									"uv_size": [
										0.25,
										2.375
									]
								},
								"west": {
									"uv": [
										34,
										19
									],
									"uv_size": [
										0.125,
										2.375
									]
								},
								"up": {
									"uv": [
										35,
										12
									],
									"uv_size": [
										0.25,
										0.125
									]
								},
								"down": {
									"uv": [
										35,
										13.125
									],
									"uv_size": [
										0.25,
										-0.125
									]
								}
							}
						},
						{
							"origin": [
								-2.3,
								5.8,
								-1.7
							],
							"size": [
								0.3,
								2.8,
								0.2
							],
							"uv": {
								"north": {
									"uv": [
										33,
										12
									],
									"uv_size": [
										0.25,
										2.75
									]
								},
								"east": {
									"uv": [
										33,
										15
									],
									"uv_size": [
										0.25,
										2.75
									]
								},
								"south": {
									"uv": [
										33,
										18
									],
									"uv_size": [
										0.25,
										2.75
									]
								},
								"west": {
									"uv": [
										33,
										21
									],
									"uv_size": [
										0.25,
										2.75
									]
								},
								"up": {
									"uv": [
										35,
										2
									],
									"uv_size": [
										0.25,
										0.25
									]
								},
								"down": {
									"uv": [
										35,
										3.25
									],
									"uv_size": [
										0.25,
										-0.25
									]
								}
							}
						},
						{
							"origin": [
								-2.3,
								5.6,
								-1.6
							],
							"size": [
								0.3,
								0.3,
								3
							],
							"uv": {
								"north": {
									"uv": [
										35,
										4
									],
									"uv_size": [
										0.25,
										0.25
									]
								},
								"east": {
									"uv": [
										27,
										32
									],
									"uv_size": [
										3,
										0.25
									]
								},
								"south": {
									"uv": [
										35,
										5
									],
									"uv_size": [
										0.25,
										0.25
									]
								},
								"west": {
									"uv": [
										32,
										28
									],
									"uv_size": [
										3,
										0.25
									]
								},
								"up": {
									"uv": [
										32,
										29
									],
									"uv_size": [
										0.25,
										3
									]
								},
								"down": {
									"uv": [
										30,
										35
									],
									"uv_size": [
										0.25,
										-3
									]
								}
							}
						},
						{
							"origin": [
								-2.3,
								5.5,
								-1.4
							],
							"size": [
								0.3,
								0.1,
								2.6
							],
							"uv": {
								"north": {
									"uv": [
										35,
										14
									],
									"uv_size": [
										0.25,
										0.125
									]
								},
								"east": {
									"uv": [
										34,
										6
									],
									"uv_size": [
										2.625,
										0.125
									]
								},
								"south": {
									"uv": [
										35,
										15
									],
									"uv_size": [
										0.25,
										0.125
									]
								},
								"west": {
									"uv": [
										34,
										7
									],
									"uv_size": [
										2.625,
										0.125
									]
								},
								"up": {
									"uv": [
										23,
										33
									],
									"uv_size": [
										0.25,
										2.625
									]
								},
								"down": {
									"uv": [
										24,
										35.625
									],
									"uv_size": [
										0.25,
										-2.625
									]
								}
							}
						},
						{
							"origin": [
								-2.3,
								8.8,
								-1.4
							],
							"size": [
								0.3,
								0.1,
								2.6
							],
							"uv": {
								"north": {
									"uv": [
										35,
										16
									],
									"uv_size": [
										0.25,
										0.125
									]
								},
								"east": {
									"uv": [
										34,
										8
									],
									"uv_size": [
										2.625,
										0.125
									]
								},
								"south": {
									"uv": [
										17,
										35
									],
									"uv_size": [
										0.25,
										0.125
									]
								},
								"west": {
									"uv": [
										34,
										9
									],
									"uv_size": [
										2.625,
										0.125
									]
								},
								"up": {
									"uv": [
										25,
										33
									],
									"uv_size": [
										0.25,
										2.625
									]
								},
								"down": {
									"uv": [
										33,
										27.625
									],
									"uv_size": [
										0.25,
										-2.625
									]
								}
							}
						},
						{
							"origin": [
								-0.7,
								11.4,
								-6.2
							],
							"size": [
								1,
								2.5,
								1
							],
							"pivot": [
								0,
								0,
								0
							],
							"rotation": [
								-5,
								0,
								0
							],
							"uv": {
								"north": {
									"uv": [
										22,
										28
									],
									"uv_size": [
										1,
										2.5
									]
								},
								"east": {
									"uv": [
										23,
										28
									],
									"uv_size": [
										1,
										2.5
									]
								},
								"south": {
									"uv": [
										24,
										28
									],
									"uv_size": [
										1,
										2.5
									]
								},
								"west": {
									"uv": [
										25,
										28
									],
									"uv_size": [
										1,
										2.5
									]
								},
								"up": {
									"uv": [
										30,
										30
									],
									"uv_size": [
										1,
										1
									]
								},
								"down": {
									"uv": [
										31,
										1
									],
									"uv_size": [
										1,
										-1
									]
								}
							}
						},
						{
							"origin": [
								-2,
								11.4,
								-6.2
							],
							"size": [
								1,
								2.5,
								1
							],
							"pivot": [
								0,
								0,
								0
							],
							"rotation": [
								-5,
								0,
								0
							],
							"uv": {
								"north": {
									"uv": [
										26,
										28
									],
									"uv_size": [
										1,
										2.5
									]
								},
								"east": {
									"uv": [
										27,
										28
									],
									"uv_size": [
										1,
										2.5
									]
								},
								"south": {
									"uv": [
										28,
										28
									],
									"uv_size": [
										1,
										2.5
									]
								},
								"west": {
									"uv": [
										29,
										28
									],
									"uv_size": [
										1,
										2.5
									]
								},
								"up": {
									"uv": [
										31,
										1
									],
									"uv_size": [
										1,
										1
									]
								},
								"down": {
									"uv": [
										31,
										3
									],
									"uv_size": [
										1,
										-1
									]
								}
							}
						},
						{
							"origin": [
								-0.3,
								6.5,
								7.8
							],
							"size": [
								1,
								1,
								1
							],
							"pivot": [
								0,
								0,
								0
							],
							"rotation": [
								35,
								0,
								0
							],
							"uv": {
								"north": {
									"uv": [
										31,
										3
									],
									"uv_size": [
										1,
										1
									]
								},
								"east": {
									"uv": [
										31,
										4
									],
									"uv_size": [
										1,
										1
									]
								},
								"south": {
									"uv": [
										31,
										5
									],
									"uv_size": [
										1,
										1
									]
								},
								"west": {
									"uv": [
										31,
										6
									],
									"uv_size": [
										1,
										1
									]
								},
								"up": {
									"uv": [
										31,
										7
									],
									"uv_size": [
										1,
										1
									]
								},
								"down": {
									"uv": [
										31,
										9
									],
									"uv_size": [
										1,
										-1
									]
								}
							}
						},
						{
							"origin": [
								-0.4,
								5.5,
								6.8
							],
							"size": [
								1,
								1,
								1
							],
							"pivot": [
								0,
								0,
								0
							],
							"rotation": [
								35,
								0,
								0
							],
							"uv": {
								"north": {
									"uv": [
										31,
										9
									],
									"uv_size": [
										1,
										1
									]
								},
								"east": {
									"uv": [
										31,
										10
									],
									"uv_size": [
										1,
										1
									]
								},
								"south": {
									"uv": [
										31,
										11
									],
									"uv_size": [
										1,
										1
									]
								},
								"west": {
									"uv": [
										12,
										31
									],
									"uv_size": [
										1,
										1
									]
								},
								"up": {
									"uv": [
										13,
										31
									],
									"uv_size": [
										1,
										1
									]
								},
								"down": {
									"uv": [
										14,
										32
									],
									"uv_size": [
										1,
										-1
									]
								}
							}
						},
						{
							"origin": [
								-0.5,
								4.5,
								5.8
							],
							"size": [
								1,
								1,
								1
							],
							"pivot": [
								0,
								0,
								0
							],
							"rotation": [
								35,
								0,
								0
							],
							"uv": {
								"north": {
									"uv": [
										15,
										31
									],
									"uv_size": [
										1,
										1
									]
								},
								"east": {
									"uv": [
										16,
										31
									],
									"uv_size": [
										1,
										1
									]
								},
								"south": {
									"uv": [
										17,
										31
									],
									"uv_size": [
										1,
										1
									]
								},
								"west": {
									"uv": [
										22,
										31
									],
									"uv_size": [
										1,
										1
									]
								},
								"up": {
									"uv": [
										23,
										31
									],
									"uv_size": [
										1,
										1
									]
								},
								"down": {
									"uv": [
										24,
										32
									],
									"uv_size": [
										1,
										-1
									]
								}
							}
						},
						{
							"origin": [
								-0.6,
								3.5,
								4.8
							],
							"size": [
								1,
								1,
								1
							],
							"pivot": [
								0,
								0,
								0
							],
							"rotation": [
								35,
								0,
								0
							],
							"uv": {
								"north": {
									"uv": [
										25,
										31
									],
									"uv_size": [
										1,
										1
									]
								},
								"east": {
									"uv": [
										26,
										31
									],
									"uv_size": [
										1,
										1
									]
								},
								"south": {
									"uv": [
										31,
										26
									],
									"uv_size": [
										1,
										1
									]
								},
								"west": {
									"uv": [
										27,
										31
									],
									"uv_size": [
										1,
										1
									]
								},
								"up": {
									"uv": [
										31,
										27
									],
									"uv_size": [
										1,
										1
									]
								},
								"down": {
									"uv": [
										28,
										32
									],
									"uv_size": [
										1,
										-1
									]
								}
							}
						},
						{
							"origin": [
								-0.65,
								2.5,
								3.8
							],
							"size": [
								1,
								1,
								1
							],
							"pivot": [
								0,
								0,
								0
							],
							"rotation": [
								35,
								0,
								0
							],
							"uv": {
								"north": {
									"uv": [
										31,
										28
									],
									"uv_size": [
										1,
										1
									]
								},
								"east": {
									"uv": [
										29,
										31
									],
									"uv_size": [
										1,
										1
									]
								},
								"south": {
									"uv": [
										31,
										29
									],
									"uv_size": [
										1,
										1
									]
								},
								"west": {
									"uv": [
										30,
										31
									],
									"uv_size": [
										1,
										1
									]
								},
								"up": {
									"uv": [
										31,
										30
									],
									"uv_size": [
										1,
										1
									]
								},
								"down": {
									"uv": [
										31,
										32
									],
									"uv_size": [
										1,
										-1
									]
								}
							}
						}
					]
				}
			]
		}
	]
}