{
	"format_version": "1.12.0",
	"minecraft:geometry": [
		{
			"description": {
				"identifier": "geometry.paper_model_dawing",
				"texture_width": 64,
				"texture_height": 64,
				"visible_bounds_width": 2,
				"visible_bounds_height": 2.5,
				"visible_bounds_offset": [
					0,
					0.75,
					0
				]
			},
			"bones": [
				{
					"name": "bb_main",
					"pivot": [
						0,
						0,
						0
					],
					"cubes": [
						{
							"origin": [
								-5,
								2,
								7.9
							],
							"size": [
								10,
								12,
								0.1
							],
							"uv": {
								"north": {
									"uv": [
										0,
										0
									],
									"uv_size": [
										20,
										24
									]
								},
								"east": {
									"uv": [
										30,
										36
									],
									"uv_size": [
										0.25,
										12
									]
								},
								"south": {
									"uv": [
										0,
										0
									],
									"uv_size": [
										20,
										24
									]
								},
								"west": {
									"uv": [
										32,
										36
									],
									"uv_size": [
										0.25,
										12
									]
								},
								"up": {
									"uv": [
										35,
										4
									],
									"uv_size": [
										10,
										0.25
									]
								},
								"down": {
									"uv": [
										35,
										6.25
									],
									"uv_size": [
										10,
										-0.25
									]
								}
							}
						},
						{
							"origin": [
								-5,
								2,
								-2.1
							],
							"size": [
								10,
								12,
								7.1
							],
							"uv": {
								"north": {
									"uv": [
										30.5,
										0
									],
									"uv_size": [
										10,
										12
									]
								},
								"east": {
									"uv": [
										29.25,
										0
									],
									"uv_size": [
										7,
										12
									]
								},
								"south": {
									"uv": [
										34.5,
										0
									],
									"uv_size": [
										10,
										12
									]
								},
								"west": {
									"uv": [
										33.75,
										0
									],
									"uv_size": [
										7,
										12
									]
								},
								"up": {
									"uv": [
										36.25,
										0
									],
									"uv_size": [
										10,
										7
									]
								},
								"down": {
									"uv": [
										32.75,
										7
									],
									"uv_size": [
										10,
										-7
									]
								}
							}
						}
					]
				}
			]
		}
	]
}