{
	"format_version": "1.12.0",
	"minecraft:geometry": [
		{
			"description": {
				"identifier": "geometry.paper_model_frame",
				"texture_width": 64,
				"texture_height": 64,
				"visible_bounds_width": 2,
				"visible_bounds_height": 2.5,
				"visible_bounds_offset": [
					0,
					0.75,
					0
				]
			},
			"bones": [
				{
					"name": "bb_main",
					"pivot": [
						0,
						0,
						0
					],
					"cubes": [
						{
							"origin": [
								-5,
								2,
								7.9
							],
							"size": [
								10,
								12,
								0.1
							],
							"uv": {
								"north": {
									"uv": [
										0,
										0
									],
									"uv_size": [
										20,
										24
									]
								},
								"east": {
									"uv": [
										30,
										36
									],
									"uv_size": [
										0.25,
										12
									]
								},
								"south": {
									"uv": [
										0,
										0
									],
									"uv_size": [
										20,
										24
									]
								},
								"west": {
									"uv": [
										32,
										36
									],
									"uv_size": [
										0.25,
										12
									]
								},
								"up": {
									"uv": [
										35,
										4
									],
									"uv_size": [
										10,
										0.25
									]
								},
								"down": {
									"uv": [
										35,
										6.25
									],
									"uv_size": [
										10,
										-0.25
									]
								}
							}
						},
						{
							"origin": [
								-5,
								2,
								7.3
							],
							"size": [
								10,
								12,
								0
							],
							"uv": {
								"north": {
									"uv": [
										0,
										26
									],
									"uv_size": [
										20,
										24
									]
								},
								"east": {
									"uv": [
										34,
										38
									],
									"uv_size": [
										0,
										12
									]
								},
								"south": {
									"uv": [
										31.5,
										31.5
									],
									"uv_size": [
										10,
										12
									]
								},
								"west": {
									"uv": [
										35,
										38
									],
									"uv_size": [
										0,
										12
									]
								},
								"up": {
									"uv": [
										33,
										25
									],
									"uv_size": [
										10,
										0
									]
								},
								"down": {
									"uv": [
										35,
										14
									],
									"uv_size": [
										10,
										0
									]
								}
							}
						},
						{
							"origin": [
								-5,
								2,
								-2.1
							],
							"size": [
								10,
								12,
								7.1
							],
							"uv": {
								"north": {
									"uv": [
										30.5,
										0
									],
									"uv_size": [
										10,
										12
									]
								},
								"east": {
									"uv": [
										29.25,
										0
									],
									"uv_size": [
										7,
										12
									]
								},
								"south": {
									"uv": [
										34.5,
										0
									],
									"uv_size": [
										10,
										12
									]
								},
								"west": {
									"uv": [
										33.75,
										0
									],
									"uv_size": [
										7,
										12
									]
								},
								"up": {
									"uv": [
										36.25,
										0
									],
									"uv_size": [
										10,
										7
									]
								},
								"down": {
									"uv": [
										32.75,
										7
									],
									"uv_size": [
										10,
										-7
									]
								}
							}
						},
						{
							"origin": [
								-5,
								1,
								7
							],
							"size": [
								10,
								1,
								1
							],
							"uv": {
								"north": {
									"uv": [
										54,
										57
									],
									"uv_size": [
										10,
										1
									]
								},
								"east": {
									"uv": [
										56,
										50
									],
									"uv_size": [
										1,
										1
									]
								},
								"south": {
									"uv": [
										54,
										59
									],
									"uv_size": [
										10,
										1
									]
								},
								"west": {
									"uv": [
										56,
										52
									],
									"uv_size": [
										1,
										1
									]
								},
								"up": {
									"uv": [
										54,
										61
									],
									"uv_size": [
										10,
										1
									]
								},
								"down": {
									"uv": [
										54,
										64
									],
									"uv_size": [
										10,
										-1
									]
								}
							}
						},
						{
							"origin": [
								-5,
								14,
								7
							],
							"size": [
								10,
								1,
								1
							],
							"uv": {
								"north": {
									"uv": [
										52,
										50
									],
									"uv_size": [
										10,
										1
									]
								},
								"east": {
									"uv": [
										54,
										39
									],
									"uv_size": [
										1,
										1
									]
								},
								"south": {
									"uv": [
										49,
										61
									],
									"uv_size": [
										10,
										1
									]
								},
								"west": {
									"uv": [
										53,
										63
									],
									"uv_size": [
										1,
										1
									]
								},
								"up": {
									"uv": [
										54,
										27
									],
									"uv_size": [
										10,
										1
									]
								},
								"down": {
									"uv": [
										54,
										30
									],
									"uv_size": [
										10,
										-1
									]
								}
							}
						},
						{
							"origin": [
								5,
								1,
								7
							],
							"size": [
								1,
								14,
								1
							],
							"uv": {
								"north": {
									"uv": [
										59,
										16
									],
									"uv_size": [
										1,
										14
									]
								},
								"east": {
									"uv": [
										42,
										50
									],
									"uv_size": [
										1,
										14
									]
								},
								"south": {
									"uv": [
										44,
										50
									],
									"uv_size": [
										1,
										14
									]
								},
								"west": {
									"uv": [
										46,
										50
									],
									"uv_size": [
										1,
										14
									]
								},
								"up": {
									"uv": [
										62,
										52
									],
									"uv_size": [
										1,
										1
									]
								},
								"down": {
									"uv": [
										63,
										25
									],
									"uv_size": [
										1,
										-1
									]
								}
							}
						},
						{
							"origin": [
								-6,
								1,
								7
							],
							"size": [
								1,
								14,
								1
							],
							"uv": {
								"north": {
									"uv": [
										46.75,
										50
									],
									"uv_size": [
										1,
										14
									]
								},
								"east": {
									"uv": [
										48.75,
										50
									],
									"uv_size": [
										1,
										14
									]
								},
								"south": {
									"uv": [
										50.75,
										50
									],
									"uv_size": [
										1,
										14
									]
								},
								"west": {
									"uv": [
										52.75,
										50
									],
									"uv_size": [
										1,
										14
									]
								},
								"up": {
									"uv": [
										61.25,
										61
									],
									"uv_size": [
										1,
										1
									]
								},
								"down": {
									"uv": [
										61.25,
										64
									],
									"uv_size": [
										1,
										-1
									]
								}
							}
						}
					]
				}
			]
		}
	]
}