{
	"format_version": "1.19.50",
	"minecraft:block": {
		"description": {
			"identifier": "gamer:gamer_desk_right",
			"menu_category": {
				"category": "construction",
				"group": "itemGroup.name._gamer_desk"
			},
			"properties": {
				"decor:face": [
					0,
					1,
					2,
					3
				]
			}
		},
		"components": {
			"minecraft:geometry": "geometry.gamer_desk_right",
			"minecraft:material_instances": {
				"*": {
					"texture": "gamer_desk_with_open",
					"render_method": "alpha_test"
				}
			},
			"minecraft:on_player_placing": {
				"event": "decor:face"
			},
			"minecraft:destructible_by_mining": {
				"seconds_to_destroy": 1
			}
		},
		"permutations": [
			{
				"condition": "query.block_property('decor:face') == 0",
				"components": {
					"minecraft:rotation": [
						0,
						180,
						0
					]
				}
			},
			{
				"condition": "query.block_property('decor:face') == 1",
				"components": {
					"minecraft:rotation": [
						0,
						0,
						0
					]
				}
			},
			{
				"condition": "query.block_property('decor:face') == 2",
				"components": {
					"minecraft:rotation": [
						0,
						270,
						0
					]
				}
			},
			{
				"condition": "query.block_property('decor:face') == 3",
				"components": {
					"minecraft:rotation": [
						0,
						90,
						0
					]
				}
			}
		],
		"events": {
			"decor:face": {
				"set_block_property": {
					"decor:face": "query.cardinal_facing_2d-2"
				}
			}
		}
	}
}