{
	"format_version": "1.16.100",
	"minecraft:block": {
		"description": {
			"identifier": "gamer:grass_poet_decoration",
			"menu_category": {
				"category": "construction"
			},
			"properties": {
				"decor:face": [
					0,
					1,
					2,
					3
				]
			}
		},
		"components": {
			"minecraft:geometry": "geometry.grass_poet_decoration",
			"minecraft:material_instances": {
				"*": {
					"texture": "grass_poet_decoration",
					"render_method": "alpha_test"
				}
			},
			"minecraft:block_light_absorption": 0,
			"minecraft:destructible_by_mining": {
				"seconds_to_destroy": 1
			},
			"minecraft:selection_box": {
				"origin": [
					-3,
					0,
					-3
				],
				"size": [
					6,
					16,
					6
				]
			},
			"minecraft:collision_box": {
				"origin": [
					-3,
					0,
					-3
				],
				"size": [
					6,
					16,
					6
				]
			}
		},
		"permutations": [
			{
				"condition": "query.block_property('decor:face') == 0",
				"components": {
					"minecraft:rotation": [
						0,
						180,
						0
					]
				}
			},
			{
				"condition": "query.block_property('decor:face') == 1",
				"components": {
					"minecraft:rotation": [
						0,
						0,
						0
					]
				}
			},
			{
				"condition": "query.block_property('decor:face') == 2",
				"components": {
					"minecraft:rotation": [
						0,
						270,
						0
					]
				}
			},
			{
				"condition": "query.block_property('decor:face') == 3",
				"components": {
					"minecraft:rotation": [
						0,
						90,
						0
					]
				}
			}
		],
		"events": {
			"decor:face": {
				"set_block_property": {
					"decor:face": "query.cardinal_facing_2d-2"
				}
			}
		}
	}
}