{
	"format_version": "1.16.100",
	"minecraft:entity": {
		"description": {
			"identifier": "gamer:chair_sit",
			"runtime_identifier": "minecraft:armor_stand",
			"is_spawnable": false,
			"is_summonable": true,
			"is_experimental": false
		},
		"component_groups": {
			"instant_despawn": {
				"minecraft:instant_despawn": {}
			}
		},
		"components": {
			"minecraft:type_family": {
				"family": [
					"sentar",
					"inanimate"
				]
			},
			"minecraft:collision_box": {
				"width": 0,
				"height": 0
			},
			"minecraft:custom_hit_test": {
				"hitboxes": [
					{
						"width": -1,
						"height": -1,
						"pivot": [
							0,
							0,
							0
						]
					}
				]
			},
			"minecraft:health": {
				"value": 1,
				"max": 1,
				"min": 1
			},
			"minecraft:fire_immune": {},
			"minecraft:damage_sensor": {
				"triggers": {
					"cause": "all",
					"deals_damage": false
				}
			},
			"minecraft:rideable": {
				"seat_count": 1,
				"family_types": [
					"player"
				],
				"seats": {
					"position": [
						0,
						0.03,
						-0.05
					]
				}
			},
			"minecraft:environment_sensor": {
				"triggers": {
					"filters": {
						"all_of": {
							"test": "rider_count",
							"value": 0
						},
						"with_components": "minecraft:is_charged"
					},
					"event": "player_exit"
				}
			},
			"minecraft:inside_block_notifier": {
				"block_list": [
					{
						"block": "gamer:gamer_chair_blue",
						"exited_block_event": {
							"event": "block_on_break",
							"target": "self"
						}
					},
					{
						"block": "gamer:gamer_chair_red",
						"exited_block_event": {
							"event": "block_on_break",
							"target": "self"
						}
					},
					{
						"block": "gamer:gamer_chair_green",
						"exited_block_event": {
							"event": "block_on_break",
							"target": "self"
						}
					},
					{
						"block": "gamer:gamer_chair_yellow",
						"exited_block_event": {
							"event": "block_on_break",
							"target": "self"
						}
					},
					{
						"block": "gamer:gamer_chair_purple",
						"exited_block_event": {
							"event": "block_on_break",
							"target": "self"
						}
					},
					{
						"block": "tech:chair_red",
						"exited_block_event": {
							"event": "block_on_break",
							"target": "self"
						}
					},
					{
						"block": "tech:chair_green",
						"exited_block_event": {
							"event": "block_on_break",
							"target": "self"
						}
					},
					{
						"block": "tech:chair_yellow",
						"exited_block_event": {
							"event": "block_on_break",
							"target": "self"
						}
					},
					{
						"block": "tech:chair_black",
						"exited_block_event": {
							"event": "block_on_break",
							"target": "self"
						}
					},
					{
						"block": "tech:chair_blue",
						"exited_block_event": {
							"event": "block_on_break",
							"target": "self"
						}
					},
					{
						"block": "tech:chair_yellow",
						"exited_block_event": {
							"event": "block_on_break",
							"target": "self"
						}
					},
					{
						"block": "tech:chair_white",
						"exited_block_event": {
							"event": "block_on_break",
							"target": "self"
						}
					},
					{
						"block": "tech:chair_organ",
						"exited_block_event": {
							"event": "block_on_break",
							"target": "self"
						}
					}
				]
			}
		},
		"events": {
			"facing_south": {
				"run_command": {
					"command": [
						"tp @s ~ ~ ~ facing ~ ~ ~-1"
					]
				}
			},
			"facing_west": {
				"run_command": {
					"command": [
						"tp @s ~ ~ ~ facing ~1 ~ ~"
					]
				}
			},
			"facing_east": {
				"run_command": {
					"command": [
						"tp @s ~ ~ ~ facing ~-1 ~ ~"
					]
				}
			},
			"player_interact": {
				"sequence": [
					{
						"filters": {
							"test": "rider_count",
							"value": 0
						},
						"run_command": {
							"command": [
								"ride @p[tag=player_chair_interact, r=3.5] start_riding @s teleport_rider",
								"tag @p[tag=player_chair_interact, r=3.5] remove player_chair_interact"
							]
						}
					},
					{
						"filters": {
							"test": "rider_count",
							"operator": ">",
							"value": 0
						},
						"run_command": {
							"command": [
								"tellraw @p[tag=player_chair_interact, r=3.55] {\"rawtext\":[{\"translate\":\"tile.gamer:chair.occupied\"}]}",
								"tag @p[tag=player_chair_interact, r=3.5] remove player_chair_interact"
							]
						}
					},
					{
						"run_command": {
							"command": [
								"tellraw @p[tag=player_chair_interact, rm=3.5] {\"rawtext\":[{\"translate\":\"tile.gamer:chair.tooFar\"}]}",
								"tag @p[tag=player_chair_interact, rm=3.5] remove player_chair_interact"
							]
						}
					}
				]
			},
			"block_on_break": {
				"add": {
					"component_groups": [
						"instant_despawn"
					]
				}
			}
		}
	}
}