{
	"format_version": "1.16.100",
	"minecraft:entity": {
		"description": {
			"identifier": "screen_ui:laptop_black",
			"runtime_identifier": "minecraft:npc",
			"is_spawnable": false,
			"is_summonable": true,
			"is_experimental": false
		},
		"component_groups": {
			"instant_despawn": {
				"minecraft:instant_despawn": {}
			}
		},
		"components": {
			"minecraft:type_family": {
				"family": [
					"sentar",
					"inanimate"
				]
			},
			"minecraft:collision_box": {
				"width": 0,
				"height": 0
			},
			"minecraft:custom_hit_test": {
				"hitboxes": [
					{
						"width": -1,
						"height": -1,
						"pivot": [
							0,
							0,
							0
						]
					}
				]
			},
			"minecraft:health": {
				"value": 1,
				"max": 1,
				"min": 1
			},
			"minecraft:fire_immune": {},
			"minecraft:damage_sensor": {
				"triggers": {
					"cause": "all",
					"deals_damage": false
				}
			},
			"minecraft:npc": {
				"npc_data": {
					"portrait_offsets": {
						"translate": [
							-7,
							50,
							0
						],
						"scale": [
							0,
							0,
							0
						]
					},
					"picker_offsets": {
						"translate": [
							0,
							20,
							0
						],
						"scale": [
							0,
							0,
							0
						]
					}
				}
			},
			"minecraft:inside_block_notifier": {
				"block_list": [
					{
						"block": "gamer:gamer_laptop_rbg",
						"exited_block_event": {
							"event": "block_on_break",
							"target": "self"
						}
					},
					{
						"block": "gamer:gamer_laptop_red",
						"exited_block_event": {
							"event": "block_on_break",
							"target": "self"
						}
					},
					{
						"block": "gamer:gamer_laptop_green",
						"exited_block_event": {
							"event": "block_on_break",
							"target": "self"
						}
					},
					{
						"block": "gamer:gamer_laptop_blue",
						"exited_block_event": {
							"event": "block_on_break",
							"target": "self"
						}
					},
					{
						"block": "gamer:gamer_laptop_yellow",
						"exited_block_event": {
							"event": "block_on_break",
							"target": "self"
						}
					},
					{
						"block": "gamer:gamer_laptop_purple",
						"exited_block_event": {
							"event": "block_on_break",
							"target": "self"
						}
					},
					{
						"block": "gamer:new_pc_computer",
						"exited_block_event": {
							"event": "block_on_break",
							"target": "self"
						}
					}
				]
			}
		},
		"events": {
			"block_on_break": {
				"add": {
					"component_groups": [
						"instant_despawn"
					]
				}
			}
		}
	}
}