{
	"format_version": "1.20.0",
	"minecraft:block": {
		"description": {
			"identifier": "gamer:gamer_router_red",
			"traits": {
				"minecraft:placement_direction": {
					"enabled_states": [
						"minecraft:cardinal_direction"
					],
					"y_rotation_offset": 0
				},
				"minecraft:placement_position": {
					"enabled_states": [
						"minecraft:block_face"
					]
				}
			},
			"menu_category": {
				"category": "equipment",
				"group": "itemGroup.name.router"
			}
		},
		"components": {
			"minecraft:material_instances": {
				"*": {
					"texture": "gamer_router_red",
					"render_method": "alpha_test"
				}
			},
			"minecraft:destructible_by_mining": {
				"seconds_to_destroy": 1
			},
			"minecraft:placement_filter": {
				"conditions": [
					{
						"allowed_faces": [
							"up",
							"north",
							"east",
							"south",
							"west"
						]
					}
				]
			}
		},
		"permutations": [
			{
				"condition": "query.block_property('minecraft:block_face')  == 'up' || query.block_property('minecraft:block_face')  == 'down'",
				"components": {
					"minecraft:geometry": "geometry.gamer_router",
					"minecraft:selection_box": {
						"origin": [
							-6,
							0,
							-4
						],
						"size": [
							12,
							7,
							9
						]
					},
					"minecraft:collision_box": {
						"origin": [
							-6,
							0,
							-4
						],
						"size": [
							12,
							7,
							9
						]
					}
				}
			},
			{
				"condition": "query.block_property('minecraft:block_face') != 'up' && query.block_property('minecraft:block_face') != 'down'",
				"components": {
					"minecraft:geometry": "geometry.gamer_router_wall",
					"minecraft:selection_box": {
						"origin": [
							-6,
							2,
							6
						],
						"size": [
							12,
							13,
							2
						]
					},
					"minecraft:collision_box": {
						"origin": [
							-6,
							2,
							6
						],
						"size": [
							12,
							13,
							2
						]
					}
				}
			},
			{
				"condition": "query.block_property('minecraft:block_face') == 'up' && query.block_property('minecraft:cardinal_direction') == 'north'",
				"components": {
					"minecraft:transformation": {
						"rotation": [
							0,
							180,
							0
						]
					}
				}
			},
			{
				"condition": "query.block_property('minecraft:block_face') == 'up' && query.block_property('minecraft:cardinal_direction') == 'west'",
				"components": {
					"minecraft:transformation": {
						"rotation": [
							0,
							-90,
							0
						]
					}
				}
			},
			{
				"condition": "query.block_property('minecraft:block_face') == 'up' && query.block_property('minecraft:cardinal_direction') == 'south'",
				"components": {
					"minecraft:transformation": {
						"rotation": [
							0,
							0,
							0
						]
					}
				}
			},
			{
				"condition": "query.block_property('minecraft:block_face') == 'up' && query.block_property('minecraft:cardinal_direction') == 'east'",
				"components": {
					"minecraft:transformation": {
						"rotation": [
							0,
							90,
							0
						]
					}
				}
			},
			{
				"condition": "query.block_property('minecraft:block_face') == 'north'",
				"components": {
					"minecraft:transformation": {
						"rotation": [
							0,
							0,
							0
						]
					}
				}
			},
			{
				"condition": "query.block_property('minecraft:block_face') == 'west'",
				"components": {
					"minecraft:transformation": {
						"rotation": [
							0,
							90,
							0
						]
					}
				}
			},
			{
				"condition": "query.block_property('minecraft:block_face') == 'south'",
				"components": {
					"minecraft:transformation": {
						"rotation": [
							0,
							180,
							0
						]
					}
				}
			},
			{
				"condition": "query.block_property('minecraft:block_face') == 'east'",
				"components": {
					"minecraft:transformation": {
						"rotation": [
							0,
							-90,
							0
						]
					}
				}
			}
		]
	}
}