{
	"format_version": "1.19.50",
	"minecraft:block": {
		"description": {
			"identifier": "gamer:gamer_laptop_rbg",
			"menu_category": {
				"category": "equipment",
				"group": "itemGroup.name.gamer_laptop"
			},
			"properties": {
				"decor:face": [
					0,
					1,
					2,
					3
				],
				"decor:active": [
					false,
					true
				]
			}
		},
		"components": {
			"minecraft:geometry": "geometry.gamer_laptop",
			"minecraft:material_instances": {
				"*": {
					"texture": "gamer_laptop_rbg",
					"render_method": "alpha_test"
				}
			},
			"minecraft:destructible_by_mining": {
				"seconds_to_destroy": 1
			},
			"minecraft:selection_box": {
				"origin": [
					-6.5,
					0,
					-7
				],
				"size": [
					13,
					10.9,
					14
				]
			},
			"minecraft:collision_box": {
				"origin": [
					-6.5,
					0,
					-7
				],
				"size": [
					13,
					10.9,
					14
				]
			},
			"minecraft:loot": "loot_tables/laptop_rbg.json",
			"minecraft:on_player_placing": {
				"event": "decor:face"
			},
			"minecraft:on_interact": {
				"event": "decor:toggle"
			}
		},
		"permutations": [
			{
				"condition": "query.block_property('decor:face') == 0",
				"components": {
					"minecraft:rotation": [
						0,
						180,
						0
					]
				}
			},
			{
				"condition": "query.block_property('decor:face') == 1",
				"components": {
					"minecraft:rotation": [
						0,
						0,
						0
					]
				}
			},
			{
				"condition": "query.block_property('decor:face') == 2",
				"components": {
					"minecraft:rotation": [
						0,
						270,
						0
					]
				}
			},
			{
				"condition": "query.block_property('decor:face') == 3",
				"components": {
					"minecraft:rotation": [
						0,
						90,
						0
					]
				}
			},
			{
				"condition": "!query.block_property('decor:active')",
				"components": {
					"minecraft:geometry": "geometry.gamer_laptop_close",
					"minecraft:material_instances": {
						"*": {
							"texture": "gamer_laptop_rbg",
							"render_method": "alpha_test"
						}
					},
					"minecraft:selection_box": {
						"origin": [
							-6.5,
							0,
							-7
						],
						"size": [
							13,
							0.9,
							10
						]
					},
					"minecraft:collision_box": {
						"origin": [
							-6.5,
							0,
							-7
						],
						"size": [
							13,
							0.9,
							10
						]
					}
				}
			}
		],
		"events": {
			"decor:face": {
				"set_block_property": {
					"decor:face": "query.cardinal_facing_2d-2"
				}
			},
			"decor:toggle": {
				"sequence": [
					{
						"run_command": {
							"command": [
								"summon screen_ui:laptop_black ~~~"
							]
						},
						"condition": "query.is_sneaking&&!query.block_property('decor:active')"
					},
					{
						"run_command": {
							"command": [
								"event entity @e[type=screen_ui:laptop_black, c=1] block_on_break"
							]
						},
						"condition": "query.is_sneaking&&query.block_property('decor:active')"
					},
					{
						"set_block_property": {
							"decor:active": "query.block_property('decor:active') ? false : true"
						},
						"condition": "query.is_sneaking"
					},
					{
						"run_command": {
							"command": [
								"gamerule sendcommandfeedback false",
								"gamemode survival @s",
								"dialogue open @e[type=screen_ui:laptop_black, c=1] @s laptop",
								"gamemode default @s",
								"gamerule sendcommandfeedback true"
							],
							"target": "other"
						},
						"condition": "!query.is_sneaking&&query.block_property('decor:active')==true"
					}
				]
			}
		}
	}
}