{
	"format_version": "1.19.50",
	"minecraft:block": {
		"description": {
			"identifier": "gamer:gamer_cube",
			"properties": {
				"cube:suffle": [
					0,
					1,
					2,
					3,
					4
				]
			}
		},
		"components": {
			"minecraft:geometry": "geometry.gamer_cube",
			"minecraft:material_instances": {
				"*": {
					"texture": "0_gamer_cube",
					"render_method": "alpha_test"
				}
			},
			"minecraft:on_interact": {
				"event": "start:suffle"
			}
		},
		"permutations": [
			{
				"condition": "query.block_property('cube:suffle') == 1",
				"components": {
					"minecraft:material_instances": {
						"*": {
							"texture": "1_gamer_cube",
							"render_method": "alpha_test"
						}
					}
				}
			},
			{
				"condition": "query.block_property('cube:suffle') == 2",
				"components": {
					"minecraft:material_instances": {
						"*": {
							"texture": "2_gamer_cube",
							"render_method": "alpha_test"
						}
					}
				}
			},
			{
				"condition": "query.block_property('cube:suffle') == 3",
				"components": {
					"minecraft:material_instances": {
						"*": {
							"texture": "3_gamer_cube",
							"render_method": "alpha_test"
						}
					}
				}
			},
			{
				"condition": "query.block_property('cube:suffle') == 4",
				"components": {
					"minecraft:material_instances": {
						"*": {
							"texture": "4_gamer_cube",
							"render_method": "alpha_test"
						}
					}
				}
			}
		],
		"events": {
			"start:suffle": {
				"sequence": [
					{
						"condition": "query.block_property('cube:suffle')==0&&!query.is_sneaking",
						"set_block_property": {
							"cube:suffle": 1
						}
					},
					{
						"condition": "query.block_property('cube:suffle')==1&&!query.is_sneaking",
						"set_block_property": {
							"cube:suffle": 2
						}
					},
					{
						"condition": "query.block_property('cube:suffle')==2&&!query.is_sneaking",
						"set_block_property": {
							"cube:suffle": 3
						}
					},
					{
						"condition": "query.block_property('cube:suffle')==3&&!query.is_sneaking",
						"set_block_property": {
							"cube:suffle": 4
						}
					},
					{
						"condition": "query.block_property('cube:suffle')==4&&!query.is_sneaking",
						"set_block_property": {
							"cube:suffle": 1
						}
					},
					{
						"condition": "query.is_sneaking",
						"set_block_property": {
							"cube:suffle": 0
						}
					}
				]
			}
		}
	}
}