{
	"format_version": "1.20.0",
	"minecraft:block": {
		"description": {
			"identifier": "gamer:gamer_tv",
			"traits": {
				"minecraft:placement_direction": {
					"enabled_states": [
						"minecraft:cardinal_direction"
					],
					"y_rotation_offset": 0
				},
				"minecraft:placement_position": {
					"enabled_states": [
						"minecraft:block_face"
					]
				}
			},
			"properties": {
				"tv:channels": [
					0,
					1,
					2,
					3
				]
			},
			"menu_category": {
				"category": "equipment",
				"group": "itemGroup.name.tv_item"
			}
		},
		"components": {
			"minecraft:material_instances": {
				"*": {
					"texture": "tech_gamer_tv_off",
					"render_method": "alpha_test"
				}
			},
			"minecraft:light_emission": 0,
			"minecraft:destructible_by_mining": {
				"seconds_to_destroy": 1
			},
			"minecraft:placement_filter": {
				"conditions": [
					{
						"allowed_faces": [
							"up",
							"north",
							"east",
							"south",
							"west"
						]
					}
				]
			}
		},
		"permutations": [
			{
				"condition": "query.block_property('minecraft:block_face')  == 'up' || query.block_property('minecraft:block_face')  == 'down'",
				"components": {
					"minecraft:geometry": "geometry.tv_minecraft_gamer",
					"minecraft:selection_box": {
						"origin": [
							-8,
							0,
							-1.7
						],
						"size": [
							16,
							16,
							2.7
						]
					},
					"minecraft:collision_box": {
						"origin": [
							-8,
							0,
							-1.7
						],
						"size": [
							16,
							16,
							2.7
						]
					},
					"minecraft:on_interact": {
						"event": "change:tv_channel"
					}
				}
			},
			{
				"condition": "query.block_property('minecraft:block_face') != 'up' && query.block_property('minecraft:block_face') != 'down'",
				"components": {
					"minecraft:geometry": "geometry.tv_minecraft_gamer_wall",
					"minecraft:selection_box": {
						"origin": [
							-8,
							0,
							5.3
						],
						"size": [
							16,
							16,
							2
						]
					},
					"minecraft:collision_box": {
						"origin": [
							-8,
							0,
							5.3
						],
						"size": [
							16,
							16,
							2
						]
					},
					"minecraft:on_interact": {
						"event": "change:tv_channel"
					}
				}
			},
			{
				"condition": "query.block_property('minecraft:block_face') == 'up' && query.block_property('minecraft:cardinal_direction') == 'north'",
				"components": {
					"minecraft:transformation": {
						"rotation": [
							0,
							180,
							0
						]
					}
				}
			},
			{
				"condition": "query.block_property('minecraft:block_face') == 'up' && query.block_property('minecraft:cardinal_direction') == 'west'",
				"components": {
					"minecraft:transformation": {
						"rotation": [
							0,
							-90,
							0
						]
					}
				}
			},
			{
				"condition": "query.block_property('minecraft:block_face') == 'up' && query.block_property('minecraft:cardinal_direction') == 'south'",
				"components": {
					"minecraft:transformation": {
						"rotation": [
							0,
							0,
							0
						]
					}
				}
			},
			{
				"condition": "query.block_property('minecraft:block_face') == 'up' && query.block_property('minecraft:cardinal_direction') == 'east'",
				"components": {
					"minecraft:transformation": {
						"rotation": [
							0,
							90,
							0
						]
					}
				}
			},
			{
				"condition": "query.block_property('minecraft:block_face') == 'north'",
				"components": {
					"minecraft:transformation": {
						"rotation": [
							0,
							0,
							0
						]
					}
				}
			},
			{
				"condition": "query.block_property('minecraft:block_face') == 'west'",
				"components": {
					"minecraft:transformation": {
						"rotation": [
							0,
							90,
							0
						]
					}
				}
			},
			{
				"condition": "query.block_property('minecraft:block_face') == 'south'",
				"components": {
					"minecraft:transformation": {
						"rotation": [
							0,
							180,
							0
						]
					}
				}
			},
			{
				"condition": "query.block_property('minecraft:block_face') == 'east'",
				"components": {
					"minecraft:transformation": {
						"rotation": [
							0,
							-90,
							0
						]
					}
				}
			},
			{
				"condition": "query.block_property('tv:channels') == 1",
				"components": {
					"minecraft:material_instances": {
						"*": {
							"texture": "tech_gamer_tv_1",
							"render_method": "alpha_test"
						}
					},
					"minecraft:light_emission": 5
				}
			},
			{
				"condition": "query.block_property('tv:channels') == 2",
				"components": {
					"minecraft:material_instances": {
						"*": {
							"texture": "tech_gamer_tv_2",
							"render_method": "alpha_test"
						}
					},
					"minecraft:light_emission": 5
				}
			},
			{
				"condition": "query.block_property('tv:channels') == 3",
				"components": {
					"minecraft:material_instances": {
						"*": {
							"texture": "tech_gamer_tv_3",
							"render_method": "alpha_test"
						}
					},
					"minecraft:light_emission": 5
				}
			}
		],
		"events": {
			"change:tv_channel": {
				"sequence": [
					{
						"condition": "query.is_sneaking",
						"set_block_property": {
							"tv:channels": 0
						}
					},
					{
						"condition": "!query.is_sneaking&&query.block_property('tv:channels')==0",
						"set_block_property": {
							"tv:channels": 1
						}
					},
					{
						"condition": "!query.is_sneaking&&query.block_property('tv:channels')==1",
						"set_block_property": {
							"tv:channels": 2
						}
					},
					{
						"condition": "!query.is_sneaking&&query.block_property('tv:channels')==2",
						"set_block_property": {
							"tv:channels": 3
						}
					},
					{
						"condition": "!query.is_sneaking&&query.block_property('tv:channels')==3",
						"set_block_property": {
							"tv:channels": 1
						}
					}
				]
			}
		}
	}
}