{
	"format_version": "1.16.100",
	"minecraft:block": {
		"description": {
			"identifier": "gamer:lighting_box",
			"menu_category": {
				"category": "construction",
				"group": "itemGroup.name.wall_light"
			},
			"properties": {
				"decor:light": [
					0,
					1,
					2,
					3,
					4,
					5
				]
			}
		},
		"components": {
			"minecraft:geometry": "geometry.lighting_box",
			"minecraft:material_instances": {
				"*": {
					"texture": "lighting_box_off",
					"render_method": "alpha_test"
				}
			},
			"minecraft:block_light_absorption": 0,
			"minecraft:block_light_emission": 0,
			"minecraft:on_interact": {
				"condition": "query.is_sneaking",
				"event": "change_light"
			},
			"minecraft:destructible_by_mining": {
				"seconds_to_destroy": 2
			}
		},
		"permutations": [
			{
				"condition": "query.block_property('decor:light') == 1",
				"components": {
					"minecraft:material_instances": {
						"*": {
							"texture": "lighting_box_red"
						}
					},
					"minecraft:block_light_emission": 1,
					"minecraft:on_interact": {
						"condition": "query.is_sneaking",
						"event": "change_light"
					}
				}
			},
			{
				"condition": "query.block_property('decor:light') == 2",
				"components": {
					"minecraft:material_instances": {
						"*": {
							"texture": "lighting_box_blue"
						}
					},
					"minecraft:block_light_emission": 1,
					"minecraft:on_interact": {
						"condition": "query.is_sneaking",
						"event": "change_light"
					}
				}
			},
			{
				"condition": "query.block_property('decor:light') == 3",
				"components": {
					"minecraft:material_instances": {
						"*": {
							"texture": "lighting_box_green"
						}
					},
					"minecraft:block_light_emission": 1,
					"minecraft:on_interact": {
						"condition": "query.is_sneaking",
						"event": "change_light"
					}
				}
			},
			{
				"condition": "query.block_property('decor:light') == 4",
				"components": {
					"minecraft:material_instances": {
						"*": {
							"texture": "lighting_box_yellow"
						}
					},
					"minecraft:block_light_emission": 1,
					"minecraft:on_interact": {
						"condition": "query.is_sneaking",
						"event": "change_light"
					}
				}
			},
			{
				"condition": "query.block_property('decor:light') == 5",
				"components": {
					"minecraft:material_instances": {
						"*": {
							"texture": "lighting_box_purple"
						}
					},
					"minecraft:block_light_emission": 1,
					"minecraft:on_interact": {
						"condition": "query.is_sneaking",
						"event": "change_light"
					}
				}
			}
		],
		"events": {
			"change_light": {
				"sequence": [
					{
						"condition": "query.block_property('decor:light')==0",
						"set_block_property": {
							"decor:light": 1
						}
					},
					{
						"condition": "query.block_property('decor:light')==1",
						"set_block_property": {
							"decor:light": 2
						}
					},
					{
						"condition": "query.block_property('decor:light')==2",
						"set_block_property": {
							"decor:light": 3
						}
					},
					{
						"condition": "query.block_property('decor:light')==3",
						"set_block_property": {
							"decor:light": 4
						}
					},
					{
						"condition": "query.block_property('decor:light')==4",
						"set_block_property": {
							"decor:light": 5
						}
					},
					{
						"condition": "query.block_property('decor:light')==5",
						"set_block_property": {
							"decor:light": 0
						}
					}
				]
			}
		}
	}
}