{
	"format_version": "1.19.50",
	"minecraft:block": {
		"description": {
			"identifier": "gamer:new_pc_cpu",
			"properties": {
				"decor:face": [
					0,
					1,
					2,
					3
				]
			},
			"menu_category": {
				"category": "equipment",
				"group": "itemGroup.name.mointer_pc"
			}
		},
		"components": {
			"minecraft:geometry": "geometry.new_pc_cpu",
			"minecraft:material_instances": {
				"*": {
					"texture": "gamer_new_pc_cpu",
					"render_method": "alpha_test"
				}
			},
			"minecraft:on_player_placing": {
				"event": "decor:face"
			}
		},
		"permutations": [
			{
				"condition": "query.block_property('decor:face') == 0",
				"components": {
					"minecraft:rotation": [
						0,
						180,
						0
					]
				}
			},
			{
				"condition": "query.block_property('decor:face') == 1",
				"components": {
					"minecraft:rotation": [
						0,
						0,
						0
					]
				}
			},
			{
				"condition": "query.block_property('decor:face') == 2",
				"components": {
					"minecraft:rotation": [
						0,
						270,
						0
					]
				}
			},
			{
				"condition": "query.block_property('decor:face') == 3",
				"components": {
					"minecraft:rotation": [
						0,
						90,
						0
					]
				}
			}
		],
		"events": {
			"decor:face": {
				"set_block_property": {
					"decor:face": "query.cardinal_facing_2d-2"
				}
			}
		}
	}
}