{
	"format_version": "1.19.0",
	"minecraft:block": {
		"description": {
			"identifier": "gamer:gamer_printer_blue",
			"properties": {
				"decor:face": [
					0,
					1,
					2,
					3
				],
				"decor:techs": [
					0,
					1,
					2,
					3,
					4,
					5,
					6,
					7,
					8,
					9
				]
			}
		},
		"components": {
			"minecraft:material_instances": {
				"*": {
					"texture": "gamer_printer_blue",
					"render_method": "alpha_test"
				}
			},
			"minecraft:collision_box": {
				"origin": [
					-6,
					0,
					-4
				],
				"size": [
					12,
					5,
					8
				]
			},
			"minecraft:loot": "loot_tables/printer/gamer_printer_blue.json",
			"minecraft:geometry": "geometry.gamer_printer",
			"minecraft:creative_category": {
				"group": "itemGroup.name.printer",
				"category": "equipment"
			},
			"minecraft:destroy_time": 1,
			"minecraft:block_light_filter": 0,
			"minecraft:selection_box": {
				"origin": [
					-6,
					0,
					-4
				],
				"size": [
					12,
					5,
					8
				]
			},
			"minecraft:friction": 0.6,
			"minecraft:map_color": "#00ff00",
			"minecraft:flammable": {
				"flame_odds": 0,
				"burn_odds": 0
			},
			"minecraft:on_interact": {
				"event": "decor:interact"
			},
			"minecraft:on_player_placing": {
				"event": "decor:face"
			}
		},
		"permutations": [
			{
				"condition": "query.block_property('decor:face') == 0",
				"components": {
					"minecraft:rotation": [
						0,
						180,
						0
					]
				}
			},
			{
				"condition": "query.block_property('decor:face') == 1",
				"components": {
					"minecraft:rotation": [
						0,
						0,
						0
					]
				}
			},
			{
				"condition": "query.block_property('decor:face') == 2",
				"components": {
					"minecraft:rotation": [
						0,
						270,
						0
					]
				}
			},
			{
				"condition": "query.block_property('decor:face') == 3",
				"components": {
					"minecraft:rotation": [
						0,
						90,
						0
					]
				}
			},
			{
				"condition": "query.block_property('decor:techs')==1",
				"components": {
					"minecraft:geometry": "geometry.gamer_printer_paper_off",
					"minecraft:on_interact": {
						"event": "techsing_the_techs_1"
					},
					"minecraft:material_instances": {
						"*": {
							"texture": "gamer_printer_blue",
							"render_method": "alpha_test"
						}
					}
				}
			},
			{
				"condition": "query.block_property('decor:techs')==2",
				"components": {
					"minecraft:geometry": "geometry.gamer_printer_paper",
					"minecraft:on_interact": {
						"event": "nothing"
					},
					"minecraft:ticking": {
						"looping": true,
						"range": [
							5,
							5
						],
						"on_tick": {
							"event": "techs_ready_1"
						}
					},
					"minecraft:material_instances": {
						"*": {
							"texture": "gamer_printer_blue",
							"render_method": "alpha_test"
						}
					}
				}
			},
			{
				"condition": "query.block_property('decor:techs')==3",
				"components": {
					"minecraft:geometry": "geometry.gamer_printer_done",
					"minecraft:on_interact": {
						"event": "take_techs_paper"
					},
					"minecraft:material_instances": {
						"*": {
							"texture": "gamer_printer_blue",
							"render_method": "alpha_test"
						}
					}
				}
			},
			{
				"condition": "query.block_property('decor:techs')==4",
				"components": {
					"minecraft:geometry": "geometry.gamer_printer_paper_off",
					"minecraft:on_interact": {
						"event": "techsing_the_techs_2"
					},
					"minecraft:material_instances": {
						"*": {
							"texture": "gamer_printer_blue",
							"render_method": "alpha_test"
						}
					}
				}
			},
			{
				"condition": "query.block_property('decor:techs')==5",
				"components": {
					"minecraft:geometry": "geometry.gamer_printer_paper",
					"minecraft:on_interact": {
						"event": "nothing"
					},
					"minecraft:ticking": {
						"looping": true,
						"range": [
							5,
							5
						],
						"on_tick": {
							"event": "techs_ready_2"
						}
					},
					"minecraft:material_instances": {
						"*": {
							"texture": "gamer_printer_blue",
							"render_method": "alpha_test"
						}
					}
				}
			},
			{
				"condition": "query.block_property('decor:techs')==6",
				"components": {
					"minecraft:geometry": "geometry.gamer_printer_done",
					"minecraft:on_interact": {
						"event": "take_techs_papers"
					},
					"minecraft:material_instances": {
						"*": {
							"texture": "gamer_printer_blue",
							"render_method": "alpha_test"
						}
					}
				}
			},
			{
				"condition": "query.block_property('decor:techs')==7",
				"components": {
					"minecraft:geometry": "geometry.gamer_printer_paper_off",
					"minecraft:on_interact": {
						"event": "techsing_the_techs_3"
					},
					"minecraft:material_instances": {
						"*": {
							"texture": "gamer_printer_blue",
							"render_method": "alpha_test"
						}
					}
				}
			},
			{
				"condition": "query.block_property('decor:techs')==8",
				"components": {
					"minecraft:geometry": "geometry.gamer_printer_paper",
					"minecraft:on_interact": {
						"event": "nothing"
					},
					"minecraft:ticking": {
						"looping": true,
						"range": [
							5,
							5
						],
						"on_tick": {
							"event": "techs_ready_3"
						}
					},
					"minecraft:material_instances": {
						"*": {
							"texture": "gamer_printer_blue",
							"render_method": "alpha_test"
						}
					}
				}
			},
			{
				"condition": "query.block_property('decor:techs')==9",
				"components": {
					"minecraft:geometry": "geometry.gamer_printer_done",
					"minecraft:on_interact": {
						"event": "take_techs_paperss"
					},
					"minecraft:material_instances": {
						"*": {
							"texture": "gamer_printer_blue",
							"render_method": "alpha_test"
						}
					}
				}
			}
		],
		"events": {
			"nothing": {},
			"decor:interact": {
				"sequence": [
					{
						"trigger": {
							"target": "self",
							"event": "paper"
						},
						"condition": "query.get_equipped_item_name('main_hand')=='paper1_sheet'"
					},
					{
						"trigger": {
							"target": "self",
							"event": "papers"
						},
						"condition": "query.get_equipped_item_name('main_hand')=='paper2_sheet'"
					},
					{
						"trigger": {
							"target": "self",
							"event": "paperss"
						},
						"condition": "query.get_equipped_item_name('main_hand')=='paper3_sheet'"
					}
				]
			},
			"decor:face": {
				"set_block_property": {
					"decor:face": "query.cardinal_facing_2d-2"
				}
			},
			"paper": {
				"set_block_property": {
					"decor:techs": 1
				},
				"decrement_stack": {}
			},
			"papers": {
				"set_block_property": {
					"decor:techs": 4
				},
				"decrement_stack": {}
			},
			"paperss": {
				"set_block_property": {
					"decor:techs": 7
				},
				"decrement_stack": {}
			},
			"techsing_the_techs_1": {
				"set_block_property": {
					"decor:techs": 2
				},
				"run_command": {
					"command": [
						"title @p actionbar  Paper Printing start...",
						"playsound printer_start @p ~~~ 1 1"
					]
				}
			},
			"techs_ready_1": {
				"set_block_property": {
					"decor:techs": 3
				},
				"run_command": {
					"command": [
						"title @p actionbar  Printing Done"
					]
				}
			},
			"take_techs_paper": {
				"set_block_property": {
					"decor:techs": 0
				},
				"spawn_loot": {
					"table": "loot_tables/papers/paper1.json"
				}
			},
			"techsing_the_techs_2": {
				"set_block_property": {
					"decor:techs": 5
				},
				"run_command": {
					"command": [
						"title @p actionbar  Paper Printing start...",
						"playsound printer_start @a ~~~ 1 1"
					]
				}
			},
			"techs_ready_2": {
				"set_block_property": {
					"decor:techs": 6
				},
				"run_command": {
					"command": [
						"title @p actionbar  Printing Done"
					]
				}
			},
			"take_techs_papers": {
				"set_block_property": {
					"decor:techs": 0
				},
				"spawn_loot": {
					"table": "loot_tables/papers/paper2.json"
				}
			},
			"techsing_the_techs_3": {
				"set_block_property": {
					"decor:techs": 8
				},
				"run_command": {
					"command": [
						"title @p actionbar  Paper Printing start...",
						"playsound printer_start @a ~~~ 1 1"
					]
				}
			},
			"techs_ready_3": {
				"set_block_property": {
					"decor:techs": 9
				},
				"run_command": {
					"command": [
						"title @p actionbar  Printing Done"
					]
				}
			},
			"take_techs_paperss": {
				"set_block_property": {
					"decor:techs": 0
				},
				"spawn_loot": {
					"table": "loot_tables/papers/paper3.json"
				}
			},
			"nothing1": {
				"set_block_property": {
					"decor:techs": 8
				},
				"run_command": {
					"command": [
						"title @p actionbar  Paper Printing start...",
						"playsound printer_start @a ~~~ 1 1"
					]
				}
			}
		}
	}
}