{
	"format_version": "1.19.0",
	"minecraft:block": {
		"description": {
			"identifier": "tech:headphone",
			"properties": {
				"decor:face": [
					0,
					1,
					2,
					3
				]
			}
		},
		"components": {
			"minecraft:material_instances": {
				"*": {
					"texture": "tech_headphone",
					"render_method": "opaque"
				}
			},
			"minecraft:creative_category": {
				"group": "itemGroup.name.technology",
				"category": "construction"
			},
			"minecraft:block_light_filter": 0,
			"minecraft:geometry": "geometry.headphone2",
			"minecraft:destroy_time": 2,
			"minecraft:collision_box": {
				"origin": [
					-3,
					0,
					-4
				],
				"size": [
					7,
					2.4,
					8
				]
			},
			"minecraft:selection_box": {
				"origin": [
					-3,
					0,
					-4
				],
				"size": [
					7,
					2.4,
					8
				]
			},
			"minecraft:on_player_placing": {
				"event": "decor:face"
			}
		},
		"permutations": [
			{
				"condition": "query.block_property('decor:face') == 0",
				"components": {
					"minecraft:rotation": [
						0,
						180,
						0
					]
				}
			},
			{
				"condition": "query.block_property('decor:face') == 1",
				"components": {
					"minecraft:rotation": [
						0,
						0,
						0
					]
				}
			},
			{
				"condition": "query.block_property('decor:face') == 2",
				"components": {
					"minecraft:rotation": [
						0,
						270,
						0
					]
				}
			},
			{
				"condition": "query.block_property('decor:face') == 3",
				"components": {
					"minecraft:rotation": [
						0,
						90,
						0
					]
				}
			}
		],
		"events": {
			"decor:face": {
				"set_block_property": {
					"decor:face": "query.cardinal_facing_2d-2"
				}
			}
		}
	}
}