{
	"format_version": "1.19.0",
	"minecraft:block": {
		"description": {
			"identifier": "gamer:gamer_chair_blue",
			"properties": {
				"decor:face": [
					0,
					1,
					2,
					3
				]
			}
		},
		"components": {
			"minecraft:material_instances": {
				"*": {
					"texture": "gamer_chair_blue",
					"render_method": "alpha_test"
				}
			},
			"minecraft:creative_category": {
				"group": "itemGroup.name.gamer_chair",
				"category": "equipment"
			},
			"minecraft:geometry": "geometry.gamer_chair_green",
			"minecraft:destroy_time": 1,
			"minecraft:block_light_filter": 0,
			"minecraft:collision_box": {
				"origin": [
					-6,
					0,
					-6
				],
				"size": [
					12,
					16,
					12
				]
			},
			"minecraft:selection_box": {
				"origin": [
					-6,
					0,
					-6
				],
				"size": [
					12,
					16,
					12
				]
			},
			"minecraft:on_player_placing": {
				"event": "decor:face"
			},
			"minecraft:on_interact": {
				"condition": "!query.is_sneaking",
				"event": "sit"
			},
			"minecraft:ticking": {
				"looping": false,
				"range": [
					0,
					0
				],
				"on_tick": {
					"event": "decor:sit"
				}
			}
		},
		"permutations": [
			{
				"condition": "query.block_property('decor:face') == 0",
				"components": {
					"minecraft:rotation": [
						0,
						180,
						0
					]
				}
			},
			{
				"condition": "query.block_property('decor:face') == 1",
				"components": {
					"minecraft:rotation": [
						0,
						0,
						0
					]
				}
			},
			{
				"condition": "query.block_property('decor:face') == 2",
				"components": {
					"minecraft:rotation": [
						0,
						270,
						0
					]
				}
			},
			{
				"condition": "query.block_property('decor:face') == 3",
				"components": {
					"minecraft:rotation": [
						0,
						90,
						0
					]
				}
			}
		],
		"events": {
			"decor:sit": {
				"sequence": [
					{
						"condition": "query.block_property('decor:face')==0",
						"run_command": {
							"command": [
								"summon gamer:chair_sit"
							]
						}
					},
					{
						"condition": "query.block_property('decor:face')==1",
						"run_command": {
							"command": [
								"summon gamer:chair_sit ~ ~ ~ facing ~ ~ ~ facing_south"
							]
						}
					},
					{
						"condition": "query.block_property('decor:face')==2",
						"run_command": {
							"command": [
								"summon gamer:chair_sit ~ ~ ~ facing ~ ~ ~ facing_west"
							]
						}
					},
					{
						"condition": "query.block_property('decor:face')==3",
						"run_command": {
							"command": [
								"summon gamer:chair_sit ~ ~ ~ facing ~ ~ ~ facing_east"
							]
						}
					}
				]
			},
			"sit": {
				"sequence": [
					{
						"run_command": {
							"command": [
								"tag @s add player_chair_interact"
							],
							"target": "other"
						}
					},
					{
						"run_command": {
							"command": [
								"event entity @e[type=gamer:chair_sit, r=0.01] player_interact"
							]
						}
					}
				]
			},
			"decor:face": {
				"set_block_property": {
					"decor:face": "query.cardinal_facing_2d-2"
				}
			}
		}
	}
}