{
	"format_version": "1.8.0",
	"animations": {
		"animation.jn.move": {
			"loop": true,
			"animation_length": 1.2,
			"bones": {
				"body": {
					"position": {
						"0.0": [0, -0.6, 0],
						"0.2": [0, -0.86, 0],
						"0.4": [0, -0.3, 0],
						"0.6": [0, -0.9, 0],
						"0.8": [0, -0.86, 0],
						"1.0": [0, -0.3, 0],
						"1.2": [0, -0.6, 0]
					}
				},
				"head": {
					"rotation": [-2.5, 0, 0]
				},
				"boobs": {
					"rotation": {
						"0.0": [0, 0, 0],
						"0.4": [5, 0, 0],
						"0.6": [0, 0, 0],
						"1.0": [5, 0, 0],
						"1.2": [0, 0, 0]
					}
				},
				"armR": {
					"rotation": {
						"0.0": [20, 0, -5],
						"0.6": [20, 0, -15],
						"1.2": [20, 0, -5]
					}
				},
				"lowerArmR": {
					"rotation": {
						"0.0": [-12.5, 0, 0],
						"0.6": [-5, 0, 0],
						"1.2": [-12.5, 0, 0]
					}
				},
				"armL": {
					"rotation": {
						"0.0": [20, 0, 15],
						"0.6": [20, 0, 5],
						"1.2": [20, 0, 15]
					}
				},
				"lowerArmL": {
					"rotation": {
						"0.0": [0, 0, 0],
						"0.6": [-25, 0, 0],
						"1.2": [0, 0, 0]
					}
				},
				"hip": {
					"rotation": {
						"0.0": [0, 0, -5],
						"0.6": [0, 0, 5],
						"1.2": [0, 0, -5]
					}
				},
				"cheekL": {
					"rotation": {
						"0.0": [10, 0, 12.5],
						"0.2": [16, 0, 15],
						"0.4": [14.5, 0, 15],
						"0.6": [-3.67, 0, 7.5],
						"0.8": [-8.08, 0, 3.75],
						"1.0": [-2.5, 0, 5],
						"1.2": [10, 0, 12.5]
					}
				},
				"legR": {
					"rotation": {
						"0.0": [22.5, 0, -5],
						"0.2": [17.5, 0, -5],
						"0.4": [-10, 0, 0],
						"0.6": [-22.5, 0, -5],
						"0.8": [-27.5, 0, -5],
						"1.0": [0, 0, 0],
						"1.2": [22.5, 0, -5]
					}
				},
				"shinR": {
					"rotation": {
						"0.0": [7.5, 0, 0],
						"0.2": [35, 0, 0],
						"0.4": [27.5, 0, 0],
						"0.6": [5, 0, 0],
						"0.8": [27.5, 0, 0],
						"1.0": [0, 0, 0],
						"1.2": [7.5, 0, 0]
					}
				},
				"legL": {
					"rotation": {
						"0.0": [-22.5, 0, 5],
						"0.2": [-27.5, 0, 5],
						"0.4": [0, 0, 0],
						"0.6": [22.5, 0, 5],
						"0.8": [17.5, 0, 5],
						"1.0": [-10, 0, 0],
						"1.2": [-22.5, 0, 5]
					}
				},
				"shinL": {
					"rotation": {
						"0.0": [5, 0, 0],
						"0.2": [27.5, 0, 0],
						"0.4": [0, 0, 0],
						"0.6": [7.5, 0, 0],
						"0.8": [35, 0, 0],
						"1.0": [27.5, 0, 0],
						"1.2": [5, 0, 0]
					}
				},
				"cock": {
					"position": [0, -49, 0]
				}
			}
		},
		"animation.jn.idle": {
			"loop": true,
			"bones": {
				"body": {
					"position": [0, 0, 0]
				},
				"head": {
					"rotation": [0, 0, 0]
				},
				"tongueSmile2": {
					"position": [0, 0, 0]
				},
				"boobs": {
					"rotation": {
						"0.0": [0, 0, 0],
						"2.92": [-2.5, 0, 0],
						"6.4": [0, 0, 0]
					}
				},
				"armR": {
					"rotation": {
						"0.0": [7, 0, -8.5],
						"2.8": [-0.5, 0, -8.5],
						"6.4": [7, 0, -8.5]
					}
				},
				"lowerArmR": {
					"rotation": [0, 0, 0]
				},
				"armL": {
					"rotation": {
						"0.0": [0, 0, 7],
						"3.0": [-7.5, 0, 9.5],
						"6.4": [0, 0, 7]
					}
				},
				"lowerArmL": {
					"rotation": [0, 0, 0]
				},
				"hip": {
					"rotation": [0, 0, 0]
				},
				"legR": {
					"rotation": [0, 0, 0]
				},
				"shinR": {
					"rotation": [0, 0, 0]
				},
				"legL": {
					"rotation": [0, 0, 0]
				},
				"shinL": {
					"rotation": [0, 0, 0]
				},
				"cock": {
					"position": [0, -56, 0]
				}
			}
		},
		"animation.jn.strip": {
			"animation_length": 4.76,
			"bones": {
				"body": {
					"rotation": {
						"0.0": [0, 0, 0],
						"2.8": [0, 0, 0],
						"3.72": [0, 360, 0]
					}
				},
				"head": {
					"rotation": {
						"0.0": [0, 0, 0],
						"0.36": [0, 0, 0],
						"0.68": [0, 0, -15],
						"1.36": [0, 0, -15],
						"1.84": [0, 0, 0]
					}
				},
				"hair": {
					"rotation": {
						"0.0": [0, 0, 0],
						"0.36": [0, 0, 0],
						"0.6": [0, 0, 4],
						"0.76": [0, 0, 0],
						"1.36": [0, 0, 0],
						"1.6": [0, 0, -4],
						"1.92": [0, 0, 0],
						"3.28": [0, 0, 0],
						"3.44": [0, 0, 10],
						"3.72": [0, 0, 0]
					}
				},
				"closedL": {
					"position": {
						"0.0": [0, 0, 0],
						"0.36": [0, 0, 0],
						"0.4": [0, 0, -1],
						"0.6": [0, 0, -1],
						"0.64": [0, 0, 0],
						"4.44": [0, 0, -1],
						"4.72": [0, 0, -1],
						"4.76": [0, 0, 0]
					}
				},
				"openL": {
					"position": {
						"0.0": [0, 0, 0],
						"0.36": [0, 0, 0],
						"0.4": [0, 0, 1],
						"0.6": [0, 0, 1],
						"0.64": [0, 0, 0],
						"4.44": [0, 0, 0],
						"4.48": [0, 0, 1],
						"4.72": [0, 0, 1],
						"4.76": [0, 0, 0]
					}
				},
				"innerLashL": {
					"position": {
						"0.0": [0, 0, 0],
						"0.44": [0, 0, 0],
						"0.72": [0, 0.1, 0],
						"4.52": [0, 0.1, 0],
						"4.56": [0, 0, 0]
					},
					"scale": {
						"0.0": [1, 1, 1],
						"0.44": [1, 1, 1],
						"0.72": [1, 0.8, 1],
						"4.52": [1, 0.8, 1],
						"4.56": [1, 1, 1]
					}
				},
				"outerLashL": {
					"position": {
						"0.0": [0, 0, 0],
						"0.44": [0, 0, 0],
						"0.72": [0, 0.05, 0],
						"4.52": [0, 0.05, 0],
						"4.56": [0, 0, 0]
					},
					"scale": {
						"0.0": [1, 1, 1],
						"0.44": [1, 1, 1],
						"0.72": [1, 0.8, 1],
						"4.52": [1, 0.8, 1],
						"4.56": [1, 1, 1]
					}
				},
				"innerEyeL": {
					"position": {
						"0.0": [0, 0, 0],
						"0.44": [0, 0, 0],
						"0.72": [0, 0.175, 0],
						"4.52": [0, 0.175, 0],
						"4.68": [0, 0, 0]
					}
				},
				"irsisFaceL": {
					"position": {
						"0.0": [0, 0, 0],
						"0.44": [0, 0, 0],
						"0.72": [0, 0.121, 0],
						"4.52": [0, 0.121, 0],
						"4.68": [0, 0, 0]
					},
					"scale": {
						"0.0": [1, 1, 1],
						"0.44": [1, 1, 1],
						"0.72": [1, 0.6, 1],
						"4.52": [1, 0.6, 1],
						"4.68": [1, 1, 1]
					}
				},
				"whiteL": {
					"position": {
						"0.0": [0, 0, 0],
						"0.44": [0, 0, 0],
						"0.72": [0, 0, 0],
						"4.52": [0, 0, 0],
						"4.68": [0, 0, 0]
					},
					"scale": {
						"0.0": [1, 1, 1],
						"0.44": [1, 1, 1],
						"0.72": [1, 0.47, 1],
						"4.52": [1, 0.47, 1],
						"4.68": [1, 1, 1]
					}
				},
				"closedR": {
					"position": {
						"0.0": [-0.8, 0, 0],
						"4.4": [-0.8, 0, 0],
						"4.44": [0, 0, -1],
						"4.72": [0, 0, -1],
						"4.76": [0, 0, 0]
					}
				},
				"openR": {
					"position": {
						"0.0": [0, 0, 0],
						"4.44": [0, 0, 0],
						"4.48": [0, 0, 1],
						"4.72": [0, 0, 1],
						"4.76": [0, 0, 0]
					}
				},
				"innerLashR": {
					"position": {
						"0.0": [0, 0, 0],
						"0.44": [0, 0, 0],
						"0.72": [0, 0.1, 0],
						"4.52": [0, 0.1, 0],
						"4.56": [0, 0, 0]
					},
					"scale": {
						"0.0": [1, 1, 1],
						"0.44": [1, 1, 1],
						"0.72": [1, 0.8, 1],
						"4.52": [1, 0.8, 1],
						"4.56": [1, 1, 1]
					}
				},
				"outerLashR": {
					"position": {
						"0.0": [0, 0, 0],
						"0.44": [0, 0, 0],
						"0.72": [0, 0.05, 0],
						"4.52": [0, 0.05, 0],
						"4.56": [0, 0, 0]
					},
					"scale": {
						"0.0": [1, 1, 1],
						"0.44": [1, 1, 1],
						"0.72": [1, 0.8, 1],
						"4.52": [1, 0.8, 1],
						"4.56": [1, 1, 1]
					}
				},
				"innerEyeR": {
					"position": {
						"0.0": [0, 0, 0],
						"0.44": [0, 0, 0],
						"0.72": [0, 0.175, 0],
						"4.52": [0, 0.175, 0],
						"4.68": [0, 0, 0]
					}
				},
				"irsisFaceR": {
					"position": {
						"0.0": [0, 0, 0],
						"0.44": [0, 0, 0],
						"0.72": [0, 0.121, 0],
						"4.52": [0, 0.121, 0],
						"4.68": [0, 0, 0]
					},
					"scale": {
						"0.0": [1, 1, 1],
						"0.44": [1, 1, 1],
						"0.72": [1, 0.6, 1],
						"4.52": [1, 0.6, 1],
						"4.68": [1, 1, 1]
					}
				},
				"whiteR": {
					"position": {
						"0.0": [0, 0, 0],
						"0.44": [0, 0, 0],
						"0.72": [0, 0, 0],
						"4.52": [0, 0, 0],
						"4.68": [0, 0, 0]
					},
					"scale": {
						"0.0": [1, 1, 1],
						"0.44": [1, 1, 1],
						"0.72": [1, 0.47, 1],
						"4.52": [1, 0.47, 1],
						"4.68": [1, 1, 1]
					}
				},
				"boobs": {
					"rotation": {
						"0.0": [0, 0, 0],
						"0.44": [0, 0, 0],
						"0.52": [-1, 0, 0],
						"0.84": [0, 0, 0]
					}
				},
				"armR": {
					"rotation": {
						"0.0": [0, 0, -10],
						"0.28": [0, 0, -10],
						"0.52": [0, -90, 15.5],
						"1.36": [0, -90, 15.5],
						"1.84": [0, 0, 75],
						"3.28": [0, 0, 75],
						"3.44": [25, 0, 75],
						"3.72": [0, 0, 75],
						"4.2": [0, 0, -10]
					},
					"position": {
						"0.0": [0, 0, 0],
						"1.36": [0, 0, 0],
						"1.84": [1.1, -0.8, 0],
						"3.72": [1.1, -0.8, 0],
						"4.2": [0, 0, 0]
					}
				},
				"lowerArmR": {
					"rotation": {
						"0.0": [0, 0, 0],
						"0.28": [0, 0, 0],
						"0.52": [-86, 0, 0],
						"1.36": [-86, 0, 0],
						"1.84": [0, 0, 0]
					}
				},
				"armL": {
					"rotation": {
						"0.0": [0, 0, 9.5],
						"1.36": [0, 0, 9.5],
						"1.84": [0, 0, -75],
						"3.28": [0, 0, -75],
						"3.44": [-25, 0, -75],
						"3.72": [0, 0, -75],
						"4.2": [0, 0, 9.5]
					},
					"position": {
						"0.0": [0, 0, 0],
						"1.36": [0, 0, 0],
						"1.84": [-1.1, -0.9, 0],
						"3.72": [-1.1, -0.9, 0],
						"4.2": [0, 0, 0]
					}
				},
				"lowerArmL": {
					"rotation": {
						"0.0": [0, 0, 0],
						"1.36": [0, 0, 0]
					}
				},
				"cheekL": {
					"rotation": {
						"0.0": [0, 0, 0],
						"3.96": [0, 0, 0],
						"4.08": [0, -5, 0],
						"4.2": [0, 0, 0]
					}
				},
				"legL": {
					"rotation": {
						"0.0": [0, 0, 0],
						"1.36": [0, 0, 0],
						"2.52": [42.5, 0, -60],
						"2.72": [42.5, 0, -60],
						"2.8": [-52.5, 0, -60],
						"3.28": [-52.5, 0, -60],
						"3.44": [-62.5, 0, -60],
						"3.72": [-52.5, 0, -60],
						"4.04": [0, 0, 0]
					}
				},
				"shinL": {
					"rotation": {
						"0.0": [0, 0, 0],
						"1.36": [0, 0, 0],
						"2.52": [67.5, 0, 0],
						"2.72": [67.5, 0, 0],
						"2.8": [10, 0, 0],
						"3.72": [10, 0, 0],
						"4.04": [0, 0, 0]
					}
				},
				"cock": {
					"position": [0, -62, 0]
				}
			}
		},
		"animation.jn.payment": {
			"animation_length": 9.28,
			"bones": {
				"body": {
					"rotation": {
						"6.32": [0, 0, 0],
						"6.48": [0, -3, 0],
						"6.8": [0, -35, 0],
						"7.04": [0, -35, 0],
						"7.36": [0, -3, 0],
						"7.48": [0, 0, 0]
					},
					"position": {
						"0.0": [0, 0, 0],
						"4.16": [0, 0, 0],
						"4.4": [0, -0.1, 0],
						"4.64": [0, 0, 0]
					}
				},
				"torso": {
					"rotation": [0, 0, 0]
				},
				"head": {
					"rotation": {
						"0.0": [0, 0, 0],
						"0.48": [0, 0, 0],
						"0.64": [0.59, -3.92, 0],
						"0.92": [6.04, -37.65, 0],
						"1.16": [7.5, -42.5, 0],
						"4.2": [7.5, -42.5, 0],
						"4.24": [1.5, -16.3, -6.7],
						"4.4": [0, -14.5, -7.5],
						"6.4": [0, -14.5, -7.5],
						"6.56": [0.88, -10.82, -6.87],
						"6.72": [7.47, 3.07, 2.33],
						"6.84": [8.2, 5.5, 3],
						"7.12": [8.2, 5.5, 3],
						"7.32": [10.22, 3.85, 3.4],
						"7.56": [1.1, 25.6, 0.8],
						"7.88": [0, 33, 0],
						"8.6": [0, 33, 0],
						"8.72": [2, 31.12, 0],
						"9.04": [0.1, 3, 0],
						"9.28": [0, 0, 0]
					}
				},
				"hair": {
					"rotation": {
						"0.0": [0, 0, 0],
						"0.8": [0, 0, 0],
						"0.88": [0, 0, 2.86],
						"1.08": [0, 0, -5],
						"1.28": [0, 0, 0],
						"4.28": [0, 0, 0],
						"4.44": [0, 0, 5],
						"4.48": [0, 0, 3.77],
						"4.64": [0, 0, -1],
						"4.8": [0, 0, 0],
						"6.36": [0, 0, 0],
						"6.52": [0, 0, 0.57],
						"6.72": [0, 0, 5],
						"6.84": [0, 0, 3.13],
						"7.04": [0, 0, -12],
						"7.16": [0, 0, -13],
						"7.52": [0, 0, -15.82],
						"7.84": [0, 0, 0.5],
						"8.08": [0, 0, 0]
					}
				},
				"eyeL": {
					"position": {
						"7.28": [0, 0, 0],
						"7.52": [0, -0.15, 0],
						"8.8": [0, -0.15, 0],
						"8.84": [0, 0, 0],
						"9.28": [0, 0, 0]
					}
				},
				"browL": {
					"rotation": {
						"0.0": [0, 0, 0],
						"0.84": [0, 0, 0],
						"0.92": [0, 0, 17.5],
						"4.24": [0, 0, 17.5],
						"4.28": [0, 0, 10],
						"6.52": [0, 0, 10],
						"7.28": [0, 0, 5],
						"7.52": [0, 0, 5],
						"8.56": [0, 0, 5],
						"9.28": [0, 0, 0]
					},
					"position": {
						"0.0": [0, 0, 0],
						"0.84": [0, 0, 0],
						"0.92": [0.8, 0.3, 0],
						"4.24": [0.8, 0.3, 0],
						"4.28": [0.1, 0.05, 0],
						"6.52": [0.1, 0.05, 0],
						"7.28": [0.25, -0.03, 0],
						"7.52": [0.25, 0.095, 0],
						"8.56": [0.25, 0.095, 0],
						"9.28": [0, 0, 0]
					}
				},
				"closedL": {
					"position": {
						"0.0": [0, 0, 0],
						"2.12": [0, 0, 0],
						"2.16": [0, 0, -1],
						"2.4": [0, 0, -1],
						"2.44": [0, 0, 0],
						"8.52": [0, 0, 0],
						"8.56": [0, 0.15, -1],
						"8.8": [0, 0.15, -1],
						"8.84": [0, 0, 0]
					}
				},
				"openL": {
					"position": {
						"0.0": [0, 0, 0],
						"2.12": [0, 0, 0],
						"2.16": [0, 0, 1],
						"2.4": [0, 0, 1],
						"2.44": [0, 0, 0],
						"8.52": [0, 0, 0],
						"8.56": [0, 0, 1],
						"8.8": [0, 0, 1],
						"8.84": [0, 0, 0]
					}
				},
				"innerEyeL": {
					"position": {
						"0.56": [0, 0, 0],
						"4.24": [0, 0, 0],
						"8.6": [0, 0, 0],
						"9.28": [0, 0, 0]
					},
					"scale": {
						"0.56": [1, 1, 1],
						"4.24": [1, 1, 1],
						"8.6": [1, 1, 1],
						"9.28": [1, 1, 1]
					}
				},
				"irisL": {
					"position": {
						"0.56": [0, 0, 0],
						"0.84": [0.525, -0.025, 0],
						"0.92": [-0.15, 0, 0],
						"2.24": [-0.15, 0, 0],
						"2.28": [-0.3, 0, 0],
						"4.24": [-0.3, 0, 0],
						"8.6": [-0.3, 0, 0],
						"9.28": [0, 0, 0]
					},
					"scale": {
						"0.56": [1, 1, 1],
						"4.24": [1, 1, 1],
						"8.6": [1, 1, 1],
						"9.28": [1, 1, 1]
					}
				},
				"irsisFaceL": {
					"position": {
						"0.56": [0, 0, 0],
						"0.84": [0, 0, 0],
						"0.92": [0, -0.16, 0],
						"2.2": [0, -0.16, 0],
						"2.24": [-0.08, -0.135, 0],
						"4.24": [-0.08, -0.135, 0],
						"4.28": [-0.07, 0.31, 0],
						"6.2": [-0.07, 0.31, 0],
						"6.88": [0.015, 0.125, 0],
						"7.28": [0.03, 0.01, -0.02],
						"7.52": [0.035, 0.31, -0.025],
						"8.56": [0.035, 0.31, -0.025],
						"8.6": [0.035, 0, -0.025],
						"9.28": [0, 0, 0]
					},
					"scale": {
						"0.56": [1, 1, 1],
						"0.84": [1, 1, 1],
						"0.92": [1, 1, 1],
						"4.24": [1, 1, 1],
						"4.28": [1.2, 0.5, 1],
						"6.2": [1.2, 0.5, 1],
						"6.88": [1.2, 0.6, 1],
						"7.28": [0.6, 0.59, 1],
						"7.52": [0.6, 0.39, 1],
						"8.56": [0.6, 0.39, 1],
						"8.6": [1, 0.79, 1],
						"9.28": [1, 1, 1]
					}
				},
				"whiteSpotL": {
					"position": {
						"0.0": [0, 0, 0],
						"0.88": [0, 0, 0],
						"0.92": [-0.075, -0.2, -1],
						"2.2": [-0.075, -0.2, -1],
						"2.24": [-0.17, -0.2, -1],
						"4.24": [-0.17, -0.2, -1],
						"4.28": [-0.17, -0.2, 0]
					}
				},
				"whiteL": {
					"position": {
						"0.56": [0, 0, 0],
						"0.84": [0, 0, 0],
						"0.92": [0, -0.075, 0],
						"4.24": [0, -0.075, 0],
						"4.28": [0, 0.17, 0],
						"6.2": [0, 0.17, 0],
						"6.88": [0, 0.07, 0],
						"7.28": [0, 0, 0],
						"7.52": [0, 0.175, 0],
						"8.56": [0, 0.175, 0],
						"8.6": [0, 0, 0],
						"9.28": [0, 0, 0]
					},
					"scale": {
						"0.56": [1, 1, 1],
						"0.84": [1, 1, 1],
						"0.92": [1, 1.3, 1],
						"4.24": [1, 1.3, 1],
						"4.28": [1, 0.5, 1],
						"6.2": [1, 0.5, 1],
						"6.88": [1, 0.8, 1],
						"7.28": [1, 1, 1],
						"7.52": [1, 0.5, 1],
						"8.56": [1, 0.5, 1],
						"8.6": [1, 1, 1],
						"9.28": [1, 1, 1]
					}
				},
				"browR": {
					"rotation": {
						"0.0": [0, 0, 0],
						"0.84": [0, 0, 0],
						"0.92": [0, 0, -27.5],
						"4.24": [0, 0, -27.5],
						"4.28": [0, 0, -10],
						"6.52": [0, 0, -10],
						"7.28": [0, 0, -2.5],
						"7.52": [0, 0, -7.5],
						"8.56": [0, 0, -7.5],
						"9.28": [0, 0, 0]
					},
					"position": {
						"0.0": [0, 0, 0],
						"0.84": [0, 0, 0],
						"0.92": [-0.2, 0.3, 0],
						"4.24": [-0.2, 0.3, 0],
						"4.28": [-0.2, 0.05, 0],
						"7.28": [-0.2, 0.05, 0],
						"7.52": [-0.35, 0.225, 0],
						"8.56": [-0.35, 0.225, 0],
						"9.28": [0, 0, 0]
					}
				},
				"closedR": {
					"position": {
						"0.0": [0, 0, 0],
						"2.12": [0, 0, 0],
						"2.16": [0, 0, -1],
						"2.4": [0, 0, -1],
						"2.44": [0, 0, 0],
						"4.28": [0, 0, 0],
						"4.32": [0, 0, -1],
						"4.56": [0, 0, -1],
						"4.6": [0, 0, 0],
						"8.52": [0, 0, 0],
						"8.56": [0, 0, -1],
						"8.8": [0, 0, -1],
						"8.84": [0, 0, 0]
					}
				},
				"openR": {
					"position": {
						"0.0": [0, 0, 0],
						"2.12": [0, 0, 0],
						"2.16": [0, 0, 1],
						"2.4": [0, 0, 1],
						"2.44": [0, 0, 0],
						"4.28": [0, 0, 0],
						"4.32": [0, 0, 1],
						"4.56": [0, 0, 1],
						"4.6": [0, 0, 0],
						"8.52": [0, 0, 0],
						"8.56": [0, 0, 1],
						"8.8": [0, 0, 1],
						"8.84": [0, 0, 0]
					}
				},
				"innerEyeR": {
					"position": [0, 0, 0],
					"scale": 1
				},
				"irisR": {
					"position": {
						"0.56": [0, 0, 0],
						"0.84": [0.44, -0.025, 0],
						"0.92": [0.265, 0, 0],
						"2.24": [0.265, 0, 0],
						"2.28": [-0.13, 0, 0],
						"4.24": [-0.13, 0, 0],
						"8.6": [-0.13, 0, 0],
						"9.28": [0, 0, 0]
					},
					"scale": {
						"0.56": [1, 1, 1],
						"0.84": [0.9, 1, 1],
						"4.24": [0.9, 1, 1],
						"8.6": [0.9, 1, 1],
						"9.28": [1, 1, 1]
					}
				},
				"irsisFaceR": {
					"position": {
						"0.56": [0, 0, 0],
						"0.84": [0, 0, 0],
						"0.92": [-0.175, -0.16, 0],
						"2.2": [-0.175, -0.16, 0],
						"2.24": [-0.17, -0.135, 0],
						"4.24": [-0.17, -0.135, 0],
						"4.28": [-0.145, 0.31, 0],
						"6.2": [-0.15, 0.31, 0],
						"6.88": [0.2, 0.125, 0],
						"7.28": [-0.14, 0.015, 0],
						"7.52": [-0.33, 0.145, 0],
						"8.56": [-0.33, 0.145, 0],
						"8.6": [0.425, 0, 0],
						"9.28": [0, 0, 0]
					},
					"scale": {
						"0.56": [1, 1, 1],
						"0.84": [1, 1, 1],
						"0.92": [1, 1, 1],
						"4.24": [1, 1, 1],
						"4.28": [1.2, 0.5, 1],
						"6.2": [1.2, 0.5, 1],
						"6.88": [1.2, 0.6, 1],
						"7.52": [1, 0.5, 1],
						"8.56": [1, 0.5, 1],
						"8.6": [1, 0.79, 1],
						"9.28": [1, 1, 1]
					}
				},
				"whiteSpotR": {
					"position": {
						"0.0": [0, 0, 0],
						"0.88": [0, 0, 0],
						"0.92": [0.005, -0.2, -1],
						"2.2": [0.005, -0.2, -1],
						"2.24": [-0.2, -0.2, -1],
						"4.24": [-0.2, -0.2, -1],
						"4.28": [-0.2, -0.2, 0]
					}
				},
				"whiteR": {
					"position": {
						"0.56": [0, 0, 0],
						"0.84": [0, 0, 0],
						"0.92": [0, -0.075, 0],
						"4.24": [0, -0.075, 0],
						"4.28": [0, 0.17, 0],
						"6.2": [0, 0.17, 0],
						"6.88": [0, 0.07, 0],
						"7.28": [0, 0, 0],
						"7.52": [0, 0.1, 0],
						"8.56": [0, 0.1, 0],
						"8.6": [0, 0, 0],
						"9.28": [0, 0, 0]
					},
					"scale": {
						"0.56": [1, 1, 1],
						"0.84": [1, 1, 1],
						"0.92": [1, 1.3, 1],
						"4.24": [1, 1.3, 1],
						"4.28": [1, 0.5, 1],
						"6.2": [1, 0.5, 1],
						"6.88": [1, 0.8, 1],
						"7.28": [1, 1, 1],
						"7.52": [1, 0.9, 1],
						"8.56": [1, 0.9, 1],
						"8.6": [1, 1, 1],
						"9.28": [1, 1, 1]
					}
				},
				"wideSmugSmile2": {
					"position": {
						"0.0": [0, 0, 0],
						"4.24": [0, 0, 0],
						"4.28": [0, 0, -1],
						"6.24": [0, 0, -1],
						"6.28": [0.15, 0, -1],
						"8.6": [0.15, 0, -1],
						"8.64": [0, 0, 0]
					},
					"scale": {
						"3.88": [0.35, 0.6, 1],
						"4.0": [0.45, 0.6, 1],
						"4.44": [1.1167, 0.9407, 1],
						"4.8": [1.2136, 0.9838, 1],
						"5.0": [1.25, 1, 1],
						"6.24": [1.25, 1, 1],
						"6.28": [0.35, 0.6, 1]
					}
				},
				"smugSmile2": {
					"position": {
						"0.0": [0, 0, 0],
						"0.84": [0, 0, 0],
						"0.88": [0, 0, 1],
						"8.6": [0, 0, 1],
						"8.64": [0, 0, 0]
					}
				},
				"tongueSmile2": {
					"position": [0, 0, 0]
				},
				"suprisedPikatchu": {
					"position": {
						"0.0": [0, 0, 0],
						"0.84": [0, 0, 0],
						"0.88": [0, 0, -1],
						"4.24": [0, 0, -1],
						"4.28": [0, 0, 0]
					}
				},
				"boobs": {
					"rotation": {
						"0.0": [0, 0, 0],
						"3.2": [-2.5, 0, 0],
						"4.16": [-2.3, 0, 0],
						"4.28": [-2.4, 0, 0],
						"4.36": [-2.24, 0, 0],
						"4.48": [0.6, 0, 0],
						"4.88": [0, 0, 0],
						"6.32": [0, 0, 0],
						"6.96": [0, -10, 0],
						"7.28": [0, 10, 0],
						"7.48": [0, 0, 0]
					}
				},
				"armR": {
					"rotation": {
						"0.0": [7, 0, -8.5],
						"3.08": [-0.5, 0, -8.5],
						"4.24": [-0.27, 0, -8.5],
						"4.64": [-0.27, 0, -8.5],
						"6.32": [6.49, 0, -8.5],
						"6.44": [1.82, -1.65, -6],
						"6.72": [-69.72, -20.91, 23.25],
						"6.84": [-79.1, -22.5, 26.5],
						"7.0": [-80.5, -22.5, 26.5],
						"7.12": [-75.99, -20.62, 24.42],
						"7.36": [-30.8, 26.55, -0.65],
						"7.68": [-26.01, 32.5, -8.5],
						"8.6": [-26.01, 32.5, -8.5],
						"8.72": [-22.83, 29.59, -8.5],
						"8.92": [4.82, 2.91, -8.5],
						"9.04": [8, 0, -8.5]
					}
				},
				"lowerArmR": {
					"rotation": {
						"0.0": [0, 0, 0],
						"6.2": [0, 0, 0],
						"6.4": [-7.68, 0, 0],
						"6.56": [-68.36, 0, 0],
						"6.8": [-48.84, 0, 0],
						"6.96": [-47.54, 0, 0],
						"7.12": [-51.03, 0, 0],
						"7.32": [-80.02, 0, 0],
						"7.8": [-85, 0, 0],
						"8.6": [-85, 0, 0],
						"9.28": [0, 0, 0]
					},
					"scale": 1
				},
				"armL": {
					"rotation": {
						"0.0": [0, 0, 7],
						"4.2": [1, 0, 7],
						"4.24": [-37.54, 0, 3.67],
						"4.32": [-39.3, 0, 2.74],
						"6.2": [-39.3, 0, 2.74],
						"6.8": [17.2, -25, 8.74],
						"8.6": [17.2, -25, 8.74],
						"9.28": [0, 0, 7]
					},
					"position": {
						"4.2": [0, 0, 0],
						"4.24": [0, 0.6, 0],
						"4.28": [0, 0.5, 0],
						"4.4": [0, 0, 0]
					}
				},
				"lowerArmL": {
					"rotation": {
						"0.0": [0, 0, 0],
						"4.2": [0, 0, 0],
						"4.24": [-128.75, 0, 0],
						"4.28": [-138, 0, 0],
						"6.2": [-138, 0, 0],
						"6.32": [-116.86, 0, 0],
						"6.8": [-2.5, 0, 0],
						"8.6": [-2.5, 0, 0],
						"9.28": [0, 0, 0]
					}
				},
				"cheekL": {
					"rotation": [0, 0, 0]
				},
				"legR": {
					"rotation": [0, 0, 0]
				},
				"shinR": {
					"rotation": [0, 0, 0]
				},
				"legL": {
					"rotation": [0, 0, 0]
				},
				"shinL": {
					"rotation": [0, 0, 0]
				},
				"cock": {
					"position": [0, -64, 0]
				},
				"RightArm": {
					"rotation": {
						"0.0": [0, 0, 0],
						"0.52": [-90, 0, 0],
						"7.12": [-90, 0, 0],
						"7.64": [0, 0, 0]
					}
				},
				"items": {
					"rotation": {
						"0.0": [0, 17.5, 0],
						"0.52": [0, 130, 0],
						"7.0": [0, 130, 0],
						"7.12": [-8.37, 125.26, 63.44],
						"7.2": [6.47, 149.19, 59.49],
						"7.28": [20.63, 129.04, 39.69],
						"7.36": [11.65, 164.54, 31.49],
						"7.44": [20.86, 192.99, 28.63],
						"7.56": [20.86, 192.99, 28.63],
						"7.68": [22, 195.25, 28]
					},
					"position": {
						"0.0": [11.225, "-8.825+200", -18.85],
						"0.52": [9.83, "0.595+200", -11.425],
						"7.0": [9.83, "0.595+200", -11.425],
						"7.12": [9.78, "0.595+200", -12.76],
						"7.2": [6.7, "0.595+200", -13.465],
						"7.28": [1.81, "0.595+200", -13.89],
						"7.36": [-3.675, "0.595+200", -11.515],
						"7.44": [-4.64, "0.595+200", -10.345],
						"7.56": [-4.63, "0.595+200", -10.05],
						"7.68": [-4.62, "0.595+200", -10.075],
						"8.2": [-4.62, "0.595+200", -10.07],
						"8.24": [-4.62, "0.595-200", -10.07]
					}
				}
			}
		},
		"animation.jn.playermovearm": {
			"animation_length": 7.64,
			"bones": {
				"RightArm": {
					"rotation": {
						"0.0": [0, 0, 0],
						"0.52": [-90, 0, 0],
						"7.12": [-90, 0, 0],
						"7.64": [0, 0, 0]
					}
				}
			}
		},
		"animation.jn.blowjob": {
			"animation_length": 92,
			"bones": {
				"body": {
					"rotation": [0, 0, 0],
					"position": {
						"0.0": [0, 0, 0],
						"8.12": [0, 0, 0],
						"8.2": [0, -10.35, -5.4],
						"8.32": [0, -9.02, -4.87],
						"8.48": [0, -10.52, -5.07],
						"33.8": [0, -10.52, -5.07]
					}
				},
				"upperBody": {
					"rotation": {
						"0.0": [0, 0, 0],
						"1.68": [10, 0, 4],
						"2.28": [15, 0, 5],
						"8.12": [15, 0, 5],
						"8.16": [1.28, 0, 2.08],
						"8.2": [-5.79, 0, -0.63],
						"8.32": [3.29, 0, 0.41],
						"8.4": [-0.46, 0, -0.1],
						"8.52": [0, 0, 0],
						"15.0": [0, 0, 0],
						"15.16": [0.64, 0, 0],
						"15.68": [-12.87, 0, 0],
						"15.88": [-12.5, 0, 0],
						"19.16": [-12.5, 0, 0],
						"20.96": [-5.5, 0, 0],
						"21.16": [-5.5, 0, 0],
						"32.84": [-5.5, 0, 0],
						"33.8": [-7.17, 0, 0],
						"35.2": [0.7, 0, 0],
						"36.48": [0.7, 0, 0],
						"37.12": [-1, 0, 0],
						"38.92": [5.5, 0, 0],
						"40.08": [6.25, 0, 0],
						"40.52": [5.5, 0, 0],
						"41.4": [3.28, 0, 0],
						"41.68": [3.28, 0, 0],
						"42.64": [5.5, 0, 0],
						"43.64": [6.25, 0, 0],
						"45.76": [3.28, 0, 0],
						"48.6": [3.28, 0, 0],
						"49.24": [1.775, 0, 0]
					},
					"position": {
						"8.12": [0, 0, 0],
						"8.32": [0, 0, 0]
					}
				},
				"torso": {
					"rotation": {
						"0.0": [0, 0, 0],
						"49.96": [20, 0, 0],
						"51.96": [7.5, 0, 0],
						"53.0": [20, 0, 0],
						"55.0": [7.5, 0, 0],
						"55.96": [20, 0, 0],
						"57.96": [7.5, 0, 0],
						"59.0": [20, 0, 0],
						"61.0": [7.5, 0, 0],
						"61.96": [20, 0, 0],
						"63.96": [7.5, 0, 0],
						"66.0": [20, 0, 0],
						"68.0": [7.5, 0, 0],
						"69.0": [25, 0, 0],
						"70.04": [7.5, 0, 0],
						"70.56": [25, 0, 0],
						"71.6": [7.5, 0, 0],
						"71.96": [25, 0, 0],
						"73.0": [7.5, 0, 0],
						"73.32": [25, 0, 0],
						"74.36": [7.5, 0, 0],
						"74.56": [25, 0, 0],
						"75.6": [7.5, 0, 0],
						"75.84": [25, 0, 0],
						"76.88": [7.5, 0, 0],
						"77.12": [25, 0, 0],
						"78.16": [7.5, 0, 0],
						"78.48": [25, 0, 0],
						"79.52": [7.5, 0, 0],
						"80.04": [17.5, 0, 0],
						"81.56": [17.5, 0, 0],
						"82.0": [22.5, 0, 0],
						"83.08": [22.5, 0, 0],
						"84.0": [-10, 0, 0]
					},
					"scale": {
						"85.84": [1, 1, 1],
						"87.04": [1, 1.03, 1],
						"88.0": [1, 1, 1],
						"89.2": [1, 1.03, 1],
						"90.0": [1, 1, 1],
						"91.2": [1, 1.03, 1],
						"92.0": [1, 1, 1]
					}
				},
				"head": {
					"rotation": {
						"0.0": [0, 0, 0],
						"2.04": [-10, 0, 4],
						"2.64": [-15, 0, 5],
						"3.92": [-15, 0, 5],
						"4.08": [-15, 0.4, 5],
						"4.56": [-15, 7.5, 5],
						"4.68": [-15, 6.91, 5],
						"4.88": [-15, -8.93, 5],
						"5.04": [-15, -7.5, 5],
						"5.2": [-15, -6.5, 5],
						"6.08": [-15, -6.5, 5],
						"6.24": [-15, -5.55, 5],
						"6.56": [-15, -1.39, 5],
						"6.72": [-15, 1, 5],
						"6.88": [-15, 0, 5],
						"7.24": [-15, 0, 5],
						"7.52": [-19.7, 0, 0],
						"7.6": [-19, 0, 0],
						"8.04": [-19, 0, 0],
						"8.2": [-10.5, 0, 0],
						"8.24": [-14.5, 0, 1],
						"8.44": [-19.2, 0, 3],
						"8.64": [-23.2, 1, 9],
						"8.72": [-24, 0.93, 8.8],
						"8.8": [-26.2, 0.75, 8],
						"8.88": [-26.9, 0.455, 6.3],
						"8.96": [-27.2, 0, 3],
						"9.0": [-27.11, -0.245, 0.7],
						"9.08": [-26.2, -0.575, -1.5],
						"9.16": [-24.72, -0.795, -3.03],
						"9.28": [-22.3, -1, -4],
						"9.36": [-20.25, -0.93, -3.05],
						"9.44": [-19, -0.75, -1.5],
						"9.52": [-18.25, -0.445, 0.35],
						"9.6": [-18.2, 0, 3],
						"9.68": [-18.75, 0.505, 5.6],
						"9.76": [-19.7, 0.8, 7.3],
						"9.84": [-21.45, 0.98, 8.7],
						"9.92": [-23.2, 1, 9],
						"10.0": [-25.1, 0.93, 8.8],
						"10.08": [-26.7, 0.75, 8],
						"10.16": [-27.4, 0.455, 6.3],
						"10.24": [-27.2, 0, 3],
						"10.28": [-26.71, -0.245, 0.7],
						"10.36": [-24.9, -0.575, -1.5],
						"10.44": [-23.42, -0.795, -3.03],
						"10.56": [-22.3, -1, -4],
						"10.64": [-20.25, -0.93, -3.05],
						"10.72": [-19, -0.75, -1.5],
						"10.8": [-18.25, -0.445, 0.35],
						"10.88": [-18.2, 0, 3],
						"10.96": [-18.75, 0.505, 5.6],
						"11.04": [-19.7, 0.8, 7.3],
						"11.12": [-21.45, 0.98, 8.7],
						"11.2": [-23.2, 1, 9],
						"11.52": [-25.1, -13, 0],
						"11.6": [-25.1, 19, 0],
						"11.68": [-25.1, -13, 0],
						"11.76": [-25.1, 19, 0],
						"11.84": [-25.1, -13, 0],
						"11.92": [-25.1, 19, 0],
						"12.08": [-25.1, -3, 0],
						"12.2": [-25.1, 0, 0],
						"13.0": [-25.1, 0, 0],
						"13.04": [-27.36, 0, 0],
						"13.32": [-37.6, 0, 0],
						"15.0": [-37.6, 0, 0],
						"15.76": [-10.1, 0, 0],
						"16.56": [-10.1, 0, 0],
						"16.88": [-15, 0, 0],
						"17.56": [-15, 0, 0],
						"18.04": [-10.1, 0, 0],
						"23.36": [-10.1, 0, 0],
						"24.0": [-22.5, 0, 0],
						"24.28": [-21.6, 0, 0],
						"26.92": [-21.6, 0, 0],
						"27.08": [-21.6, 0, -13],
						"27.16": [-21.6, 0, -12],
						"30.12": [-21.6, 0, -12],
						"30.48": [-9.1, 0, 0],
						"32.84": [-9.1, 0, 0],
						"33.8": [-13.85, 0, 0],
						"34.48": [6.89, 0, 0],
						"35.4": [-0.35, 0, 0],
						"36.48": [-0.35, 0, 0],
						"37.2": [-2.25, 0, -3.8],
						"38.0": [5.685, 0, 0],
						"38.92": [12.11, 0, 3.8],
						"40.04": [12.15, 0, 3.8],
						"40.52": [11.51, 0, 2.4],
						"41.4": [10.29, 0, 0],
						"41.68": [10.29, 0, 0],
						"42.64": [11.51, 0, -2.1],
						"43.64": [12.15, 0, -2.9],
						"45.76": [10.29, 0, 0],
						"47.52": [10.29, 0, 0],
						"47.84": [8.04, 0, 0],
						"48.6": [8.04, 0, 0],
						"49.24": [6.425, 0, 0],
						"84.0": [6.43, 0, 0],
						"84.96": [-16.07, 0, 0]
					},
					"position": {
						"0.0": [0, 0, 0],
						"2.04": [0, -0.3, 0],
						"2.64": [0, -0.3, 0],
						"26.92": [0, -0.3, 0],
						"30.12": [0, -0.3, 0]
					}
				},
				"heart": {
					"rotation": {
						"26.96": [0, 0, 0],
						"27.12": [0, 39, 0],
						"27.2": [-14, 37, 0],
						"30.16": [-14, 37, 0]
					},
					"position": {
						"26.96": [0, 0, 0],
						"27.32": [7.5, -0.35, -4.55],
						"27.44": [7.3, -0.3, -4.5],
						"29.84": [7.3, -0.3, -4.5],
						"30.16": [7.95, -0.695, -4.1]
					},
					"scale": {
						"29.84": [0.75, 0.75, 0.75],
						"30.16": [0, 0, 0]
					}
				},
				"hair": {
					"rotation": {
						"0.0": [0, 0, 0],
						"4.16": [0, 0, 0],
						"4.44": [0, 0, 4],
						"5.0": [0, 0, -5],
						"5.28": [0, 0, 2],
						"5.52": [0, 0, 0],
						"6.04": [0, 0, 0],
						"6.2": [0, 0, -1],
						"6.48": [0, 0, 2.7],
						"6.92": [0, 0, 0],
						"11.52": [0, 0, 0],
						"11.6": [0, 0, 8],
						"11.68": [0, 0, -8],
						"11.76": [0, 0, 8],
						"11.84": [0, 0, -8],
						"11.92": [0, 0, 0],
						"12.08": [0, 0, -8],
						"12.2": [0, 0, 5],
						"12.44": [0, 0, 0],
						"26.92": [0, 0, 0],
						"27.04": [0, 0, -0.3],
						"27.2": [0, 0, 1.875],
						"27.44": [0, 0, 0],
						"30.12": [0, 0, 0],
						"30.48": [0, 0, 1.75],
						"30.76": [0, 0, 0]
					}
				},
				"browL": {
					"rotation": {
						"0.0": [0, 0, 0],
						"2.8": [0, 0, 10],
						"4.08": [0, 0, 10],
						"4.56": [0, 0, 0],
						"4.68": [0, 0, 2.37],
						"5.0": [0, 0, 2.75],
						"6.08": [0, 0, 2.75],
						"6.72": [0, 0, 0],
						"7.24": [0, 0, 0],
						"7.52": [0, 0, 4.5],
						"7.68": [0, 0, 4.5],
						"7.76": [0, 0, -3],
						"8.12": [0, 0, -3],
						"8.32": [0, 0, 17],
						"10.36": [0, 0, 17],
						"11.08": [0, 0, 7],
						"13.0": [0, 0, 7],
						"13.16": [0, 0, -5.5],
						"15.0": [0, 0, -5.5],
						"15.64": [0, 0, 12],
						"16.52": [0, 0, 12],
						"16.88": [0, 0, 14.5],
						"17.56": [0, 0, 14.5],
						"18.04": [0, 0, 12],
						"23.36": [0, 0, 12],
						"24.12": [0, 0, 10.25],
						"26.92": [0, 0, 10.25],
						"27.16": [0, 0, 7.5],
						"30.16": [0, 0, 7.5],
						"30.48": [0, 0, 6.25],
						"38.32": [0, 0, 6.25],
						"39.2": [0, 0, 13.75],
						"40.24": [0, 0, 13.75],
						"41.32": [0, 0, 8.5],
						"41.8": [0, 0, 8.5],
						"43.24": [0, 0, 13.75],
						"46.16": [0, 0, 8.5],
						"48.92": [0, 0, 8.5],
						"49.24": [0, 0, 13.25]
					},
					"position": {
						"0.0": [0, 0, 0],
						"2.8": [0.325, 0.025, 0],
						"4.08": [0.33, 0.03, 0],
						"4.16": [0.26, -0.14, 0],
						"4.56": [0.22, -0.24, 0],
						"4.68": [0.31, 0.19, 0],
						"5.0": [0.33, 0.26, 0],
						"6.08": [0.33, 0.26, 0],
						"6.72": [0.18, -0.065, 0],
						"7.24": [0.18, -0.06, 0],
						"7.52": [0.23, 0.04, 0],
						"7.68": [0.23, 0.04, 0],
						"7.76": [0.23, -0.31, 0],
						"8.12": [0.23, -0.31, 0],
						"8.32": [0.33, 0.09, 0],
						"10.36": [0.33, 0.09, 0],
						"11.08": [0.33, -0.11, 0],
						"13.0": [0.33, -0.11, 0],
						"13.16": [0.03, 0.09, 0],
						"15.0": [0.03, 0.09, 0],
						"15.64": [0.43, 0.09, 0],
						"16.52": [0.43, 0.09, 0],
						"16.88": [0.43, 0.29, 0],
						"17.56": [0.43, 0.29, 0],
						"18.04": [0.43, 0.09, 0],
						"23.36": [0.43, 0.09, 0],
						"24.12": [0.205, 0.015, 0],
						"26.92": [0.2, 0.02, 0],
						"27.16": [0.175, -0.03, 0],
						"30.16": [0.175, -0.03, 0],
						"30.48": [0.15, -0.03, 0],
						"38.32": [0.15, -0.03, 0],
						"39.2": [0.35, -0.16, 0],
						"40.24": [0.35, -0.16, 0],
						"41.32": [0.275, -0.085, 0],
						"41.8": [0.275, -0.085, 0],
						"43.24": [0.35, -0.16, 0],
						"46.16": [0.275, -0.085, 0],
						"47.52": [0.275, -0.085, 0],
						"47.84": [0.27, 0.045, 0],
						"48.92": [0.27, 0.05, 0],
						"49.24": [0.27, 0.1, 0]
					},
					"scale": 1
				},
				"closedL": {
					"position": {
						"0.0": [0, 0, 0],
						"0.88": [0, 0, 0],
						"0.92": [0, 0, -1],
						"2.72": [0, 0, -1],
						"2.76": [0, 0, 0],
						"5.8": [0, 0, 0],
						"5.84": [0, 0, -1],
						"6.04": [0, 0, -1],
						"6.08": [0, 0, 0],
						"7.72": [0, 0, 0],
						"7.76": [0, 0, -1],
						"8.28": [0, 0, -1],
						"8.32": [0, 0, 0],
						"10.24": [0, 0, 0],
						"10.28": [0, 0, -1],
						"11.84": [0, 0, -1],
						"11.88": [0, 0, 0],
						"12.16": [0, 0, 0],
						"12.2": [0, 0, -1],
						"12.24": [0, 0, -1],
						"12.28": [0, 0, 0],
						"12.44": [0, 0, 0],
						"12.48": [0, 0, -1],
						"12.52": [0, 0, 0],
						"14.4": [0, 0, 0],
						"14.44": [0, 0, -1],
						"14.6": [0, 0, -1],
						"14.64": [0, 0, 0],
						"22.88": [0, 0, 0],
						"22.92": [0, 0, -1],
						"23.16": [0, 0, -1],
						"23.2": [0, 0, 0],
						"33.36": [0, 0, 0],
						"33.4": [0, 0, -1],
						"35.04": [0, 0, -1],
						"35.08": [0, 0, 0],
						"36.76": [0, 0, 0],
						"36.8": [0, 0, -1],
						"39.12": [0, 0, -1],
						"39.16": [0, 0, 0],
						"41.84": [0, 0, 0],
						"41.88": [0, 0, -1],
						"46.16": [0, 0, -1],
						"46.2": [0, 0, 0],
						"47.4": [0, 0, 0],
						"47.44": [0, 0, -1],
						"47.68": [0, 0, -1],
						"47.72": [0, 0, 0],
						"83.28": [0, 0, 0],
						"83.48": [0, 0, -2],
						"85.32": [0, 0, -2],
						"85.64": [0, 0, -1]
					}
				},
				"openL": {
					"position": {
						"0.0": [0, 0, 0],
						"0.88": [0, 0, 0],
						"0.92": [0, 0, 1],
						"2.72": [0, 0, 1],
						"2.76": [0, 0, 0],
						"5.8": [0, 0, 0],
						"5.84": [0, 0, 1],
						"6.04": [0, 0, 1],
						"6.08": [0, 0, 0],
						"7.72": [0, 0, 0],
						"7.76": [0, 0, 1],
						"8.28": [0, 0, 1],
						"8.32": [0, 0, 0],
						"10.24": [0, 0, 0],
						"10.28": [0, 0, 1],
						"11.84": [0, 0, 1],
						"11.88": [0, 0, 0],
						"12.16": [0, 0, 0],
						"12.2": [0, 0, 1],
						"12.24": [0, 0, 1],
						"12.28": [0, 0, 0],
						"12.44": [0, 0, 0],
						"12.48": [0, 0, 1],
						"12.52": [0, 0, 0],
						"14.4": [0, 0, 0],
						"14.44": [0, 0, 1],
						"14.6": [0, 0, 1],
						"14.64": [0, 0, 0],
						"22.88": [0, 0, 0],
						"22.92": [0, 0, 1],
						"23.16": [0, 0, 1],
						"23.2": [0, 0, 0],
						"26.92": [0, 0, 0],
						"27.16": [0, 0.15, 0],
						"30.16": [0, 0.15, 0],
						"30.48": [0, 0, 0],
						"33.36": [0, 0, 0],
						"33.4": [0, 0, 1],
						"35.04": [0, 0, 1],
						"35.08": [0, 0, 0],
						"36.76": [0, 0, 0],
						"36.8": [0, 0, 1],
						"39.12": [0, 0, 1],
						"39.16": [0, 0, 0],
						"41.84": [0, 0, 0],
						"41.88": [0, 0, 1],
						"46.16": [0, 0, 1],
						"46.2": [0, 0, 0],
						"47.4": [0, 0, 0],
						"47.44": [0, 0, 1],
						"47.68": [0, 0, 1],
						"47.72": [0, 0, 0],
						"85.32": [0, 0, 0],
						"85.64": [0, 0, -1]
					}
				},
				"irsisFaceL": {
					"position": {
						"0.0": [0, 0, 0],
						"2.44": [0, 0, 0],
						"2.68": [-0.3, 0.19, 0],
						"4.08": [-0.3, 0.19, 0],
						"4.56": [-0.38, 0.245, 0],
						"4.68": [0.57, 0.05, 0],
						"5.0": [0.72, 0.025, 0],
						"6.12": [0.72, 0.03, 0],
						"6.2": [0.395, 0.07, 0],
						"6.24": [0.25, 0.125, 0],
						"6.28": [0.15, 0.195, 0],
						"6.32": [0.235, 0.245, 0],
						"6.4": [0.365, 0.24, 0],
						"6.48": [0.36, 0.145, 0],
						"6.56": [0.255, 0.135, 0],
						"6.72": [-0.35, 0.19, 0],
						"6.84": [-0.3, 0.19, 0],
						"7.24": [-0.3, 0.19, 0],
						"7.52": [-0.3, 0.315, 0],
						"7.68": [-0.3, 0.315, 0],
						"7.76": [-0.375, 0.22, 0],
						"8.28": [-0.38, 0.22, 0],
						"8.32": [-0.18, 0.22, 0],
						"8.44": [-0.005, 0.105, 0],
						"8.56": [0.22, 0.045, 0],
						"8.68": [0.495, 0.09, 0],
						"8.8": [0.645, 0.24, 0],
						"8.92": [0.505, 0.325, 0],
						"9.04": [0.225, 0.365, 0],
						"9.16": [0.005, 0.325, 0],
						"9.28": [-0.005, 0.105, 0],
						"9.4": [0.22, 0.045, 0],
						"9.52": [0.495, 0.09, 0],
						"9.64": [0.645, 0.24, 0],
						"9.76": [0.505, 0.325, 0],
						"9.88": [0.225, 0.365, 0],
						"10.0": [0.005, 0.325, 0],
						"10.12": [-0.005, 0.105, 0],
						"10.24": [0.495, 0.09, 0],
						"11.64": ["0.005-0.5", 0.33, 0],
						"11.68": [-0.25, 0.15, 0],
						"13.0": [-0.25, 0.15, 0],
						"13.32": [-0.25, 0.225, 0],
						"14.72": [-0.25, 0.225, 0],
						"15.0": [-0.29, 0.075, 0],
						"15.76": [-0.325, -0.08, 0],
						"16.52": [-0.325, -0.08, 0],
						"16.88": [-0.245, 0.195, 0],
						"17.56": [-0.245, 0.195, 0],
						"17.84": [-0.32, -0.08, 0],
						"18.04": [-0.32, -0.08, 0],
						"23.36": [-0.32, -0.08, 0],
						"23.48": [-0.22, 0.26, 0],
						"27.04": [-0.22, 0.26, 0],
						"27.08": [-0.12, 0.185, 0],
						"30.12": [-0.12, 0.185, 0],
						"30.48": [-0.27, -0.025, 0],
						"39.12": [-0.27, -0.025, 0],
						"39.16": [-0.27, 0.135, 0],
						"47.52": [-0.27, 0.135, 0],
						"47.84": [-0.27, 0.415, 0]
					},
					"scale": {
						"2.44": [1, 1, 1],
						"2.68": [1, 0.7, 1],
						"4.08": [1, 0.7, 1],
						"4.56": [1, 0.6, 1],
						"4.68": [1.0861, 0.8582, 1],
						"5.0": [1.1, 0.9, 1],
						"6.08": [1.1, 0.9, 1],
						"6.12": [1, 0.7, 1],
						"6.72": [1, 0.7, 1],
						"7.24": [1, 0.7, 1],
						"7.52": [1, 0.6, 1],
						"7.68": [1, 0.6, 1],
						"7.76": [1, 0.4, 1],
						"8.28": [1, 0.4, 1],
						"8.32": [0.7, 0.4, 1],
						"11.64": [0.7, 0.4, 1],
						"11.68": [1, 0.7, 1],
						"13.0": [1, 0.7, 1],
						"18.04": [1, 0.7, 1],
						"23.36": [1, 0.7, 1],
						"23.48": [1, 0.7, 1],
						"30.12": [1, 0.7, 1],
						"47.52": [1, 0.7, 1],
						"47.84": [1, 0.4, 1]
					}
				},
				"whiteSpotL": {
					"position": {
						"0.0": [0, 0, 0],
						"14.96": [0, 0, 0],
						"15.0": [-0.3, -0.15, -1],
						"15.64": [-0.4, -0.3, -1],
						"16.52": [-0.4, -0.3, -1],
						"16.88": [-0.4, -0.3, 0],
						"17.56": [-0.4, -0.3, 0],
						"17.68": [-0.375, -0.075, -1],
						"17.84": [-0.4, -0.3, -1],
						"18.04": [-0.4, -0.3, -1],
						"23.4": [-0.4, -0.3, -1],
						"23.52": [-0.4, -0.3, 0],
						"33.76": [-0.4, -0.3, 0],
						"33.96": [-0.395, -0.295, -1],
						"39.12": [-0.395, -0.295, -1],
						"39.16": [-0.365, -0.1, -1],
						"47.68": [-0.36, -0.1, -1],
						"47.8": [-0.36, -0.1, 0]
					}
				},
				"whiteL": {
					"position": {
						"2.44": [0, 0, 0],
						"2.68": [0, 0.125, 0],
						"4.08": [0, 0.125, 0],
						"4.56": [0, 0.15, 0],
						"4.68": [0, 0.03, 0],
						"5.0": [0, 0.03, 0],
						"6.08": [0, 0.03, 0],
						"6.16": [0, 0.055, 0],
						"6.64": [0, 0.1, 0],
						"6.72": [0, 0.125, 0],
						"8.28": [0, 0.13, 0],
						"8.32": [0, 0.03, 0],
						"11.64": [0, 0.03, 0],
						"11.68": [0, 0.105, 0],
						"13.0": [0, 0.11, 0],
						"13.32": [0, 0.06, 0],
						"15.0": [0, 0.06, 0],
						"15.76": [0, -0.04, 0],
						"18.04": [0, -0.04, 0],
						"23.36": [0, -0.04, 0],
						"23.48": [0, 0.09, 0],
						"26.92": [0, 0.09, 0],
						"27.08": [0, -0.01, 0],
						"30.12": [0, -0.01, 0],
						"30.48": [0, -0.01, 0],
						"39.12": [0, -0.01, 0],
						"39.16": [0, 0.09, 0]
					},
					"scale": {
						"2.44": [1, 1, 1],
						"2.68": [1, 0.7, 1],
						"4.08": [1, 0.7, 1],
						"4.56": [1, 0.6, 1],
						"4.68": [1, 1.0971, 1],
						"5.0": [1, 1.1, 1],
						"5.92": [1, 1.1, 1],
						"6.08": [1, 0.925, 1],
						"6.16": [1, 1.1, 1],
						"6.56": [1, 0.8268, 1],
						"6.64": [1, 0.7, 1],
						"6.72": [1, 0.7, 1],
						"8.28": [1, 0.7, 1],
						"8.32": [1, 1.1, 1],
						"11.64": [1, 1.1, 1],
						"11.68": [1, 0.8, 1],
						"13.0": [1, 0.8, 1],
						"13.32": [1, 1, 1],
						"15.0": [1, 1, 1],
						"15.76": [1, 1.2, 1],
						"18.04": [1, 1.2, 1],
						"23.36": [1, 1.2, 1],
						"23.48": [1, 0.8, 1],
						"26.92": [1, 0.8, 1],
						"27.08": [1, 1.1, 1],
						"30.12": [1, 1.1, 1],
						"30.48": [1, 1.1, 1],
						"39.12": [1, 1.1, 1],
						"39.16": [1, 0.8, 1]
					}
				},
				"browR": {
					"rotation": {
						"0.0": [0, 0, 0],
						"2.8": [0, 0, -7.5],
						"4.08": [0, 0, -7.5],
						"4.56": [0, 0, -2.7],
						"4.68": [0, 0, -0.38],
						"5.0": [0, 0, 0],
						"6.08": [0, 0, 0],
						"7.24": [0, 0, 0],
						"7.52": [0, 0, -4.5],
						"7.68": [0, 0, -4.5],
						"7.76": [0, 0, 4.25],
						"8.12": [0, 0, 4.25],
						"8.32": [0, 0, -11.75],
						"11.08": [0, 0, -4.25],
						"13.0": [0, 0, -4.25],
						"13.16": [0, 0, 11.25],
						"15.0": [0, 0, 11.25],
						"15.64": [0, 0, -1.25],
						"16.52": [0, 0, -1.25],
						"16.88": [0, 0, -7.25],
						"17.56": [0, 0, -7.25],
						"18.04": [0, 0, -1.25],
						"23.36": [0, 0, -1.25],
						"24.12": [0, 0, -7.5],
						"26.92": [0, 0, -7.5],
						"27.16": [0, 0, -1.5],
						"29.56": [0, 0, -1.5],
						"29.64": [0, 0, -1.5],
						"30.16": [0, 0, -1.5],
						"30.48": [0, 0, -4.25],
						"38.32": [0, 0, -4.25],
						"39.2": [0, 0, -9.25],
						"40.24": [0, 0, -9.25],
						"41.32": [0, 0, -5.75],
						"41.8": [0, 0, -5.75],
						"43.24": [0, 0, -9.25],
						"46.16": [0, 0, -5.75],
						"48.92": [0, 0, -5.75],
						"49.24": [0, 0, -7.5]
					},
					"position": {
						"0.0": [0, 0, 0],
						"2.8": [-0.225, 0.025, 0],
						"4.08": [-0.225, 0.025, 0],
						"4.56": [-0.33, 0.26, 0],
						"4.68": [-0.24, -0.17, 0],
						"5.0": [-0.22, -0.24, 0],
						"6.08": [-0.22, -0.24, 0],
						"6.72": [-0.22, -0.115, 0],
						"7.24": [-0.22, -0.11, 0],
						"7.52": [-0.27, -0.01, 0],
						"7.68": [-0.27, -0.01, 0],
						"7.76": [-0.245, -0.285, 0],
						"8.12": [-0.245, -0.285, 0],
						"8.32": [-0.25, 0.02, 0],
						"10.36": [-0.25, 0.02, 0],
						"11.08": [-0.25, -0.18, 0],
						"13.0": [-0.25, -0.18, 0],
						"13.16": [-0.05, 0.02, 0],
						"15.0": [-0.05, 0.02, 0],
						"15.64": [-0.25, 0.02, 0],
						"16.52": [-0.25, 0.02, 0],
						"16.88": [-0.25, 0.145, 0],
						"17.56": [-0.25, 0.145, 0],
						"18.04": [-0.25, 0.02, 0],
						"23.36": [-0.25, 0.02, 0],
						"24.12": [-0.25, 0.02, 0],
						"26.92": [-0.25, 0.02, 0],
						"27.16": [-0.25, -0.355, 0],
						"29.56": [-0.25, -0.355, 0],
						"29.64": [-0.25, -0.205, 0],
						"30.16": [-0.25, -0.205, 0],
						"30.48": [-0.25, -0.055, 0],
						"38.32": [-0.25, -0.05, 0],
						"39.2": [-0.3, -0.13, 0],
						"40.24": [-0.3, -0.13, 0],
						"41.32": [-0.3, -0.08, 0],
						"41.8": [-0.3, -0.08, 0],
						"43.24": [-0.3, -0.13, 0],
						"46.16": [-0.3, -0.08, 0],
						"47.52": [-0.3, -0.08, 0],
						"47.84": [-0.3, 0.02, 0],
						"48.92": [-0.3, 0.02, 0],
						"49.24": [-0.325, 0.07, 0]
					}
				},
				"closedR": {
					"position": {
						"0.0": [0, 0, 0],
						"0.88": [0, 0, 0],
						"0.92": [0, 0, -1],
						"2.72": [0, 0, -1],
						"2.76": [0, 0, 0],
						"5.8": [0, 0, 0],
						"5.84": [0, 0, -1],
						"6.04": [0, 0, -1],
						"6.08": [0, 0, 0],
						"7.72": [0, 0, 0],
						"7.76": [0, 0, -1],
						"8.28": [0, 0, -1],
						"8.32": [0, 0, 0],
						"10.24": [0, 0, 0],
						"10.28": [0, 0, -1],
						"11.84": [0, 0, -1],
						"11.88": [0, 0, 0],
						"12.16": [0, 0, 0],
						"12.2": [0, 0, -1],
						"12.24": [0, 0, -1],
						"12.28": [0, 0, 0],
						"12.44": [0, 0, 0],
						"12.48": [0, 0, -1],
						"12.52": [0, 0, 0],
						"14.4": [0, 0, 0],
						"14.44": [0, 0, -1],
						"14.6": [0, 0, -1],
						"14.64": [0, 0, 0],
						"22.88": [0, 0, 0],
						"22.92": [0, 0, -1],
						"23.16": [0, 0, -1],
						"23.2": [0, 0, 0],
						"26.92": [0, 0, 0],
						"26.96": [0, 0, -1],
						"29.6": [0, 0, -1],
						"29.64": [0, 0, 0],
						"33.36": [0, 0, 0],
						"33.4": [0, 0, -1],
						"35.04": [0, 0, -1],
						"35.08": [0, 0, 0],
						"36.76": [0, 0, 0],
						"36.8": [0, 0, -1],
						"39.12": [0, 0, -1],
						"39.16": [0, 0, 0],
						"41.84": [0, 0, 0],
						"41.88": [0, 0, -1],
						"46.16": [0, 0, -1],
						"46.2": [0, 0, 0],
						"47.4": [0, 0, 0],
						"47.44": [0, 0, -1],
						"47.68": [0, 0, -1],
						"47.72": [0, 0, 0],
						"83.28": [0, 0, 0],
						"83.48": [0, 0, -2],
						"85.32": [0, 0, -2],
						"85.64": [0, 0, -1]
					},
					"scale": 1
				},
				"openR": {
					"position": {
						"0.0": [0, 0, 0],
						"0.88": [0, 0, 0],
						"0.92": [0, 0, 1],
						"2.72": [0, 0, 1],
						"2.76": [0, 0, 0],
						"5.8": [0, 0, 0],
						"5.84": [0, 0, 1],
						"6.04": [0, 0, 1],
						"6.08": [0, 0, 0],
						"7.72": [0, 0, 0],
						"7.76": [0, 0, 1],
						"8.28": [0, 0, 1],
						"8.32": [0, 0, 0],
						"10.24": [0, 0, 0],
						"10.28": [0, 0, 1],
						"11.84": [0, 0, 1],
						"11.88": [0, 0, 0],
						"12.16": [0, 0, 0],
						"12.2": [0, 0, 1],
						"12.24": [0, 0, 1],
						"12.28": [0, 0, 0],
						"12.44": [0, 0, 0],
						"12.48": [0, 0, 1],
						"12.52": [0, 0, 0],
						"14.4": [0, 0, 0],
						"14.44": [0, 0, 1],
						"14.6": [0, 0, 1],
						"14.64": [0, 0, 0],
						"22.88": [0, 0, 0],
						"22.92": [0, 0, 1],
						"23.16": [0, 0, 1],
						"23.2": [0, 0, 0],
						"26.92": [0, 0, 0],
						"26.96": [0, 0, 1],
						"29.6": [0, 0, 1],
						"29.64": [0, 0, 0],
						"33.36": [0, 0, 0],
						"33.4": [0, 0, 1],
						"35.04": [0, 0, 1],
						"35.08": [0, 0, 0],
						"36.76": [0, 0, 0],
						"36.8": [0, 0, 1],
						"39.12": [0, 0, 1],
						"39.16": [0, 0, 0],
						"41.84": [0, 0, 0],
						"41.88": [0, 0, 1],
						"46.16": [0, 0, 1],
						"46.2": [0, 0, 0],
						"47.4": [0, 0, 0],
						"47.44": [0, 0, 1],
						"47.68": [0, 0, 1],
						"47.72": [0, 0, 0],
						"85.32": [0, 0, 0],
						"85.64": [0, 0, -1]
					}
				},
				"irsisFaceR": {
					"position": {
						"0.0": [0, 0, 0],
						"2.44": [0, 0, 0],
						"2.68": [-0.25, 0.19, 0],
						"4.08": [-0.25, 0.19, 0],
						"4.12": [0.025, -0.01, 0],
						"4.56": [-0.48, -0.01, 0],
						"4.68": [0.29, 0.18, 0],
						"5.0": [0.42, 0.245, 0],
						"6.12": [0.42, 0.25, 0],
						"6.2": [0.065, 0.25, 0],
						"6.24": [0.01, 0.265, 0],
						"6.28": [-0.025, 0.3, 0],
						"6.36": [0.05, 0.35, 0],
						"6.4": [0.09, 0.305, 0],
						"6.48": [-0.01, 0.24, 0],
						"6.72": [-0.325, 0.19, 0],
						"6.84": [-0.25, 0.19, 0],
						"7.08": [-0.25, 0.19, 0],
						"7.24": [-0.25, 0.19, 0],
						"7.52": [-0.25, 0.29, 0],
						"7.68": [-0.25, 0.29, 0],
						"7.76": [0.4, 0.215, 0],
						"8.28": [-0.38, 0.22, 0],
						"8.32": [-0.18, 0.22, 0],
						"8.44": ["-0.005-0.5", 0.105, 0],
						"8.56": ["0.005-0.5", 0.325, 0],
						"8.68": ["0.225-0.5", 0.365, 0],
						"8.8": ["0.505-0.5", 0.325, 0],
						"8.92": ["0.645-0.5", 0.24, 0],
						"9.04": ["0.495-0.5", 0.09, 0],
						"9.16": ["0.22-0.5", 0.045, 0],
						"9.28": ["-0.005-0.5", 0.105, 0],
						"9.4": ["0.005-0.5", 0.325, 0],
						"9.52": ["0.225-0.5", 0.365, 0],
						"9.64": ["0.505-0.5", 0.325, 0],
						"9.76": ["0.645-0.5", 0.24, 0],
						"9.88": ["0.495-0.5", 0.09, 0],
						"10.0": ["0.22-0.5", 0.045, 0],
						"10.12": ["-0.005-0.5", 0.105, 0],
						"10.24": ["0.005-0.5", 0.325, 0],
						"11.64": ["0.005-0.5", 0.33, 0],
						"11.68": [0.25, 0.15, 0],
						"13.0": [0.25, 0.15, 0],
						"13.32": [0.25, 0.2, 0],
						"14.72": [0.25, 0.2, 0],
						"15.0": [0.3, 0.075, 0],
						"15.76": [0.35, -0.075, 0],
						"16.52": [0.35, -0.08, 0],
						"16.88": [0.2, 0.195, 0],
						"17.56": [0.2, 0.195, 0],
						"17.84": [0.35, -0.08, 0],
						"18.04": [0.35, -0.08, 0],
						"23.36": [0.35, -0.08, 0],
						"23.48": [0.27, 0.26, 0],
						"30.16": [0.27, 0.26, 0],
						"30.48": [0.295, -0.025, 0],
						"39.12": [0.295, -0.025, 0],
						"39.16": [0.3, 0.135, 0],
						"47.52": [0.3, 0.135, 0],
						"47.84": [0.3, 0.415, 0]
					},
					"scale": {
						"2.44": [1, 1, 1],
						"2.68": [1, 0.7, 1],
						"4.08": [1, 0.7, 1],
						"4.12": [1.1, 0.9, 1],
						"4.56": [1.1, 0.9, 1],
						"4.68": [1.0139, 0.6418, 1],
						"5.0": [1, 0.6, 1],
						"6.08": [1, 0.6, 1],
						"6.12": [1, 0.7, 1],
						"6.24": [1, 0.7, 1],
						"6.32": [1, 0.5333, 1],
						"6.36": [1, 0.6, 1],
						"6.72": [1, 0.7, 1],
						"7.68": [1, 0.7, 1],
						"7.76": [1, 0.4, 1],
						"8.28": [1, 0.4, 1],
						"8.32": [0.7, 0.4, 1],
						"11.64": [0.7, 0.4, 1],
						"11.68": [1, 0.7, 1],
						"13.0": [1, 0.7, 1],
						"18.04": [1, 0.7, 1],
						"23.36": [1, 0.7, 1],
						"23.48": [1, 0.7, 1],
						"30.16": [1, 0.7, 1],
						"30.48": [1, 0.7, 1],
						"39.12": [1, 0.7, 1],
						"47.52": [1, 0.7, 1],
						"47.84": [1, 0.4, 1]
					}
				},
				"whiteSpotR": {
					"position": {
						"0.0": [0, 0, 0],
						"14.96": [0, 0, 0],
						"15.0": [0.5, -0.15, -1],
						"15.76": [0.55, -0.3, -1],
						"16.52": [0.55, -0.3, -1],
						"16.88": [0.3, 0.075, 0],
						"17.56": [0.3, 0.075, 0],
						"17.68": [0.45, -0.1, -1],
						"17.84": [0.55, -0.3, -1],
						"18.04": [0.55, -0.3, -1],
						"23.4": [0.55, -0.3, -1],
						"23.52": [0.55, -0.3, 0],
						"33.76": [0.525, -0.275, -1],
						"33.96": [0.555, -0.295, -1],
						"39.12": [0.555, -0.295, -1],
						"39.16": [0.51, -0.1, -1],
						"47.68": [0.51, -0.1, -1],
						"47.8": [0.51, -0.1, 0]
					}
				},
				"whiteR": {
					"position": {
						"2.44": [0, 0, 0],
						"2.68": [0, 0.125, 0],
						"4.08": [0, 0.125, 0],
						"4.12": [0, 0.03, 0],
						"4.56": [0, 0.03, 0],
						"4.68": [0, 0.11, 0],
						"5.0": [0, 0.15, 0],
						"6.08": [0, 0.15, 0],
						"6.72": [0, 0.125, 0],
						"8.28": [0, 0.13, 0],
						"8.32": [0, 0.03, 0],
						"11.64": [0, 0.03, 0],
						"11.68": [0, 0.105, 0],
						"13.0": [0, 0.11, 0],
						"13.32": [0, 0.06, 0],
						"15.0": [0, 0.06, 0],
						"15.76": [0, -0.04, 0],
						"18.04": [0, -0.04, 0],
						"23.36": [0, -0.04, 0],
						"23.48": [0, 0.09, 0],
						"30.16": [0, 0.09, 0],
						"30.48": [0, -0.01, 0],
						"39.12": [0, -0.01, 0],
						"39.16": [0, 0.09, 0]
					},
					"scale": {
						"2.44": [1, 1, 1],
						"2.68": [1, 0.7, 1],
						"4.08": [1, 0.7, 1],
						"4.12": [1, 1.1, 1],
						"4.56": [1, 1.1, 1],
						"4.68": [1, 0.7557, 1],
						"5.0": [1, 0.6, 1],
						"6.08": [1, 0.6, 1],
						"6.72": [1, 0.7, 1],
						"8.28": [1, 0.7, 1],
						"8.32": [1, 1.1, 1],
						"11.64": [1, 1.1, 1],
						"11.68": [1, 0.8, 1],
						"13.0": [1, 0.8, 1],
						"13.32": [1, 1, 1],
						"15.0": [1, 1, 1],
						"15.76": [1, 1.2, 1],
						"18.04": [1, 1.2, 1],
						"23.36": [1, 1.2, 1],
						"23.48": [1, 0.8, 1],
						"30.16": [1, 0.8, 1],
						"30.48": [1, 1.1, 1],
						"39.12": [1, 1.1, 1],
						"39.16": [1, 0.8, 1]
					}
				},
				"wideSmugSmile2": {
					"position": {
						"0.0": [0, 0, 0],
						"0.96": [0, 0, -0.32],
						"1.0": [0, 0, -1],
						"2.72": [0, 0, -1],
						"2.76": [0, 0, 0],
						"22.24": [0, 0, 0],
						"22.28": [0, 0, -1],
						"26.92": [0, 0, -1],
						"26.96": [0, 0, 0],
						"30.12": [0, 0, 0],
						"30.16": [0, 0, -1],
						"37.8": [0, 0, -1],
						"37.84": [0, 0, 0]
					},
					"scale": {
						"0.0": [0.5, 0.6, 1],
						"2.72": [0.5, 0.6, 1],
						"22.24": [0.5, 0.6, 1]
					}
				},
				"smugSmile2": {
					"position": {
						"0.0": [0, 0, 0],
						"0.96": [0, 0, 0],
						"1.0": [0, 0, 1]
					}
				},
				"mouthThingDown": {
					"position": {
						"4.04": [0, 0, 0],
						"4.08": [0, 0, -1],
						"5.88": [0, 0, -1],
						"5.92": [0, 0, 0],
						"13.0": [0, 0, 0],
						"13.04": [0, 0, -1],
						"15.0": [0, 0, -1],
						"15.04": [0, 0, 0]
					}
				},
				"worryed": {
					"position": {
						"8.12": [0, 0, 0],
						"8.16": [0, 0, -1],
						"13.0": [0, 0, -1],
						"13.04": [0, 0, 0],
						"84.0": [0, 0, 0]
					}
				},
				"normalSmile": {
					"rotation": {
						"5.92": [0, 0, 10],
						"15.0": [0, 0, 10],
						"15.04": [0, 0, 18.5]
					},
					"position": {
						"2.72": [0, 0, 0],
						"2.76": [0, 0, -1],
						"4.04": [0, 0, -1],
						"4.08": [0, 0, 0],
						"5.88": [0, 0, 0],
						"5.92": [0, 0, -1],
						"7.72": [0, 0, -1],
						"8.12": [0, 0, -1],
						"8.16": [0, 0, 0],
						"15.0": [0, 0, 0],
						"15.04": [0, 0, -1],
						"22.24": [0, 0, -1],
						"22.28": [0, 0, 0],
						"26.92": [0, 0, 0],
						"26.96": [0, 0, -1],
						"30.12": [0, 0, -1],
						"30.16": [0, 0, 0]
					},
					"scale": {
						"15.0": [1, 1, 1],
						"15.04": [0.6, 0.9, 1]
					}
				},
				"tongueSmile2": {
					"position": [0, 0, 0]
				},
				"suprisedPikatchu": {
					"position": {
						"0.0": [0, 0, 0],
						"4.0": [0, 0, 0],
						"37.8": [-0.22, 0, 0],
						"37.84": [-0.225, 0, -1],
						"38.44": [-0.225, 0, -1],
						"38.48": [-0.22, 0, 0],
						"48.6": [-0.27, -0.2, -1],
						"48.92": [-0.27, -0.2, -1],
						"84.0": [-0.27, -0.2, 0]
					},
					"scale": {
						"37.8": [1, 1, 1],
						"37.84": [1.5, 1.5, 1],
						"38.44": [1.5, 1.5, 1],
						"38.48": [1, 1, 1],
						"48.6": [1.8, 1.6, 1],
						"48.92": [1.8, 1.6, 1]
					}
				},
				"blush": {
					"position": {
						"35.12": [0, 0, 0],
						"35.2": [0, 0, -1]
					}
				},
				"boobs": {
					"rotation": {
						"0.0": [0, 0, 0],
						"0.92": [-5, 0, 0],
						"1.84": [0, 0, 0],
						"2.04": [4, 0, 0],
						"2.28": [-1.01, 0, 0],
						"2.52": [0, 0, 0],
						"4.4": [-2, 0, 0],
						"6.28": [0, 0, 0],
						"8.12": [0, 0, 0],
						"8.2": [-27.5, 0, 0],
						"8.32": [12.5, 0, 0],
						"8.4": [-5.95, 0, 0],
						"8.48": [1.7, 0, 0],
						"8.56": [0, 0, 0],
						"11.64": [-3, 0, 0],
						"15.0": [-0.46, 0, 0],
						"15.16": [0.89, 0, 0],
						"15.68": [-3.23, 0, 0],
						"15.88": [0, 0, 0],
						"19.16": [0, 0, 0],
						"20.68": [0.7, -3.5, 0],
						"21.48": [0.7, -3.5, 0],
						"22.52": [0.7, 0, 0],
						"23.2": [0.7, 0, 0],
						"24.08": [0.7, -3.5, 0],
						"24.28": [0.7, -3.5, 0],
						"25.16": [0.7, 0, 0],
						"26.04": [0.7, -3.5, 0],
						"26.92": [0.7, 0, 0],
						"27.8": [0.7, -3.5, 0],
						"28.68": [0.7, 0, 0],
						"29.56": [0.7, -3.5, 0],
						"30.44": [0.7, 0, 0],
						"32.08": [0.7, -3.5, 0],
						"32.52": [0.7, -3.5, 0],
						"33.52": [0.7, 0, 0],
						"49.0": [0, 0, 0]
					},
					"position": [0, 0, 0]
				},
				"armR": {
					"rotation": {
						"0.0": [7, 0, -8.5],
						"1.56": [29.5, 0, -33.5],
						"2.28": [37, 0, -33.5],
						"8.12": [37, 0, -33.5],
						"8.2": [12, -4.67, 88.1],
						"8.32": [12, -4.67, -16.9],
						"8.48": [12, -4.67, 4.1],
						"8.56": [12, -4.67, -3.9],
						"8.92": [12.03, -4.67, -3.15],
						"11.64": [12.03, -4.67, -1.75],
						"15.0": [12, -4.67, -3.9],
						"15.72": [-80.5, -17.17, 46.1],
						"18.04": [-80.5, -17.17, 46.1],
						"18.88": [-68, -25.17, 12.6],
						"19.16": [-68, -25.17, 12.6],
						"19.8": [-63.7, -27.12, 13.03],
						"20.96": [-66.82, -27.77, 7.82],
						"21.16": [-66.82, -27.77, 7.82],
						"22.48": [-69.5, -25.17, 26.6],
						"23.2": [-69.5, -25.17, 26.6],
						"24.08": [-66.82, -27.77, 7.82],
						"24.28": [-66.82, -27.77, 7.82],
						"25.16": [-69.5, -25.17, 26.6],
						"26.04": [-66.82, -27.77, 7.82],
						"26.92": [-69.5, -25.17, 26.6],
						"27.8": [-66.82, -27.77, 7.82],
						"28.68": [-69.5, -25.17, 26.6],
						"29.56": [-66.82, -27.77, 7.82],
						"30.44": [-69.5, -25.17, 26.6],
						"32.08": [-66.82, -27.77, 7.82],
						"32.52": [-66.82, -27.77, 7.82],
						"33.04": [-69.5, -25.17, 26.6],
						"33.44": [-49.63, -25.17, 10.19],
						"34.04": [-6.44, 5.13, -15.19],
						"34.52": [32.21, 33.83, -20.28]
					},
					"position": {
						"0.0": [0, 0, 0],
						"1.36": [0, 0, 0],
						"2.28": [-0.4, -0.5, -1.9],
						"8.12": [-0.4, -0.5, -1.9],
						"8.2": [0, 0, 0],
						"15.0": [0, 0, 0],
						"18.88": [0, 0, 0],
						"19.16": [0, 0, 0],
						"34.52": [0, 0, 0]
					}
				},
				"lowerArmR": {
					"rotation": {
						"0.0": [0, 0, 0],
						"8.12": [0, 0, 0],
						"8.28": [-28.5, 0, 0],
						"8.56": [-72.5, 0, 0],
						"11.68": [-75.3, 0, 0],
						"15.0": [-72.5, 0, 0],
						"15.72": [-115, 0, 0],
						"18.04": [-115, 0, 0],
						"18.88": [-95, 0, 0],
						"19.16": [-95, 0, 0],
						"20.96": [-70.53, 5.75, 0],
						"21.16": [-70.53, 5.75, 0],
						"22.48": [-86.25, 0, 0],
						"23.2": [-86.25, 0, 0],
						"24.08": [-70.53, 5.75, 0],
						"24.28": [-70.53, 5.75, 0],
						"25.16": [-86.25, 0, 0],
						"26.04": [-70.53, 5.75, 0],
						"26.92": [-86.25, 0, 0],
						"27.8": [-70.53, 5.75, 0],
						"28.68": [-86.25, 0, 0],
						"29.56": [-70.53, 5.75, 0],
						"30.44": [-86.25, 0, 0],
						"32.08": [-70.53, 5.75, 0],
						"32.52": [-70.53, 5.75, 0],
						"33.04": [-103.05, 0, 0],
						"33.44": [-131.25, 12.3, 0],
						"34.2": [-51.73, 11, 0],
						"34.52": [-9.33, 0, 0]
					},
					"position": {
						"0.0": [0, 0, 0],
						"34.52": [0, 0, 0]
					}
				},
				"armL": {
					"rotation": {
						"0.0": [0, 0, 7],
						"1.6": [27.5, 0, 29.5],
						"2.28": [32.5, 0, 29.5],
						"8.12": [32.5, 0, 29.5],
						"8.2": [12, -4.67, -88.1],
						"8.32": [12, -4.67, 16.9],
						"8.48": [12, -4.67, -4.1],
						"8.56": [12, -4.67, 3.9],
						"8.8": [12.03, -4.67, 3.365],
						"11.64": [12.03, -4.67, 2.865],
						"15.0": [12.03, -4.67, 3.365],
						"15.68": [-13, 35.33, 16.4],
						"33.44": [-13, 35.33, 16.4],
						"34.52": [32.5, -21.17, 23.9]
					},
					"position": {
						"0.0": [0, 0, 0],
						"1.36": [0, 0, 0],
						"2.28": [0.7, -0.4, -1.9],
						"8.12": [0.7, -0.4, -1.9],
						"8.2": [0, 0, 0],
						"34.52": [0, 0, 0]
					}
				},
				"lowerArmL": {
					"rotation": {
						"0.0": [0, 0, 0],
						"8.12": [0, 0, 0],
						"8.28": [-46, 0, 0],
						"8.56": [-72.5, 0, 0],
						"11.72": [-74.1, 0, 0],
						"15.0": [-72.5, 0, 0],
						"15.68": [-26, 0, 0],
						"33.44": [-26, 0, 0],
						"34.04": [-82, 0, 0],
						"34.52": [-8.5, 0, 0]
					},
					"position": {
						"0.0": [0, 0, 0],
						"34.52": [0, 0, 0]
					}
				},
				"booty": {
					"rotation": [0, 0, 0]
				},
				"cheekL": {
					"rotation": [0, 0, 0]
				},
				"cheekR": {
					"rotation": [0, 0, 0]
				},
				"legR": {
					"rotation": {
						"0.0": [0, 0, 0],
						"8.08": [0, 0, 0],
						"8.12": [-7.75, 0, 31.59],
						"8.24": [-42.5, 0, 102],
						"8.32": [-42.5, 0, 86],
						"8.4": [-42.5, 0, 98]
					},
					"position": [0, 0, 0]
				},
				"shinR": {
					"rotation": {
						"0.0": [0, 0, 0],
						"8.12": [0, 0, 0],
						"8.16": [117.5, 0, 0]
					},
					"position": [0, 0, 0]
				},
				"legL": {
					"rotation": {
						"0.0": [0, 0, 0],
						"8.08": [0, 0, 0],
						"8.12": [-13.13, 0, -42.52],
						"8.24": [-42.5, 0, -102],
						"8.32": [-42.5, 0, -86],
						"8.4": [-42.5, 0, -98]
					},
					"position": [0, 0, 0]
				},
				"shinL": {
					"rotation": {
						"0.0": [0, 0, 0],
						"8.12": [0, 0, 0],
						"8.16": [117.5, 0, 0]
					},
					"position": [0, 0, 0]
				},
				"Torso2": {
					"rotation": [0, 0, 0],
					"position": [0, 0, 0]
				},
				"cock": {
					"rotation": {
						"0.0": [0, 0, 0],
						"18.56": [-3.25, 0, 0],
						"19.16": [-3.25, 0, 0],
						"19.8": [3, 0, 0],
						"20.16": [-1.34, 0, 0],
						"20.36": [-5.5, 0, 0],
						"20.96": [-14.62, 0, 0],
						"21.16": [-14.62, 0, 0],
						"21.8": [-8.02, 0, 0],
						"22.48": [-1, 0, 0],
						"23.2": [-1, 0, 0],
						"23.32": [-1.36, 0, 0],
						"23.44": [-3.18, 0, 0],
						"23.6": [-7.36, 0, 0],
						"24.08": [-14.62, 0, 0],
						"24.28": [-14.62, 0, 0],
						"25.16": [-1, 0, 0],
						"25.28": [-1.36, 0, 0],
						"25.4": [-3.18, 0, 0],
						"25.56": [-7.36, 0, 0],
						"26.04": [-14.62, 0, 0],
						"26.92": [-1, 0, 0],
						"27.04": [-1.36, 0, 0],
						"27.16": [-3.18, 0, 0],
						"27.32": [-7.36, 0, 0],
						"27.8": [-14.62, 0, 0],
						"28.68": [-1, 0, 0],
						"28.8": [-1.36, 0, 0],
						"28.92": [-3.18, 0, 0],
						"29.08": [-7.36, 0, 0],
						"29.56": [-14.62, 0, 0],
						"30.44": [-1, 0, 0],
						"30.52": [-1, 0, 0],
						"30.72": [-1.7, 0, 0],
						"31.04": [-4.65, 0, 0],
						"31.44": [-10.8, 0, 0],
						"31.56": [-11.82, 0, 0],
						"32.08": [-14.62, 0, 0],
						"32.52": [-14.62, 0, 0],
						"32.56": [-13.6, 0, 0],
						"32.8": [-3.395, 0, 0],
						"32.84": [-1.5, 0, 0],
						"32.88": [-0.1, 0, 0],
						"33.08": [3.75, 0, 0],
						"33.16": [6.26, 0, 0],
						"33.2": [9.86, 0, 0],
						"33.36": [-5.32, 0, 0],
						"33.68": [12.7, 0, 0],
						"34.0": [8.825, 0, 0],
						"38.28": [8.825, 0, 0],
						"38.64": [11.11, 0, 0],
						"38.92": [12.71, 0, 0],
						"40.36": [12.71, 0, 0],
						"41.04": [11.325, 0, 0],
						"41.92": [11.325, 0, 0],
						"42.84": [12.71, 0, 0],
						"43.64": [12.71, 0, 0],
						"45.32": [12.5, 0, 0],
						"45.76": [12.5, 0, 0],
						"47.52": [12.5, 0, 0],
						"47.84": [10.5, 0, 0],
						"48.6": [10.5, 0, 0],
						"49.24": [9.45, 0, 0]
					},
					"position": [0, 0, 0.3]
				},
				"RightArm": {
					"rotation": {
						"0.0": [0, 0, 0],
						"3.0": [0, 0, 0],
						"3.76": [-128.5, 21, 0],
						"4.08": [-115.5, 9.5, 0],
						"6.68": [-115.5, 9.5, 0],
						"6.96": [-113.5, 9.5, 0],
						"7.48": [-159, 9.5, 0],
						"8.0": [-159, 9.5, 0],
						"8.2": [-21, 0.1, 0],
						"8.28": [7, -0.5, 0],
						"8.52": [0, 0, 0],
						"35.36": [0, 0, 0],
						"35.92": [-83.55, -1.2, 0],
						"36.32": [-80, -5.05, 0],
						"36.48": [-80, -5.05, 0],
						"37.12": [-83.25, -5.05, 0],
						"38.92": [-71.75, -5.05, 0],
						"40.04": [-70.75, -5.05, 0],
						"41.4": [-76.1, -5.05, 0],
						"41.68": [-76.1, -5.05, 0],
						"42.64": [-70.75, -5.05, 0],
						"43.64": [-69.75, -5.05, 0],
						"45.76": [-76.1, -5.05, 0],
						"47.52": [-76.1, -5.05, 0],
						"47.84": [-77, -5.05, 0],
						"48.6": [-77, -5.05, 0]
					},
					"position": {
						"3.0": [0, 0, 0],
						"3.76": [0, 0, -2.5],
						"8.0": [0, 0, -2.5],
						"8.32": [0, 0, 0],
						"36.48": [0, 0, 0],
						"37.12": [0, 0, -0.55],
						"38.92": [0, 0.1, 1.775],
						"40.04": [0, 0.1, 1.775],
						"41.4": [0, 0.05, 1.35],
						"41.68": [0, 0.05, 1.35],
						"42.64": [0, 0.1, 1.775],
						"43.64": [0, 0.1, 1.925],
						"45.76": [0, 0.05, 1.35],
						"47.52": [0, 0.05, 1.35],
						"47.84": [0, 0.05, 1.175],
						"48.6": [0, 0.05, 1.175]
					}
				},
				"LeftArm": {
					"rotation": {
						"0.0": [0, 0, 0],
						"3.0": [0, 0, 0],
						"3.76": [-129.5, 0.5, 0],
						"4.08": [-115.5, 9.5, 0],
						"6.68": [-115.5, 9.5, 0],
						"6.96": [-113.5, 9.3, 0],
						"7.48": [-159, 10.8, 0],
						"8.0": [-159, 10.8, 0],
						"8.2": [-21, -0.9, 0],
						"8.28": [6, -1.3, 0],
						"8.44": [-1, 0, 0],
						"8.52": [0, 0, 0],
						"35.36": [0, 0, 0],
						"35.92": [-87.7, 0.05, 0],
						"36.32": [-82.5, 5, 0],
						"36.48": [-80, 5.05, 0],
						"37.12": [-83.25, 5.05, 0],
						"38.92": [-71.75, 5.05, 0],
						"40.04": [-70.75, 5.05, 0],
						"41.4": [-76.1, 5.05, 0],
						"41.68": [-76.1, 5.05, 0],
						"42.64": [-70.75, 5.05, 0],
						"43.64": [-69.75, 5.05, 0],
						"45.76": [-76.1, 5.05, 0],
						"47.52": [-76.1, 5.05, 0],
						"47.84": [-77, 5.05, 0],
						"48.6": [-77, 5.05, 0]
					},
					"position": {
						"3.0": [0, 0, 0],
						"4.08": [0, 0, -2.5],
						"8.0": [0, 0, -2.5],
						"8.32": [0, 0, 0],
						"36.48": [0, 0, 0],
						"37.12": [0, 0, -0.55],
						"38.92": [0, 0.1, 1.775],
						"40.04": [0, 0.1, 1.775],
						"41.4": [0, 0.05, 1.35],
						"41.68": [0, 0.05, 1.35],
						"42.64": [0, 0.1, 1.775],
						"43.64": [0, 0.1, 1.925],
						"45.76": [0, 0.05, 1.35],
						"47.52": [0, 0.05, 1.35],
						"47.84": [0, 0.05, 1.175],
						"48.6": [0, 0.05, 1.175]
					}
				},
				"eyeL": {
					"position": {
						"83.32": [0, 0, 0],
						"83.48": [0, 0, 1]
					}
				},
				"eyeR": {
					"position": {
						"83.32": [0, 0, 0],
						"83.48": [0, 0, 1]
					}
				},
				"cum": {
					"position": {
						"0.0": [0, 0, 0],
						"84.0": [0, 0, -1]
					}
				},
				"tongueSmile": {
					"position": [0, 0, 0]
				}
			}
		},
		"animation.jn.movearmsplayer": {
			"animation_length": 95.2,
			"bones": {
				"RightArm": {
					"rotation": {
						"8.16": [0, 0, 0],
						"11.16": [0, 0, 0],
						"11.88": [-128.5, 21, 0],
						"12.24": [-115.5, 9.5, 0],
						"14.84": [-115.5, 9.5, 0],
						"15.12": [-113.5, 9.5, 0],
						"15.64": [-159, 9.5, 0],
						"16.16": [-159, 9.5, 0],
						"16.36": [-21, 0.1, 0],
						"16.4": [7, -0.5, 0],
						"16.68": [0, 0, 0]
					},
					"position": {
						"11.16": [0, 0, 0],
						"11.88": [0, 0, -2.5],
						"16.16": [0, 0, -2.5],
						"16.48": [0, 0, 0]
					}
				},
				"LeftArm": {
					"rotation": {
						"8.16": [0, 0, 0],
						"11.16": [0, 0, 0],
						"11.88": [-129.5, 0.5, 0],
						"12.24": [-115.5, 9.5, 0],
						"14.84": [-115.5, 9.5, 0],
						"15.12": [-113.5, 9.3, 0],
						"15.64": [-159, 10.8, 0],
						"16.16": [-159, 10.8, 0],
						"16.36": [-21, -0.9, 0],
						"16.4": [6, -1.3, 0],
						"16.56": [-1, 0, 0],
						"16.68": [0, 0, 0]
					},
					"position": {
						"11.16": [0, 0, 0],
						"12.24": [0, 0, -2.5],
						"16.16": [0, 0, -2.5],
						"16.48": [0, 0, 0]
					}
				}
			}
		},
		"animation.jn.in_bed": {
			"loop": true,
			"animation_length": 0.52,
			"bones": {
				"body": {
					"rotation": [0, 0, 0],
					"position": [0, -5, 7],
					"scale": {
						"0.0": [1, 1, 1],
						"0.24": [1, 1, 1.03],
						"0.52": [1, 1, 1]
					}
				},
				"shinR": {
					"rotation": [90, -25, 0]
				},
				"shinL": {
					"rotation": {
						"0.0": [90, 25, 0],
						"0.52": [90, 25, 0]
					}
				},
				"upperBody": {
					"rotation": [60, 0, 0]
				},
				"torso": {
					"rotation": [15, 0, 0]
				},
				"armR": {
					"rotation": [-105, 0, 0]
				},
				"armL": {
					"rotation": [-102.5, 0, 0]
				},
				"lowerArmL": {
					"rotation": [0, 0, 0]
				},
				"head": {
					"rotation": [-37.5, 0, 0],
					"position": [0, 0, 1]
				},
				"cock": {
					"rotation": {
						"0.0": [40, 180, 0],
						"0.52": [40, 180, 0]
					},
					"position": {
						"0.0": [0, -3, -31],
						"0.24": [0, -3, -24],
						"0.52": [0, -3, -31]
					}
				},
				"legR": {
					"rotation": [0, 0, 15]
				},
				"legL": {
					"rotation": [0, 0, -15]
				},
				"cheekL": {
					"rotation": {
						"0.0": [0, 0, 0],
						"0.16": [0, 0, 0],
						"0.24": [-12.5, 0, 0],
						"0.52": [0, 0, 0]
					}
				},
				"cheekR": {
					"rotation": {
						"0.0": [0, 0, 0],
						"0.16": [0, 0, 0],
						"0.24": [-12.5, 0, 0],
						"0.52": [0, 0, 0]
					}
				}
			}
		}
	}
}