{
	"format_version": "1.19.0",
	"minecraft:block": {
		"description": {
			"identifier": "tech:playbutton_s",
			"properties": {
				"decor:face": [
					0,
					1,
					2,
					3
				]
			},
			"menu_category": {
				"category": "construction",
				"group": "itemGroup.name.playbutton"
			}
		},
		"components": {
			"minecraft:material_instances": {
				"*": {
					"texture": "playbutton_s",
					"render_method": "alpha_test"
				}
			},
			"minecraft:block_light_filter": 0,
			"minecraft:destructible_by_mining": {
				"seconds_to_destroy": 1
			},
			"minecraft:geometry": "geometry.playbutton",
			"minecraft:collision_box": {
				"origin": [
					-5.4,
					0.9,
					6.9
				],
				"size": [
					11,
					14,
					1
				]
			},
			"minecraft:selection_box": {
				"origin": [
					-5.4,
					0.9,
					6.9
				],
				"size": [
					11,
					14,
					1
				]
			},
			"minecraft:on_player_placing": {
				"event": "decor:face"
			}
		},
		"permutations": [
			{
				"condition": "query.block_property('decor:face') == 0",
				"components": {
					"minecraft:rotation": [
						0,
						180,
						0
					]
				}
			},
			{
				"condition": "query.block_property('decor:face') == 1",
				"components": {
					"minecraft:rotation": [
						0,
						0,
						0
					]
				}
			},
			{
				"condition": "query.block_property('decor:face') == 2",
				"components": {
					"minecraft:rotation": [
						0,
						270,
						0
					]
				}
			},
			{
				"condition": "query.block_property('decor:face') == 3",
				"components": {
					"minecraft:rotation": [
						0,
						90,
						0
					]
				}
			}
		],
		"events": {
			"decor:face": {
				"set_block_property": {
					"decor:face": "query.cardinal_facing_2d-2"
				}
			}
		}
	}
}