{
	"format_version": "1.19.0",
	"minecraft:block": {
		"description": {
			"identifier": "tech:ps5_box",
			"properties": {
				"decor:face": [
					0,
					1,
					2,
					3
				],
				"decor:active": [
					false,
					true
				]
			}
		},
		"components": {
			"minecraft:material_instances": {
				"*": {
					"texture": "ps5_box_on",
					"render_method": "alpha_test"
				}
			},
			"minecraft:collision_box": {
				"origin": [
					-6.5,
					0,
					-6
				],
				"size": [
					13.7,
					10,
					8
				]
			},
			"minecraft:creative_category": {
				"group": "itemGroup.name.technology",
				"category": "construction"
			},
			"minecraft:block_light_filter": 0,
			"minecraft:geometry": "geometry.ps5_box",
			"minecraft:destroy_time": 1,
			"minecraft:selection_box": {
				"origin": [
					-6.5,
					0,
					-6
				],
				"size": [
					13.7,
					10,
					8
				]
			},
			"minecraft:friction": 0.6,
			"minecraft:map_color": "#00ff00",
			"minecraft:flammable": {
				"flame_odds": 0,
				"burn_odds": 0
			},
			"minecraft:on_player_placing": {
				"event": "decor:face"
			},
			"minecraft:on_interact": {
				"event": "decor:toggle"
			},
			"minecraft:block_light_emission": 0.1
		},
		"permutations": [
			{
				"condition": "query.block_property('decor:face') == 0",
				"components": {
					"minecraft:rotation": [
						0,
						180,
						0
					]
				}
			},
			{
				"condition": "query.block_property('decor:face') == 1",
				"components": {
					"minecraft:rotation": [
						0,
						0,
						0
					]
				}
			},
			{
				"condition": "query.block_property('decor:face') == 2",
				"components": {
					"minecraft:rotation": [
						0,
						270,
						0
					]
				}
			},
			{
				"condition": "query.block_property('decor:face') == 3",
				"components": {
					"minecraft:rotation": [
						0,
						90,
						0
					]
				}
			},
			{
				"condition": "!query.block_property('decor:active')",
				"components": {
					"minecraft:material_instances": {
						"*": {
							"texture": "ps5_box_off",
							"render_method": "alpha_test"
						}
					},
					"minecraft:block_light_emission": 0
				}
			}
		],
		"events": {
			"decor:face": {
				"set_block_property": {
					"decor:face": "query.cardinal_facing_2d-2"
				}
			},
			"decor:toggle": {
				"set_block_property": {
					"decor:active": "query.block_property('decor:active')?false:true"
				}
			}
		}
	}
}