{
  "geometry.drone": {
    "texturewidth": 512,
    "textureheight": 512,
    "visible_bounds_width": 2,
    "visible_bounds_height": 1,
    "visible_bounds_offset": [
      0,
      0.5,
      0
    ],
    "bones": [
      {
        "name": "body",
        "pivot": [
          0,
          0,
          0
        ],
        "cubes": [
          {
            "origin": [
              -3,
              2.6,
              -3
            ],
            "size": [
              6,
              2,
              6
            ],
            "uv": [
              0,
              0
            ]
          },
          {
            "origin": [
              -3,
              3.6,
              -3
            ],
            "size": [
              6,
              2,
              6
            ],
            "uv": [
              0,
              0
            ],
            "inflate": -0.5
          },
          {
            "origin": [
              0.7,
              3.05,
              -3
            ],
            "size": [
              1,
              2,
              6
            ],
            "uv": [
              33,
              220
            ],
            "inflate": -0.1
          },
          {
            "origin": [
              -3,
              2.05,
              -3
            ],
            "size": [
              6,
              2,
              6
            ],
            "uv": [
              0,
              0
            ],
            "inflate": -0.2
          },
          {
            "origin": [
              -3,
              1.5,
              -3
            ],
            "size": [
              6,
              2,
              6
            ],
            "uv": [
              0,
              0
            ],
            "inflate": -0.5
          },
          {
            "origin": [
              1.65,
              -0.4,
              -2.5
            ],
            "size": [
              1,
              1,
              5
            ],
            "uv": [
              406,
              412
            ],
            "inflate": -0.6
          },
          {
            "origin": [
              1.65,
              -0.4,
              -2.3
            ],
            "size": [
              1,
              4,
              1
            ],
            "uv": [
              406,
              412
            ],
            "inflate": -0.6
          },
          {
            "origin": [
              1.65,
              -0.4,
              1.3
            ],
            "size": [
              1,
              4,
              1
            ],
            "uv": [
              406,
              412
            ],
            "inflate": -0.6
          },
          {
            "origin": [
              -2.65,
              -0.4,
              -2.5
            ],
            "size": [
              1,
              1,
              5
            ],
            "uv": [
              406,
              412
            ],
            "inflate": -0.6
          },
          {
            "origin": [
              -2.65,
              -0.4,
              -2.3
            ],
            "size": [
              1,
              4,
              1
            ],
            "uv": [
              406,
              412
            ],
            "inflate": -0.6
          },
          {
            "origin": [
              -2.65,
              -0.4,
              1.3
            ],
            "size": [
              1,
              4,
              1
            ],
            "uv": [
              406,
              412
            ],
            "inflate": -0.6
          },
          {
            "origin": [
              -0.45,
              0.6,
              -0.5
            ],
            "size": [
              1,
              2,
              1
            ],
            "uv": [
              345,
              56
            ],
            "inflate": -0.3
          },
          {
            "origin": [
              -0.45,
              0.4,
              -0.5
            ],
            "size": [
              1,
              1,
              1
            ],
            "uv": [
              92,
              155
            ],
            "inflate": -0.15
          },
          {
            "origin": [
              -0.45,
              1.7,
              -0.5
            ],
            "size": [
              1,
              1,
              1
            ],
            "uv": [
              345,
              56
            ],
            "inflate": -0.22
          },
          {
            "origin": [
              -0.45,
              0.2,
              -0.7
            ],
            "size": [
              1,
              1,
              1
            ],
            "uv": [
              108,
              411
            ],
            "inflate": -0.3
          },
          {
            "origin": [
              0.2,
              3.6,
              -3
            ],
            "size": [
              2,
              2,
              6
            ],
            "uv": [
              33,
              220
            ],
            "inflate": -0.4
          },
          {
            "origin": [
              -2.2,
              3.6,
              -3
            ],
            "size": [
              2,
              2,
              6
            ],
            "uv": [
              33,
              220
            ],
            "inflate": -0.4
          },
          {
            "origin": [
              -3,
              3.05,
              -3
            ],
            "size": [
              6,
              2,
              6
            ],
            "uv": [
              0,
              0
            ],
            "inflate": -0.2
          },
          {
            "origin": [
              -1.7,
              3.05,
              -3
            ],
            "size": [
              1,
              2,
              6
            ],
            "uv": [
              33,
              220
            ],
            "inflate": -0.1
          },
          {
            "origin": [
              -1.7,
              2.6,
              -3
            ],
            "size": [
              1,
              2,
              6
            ],
            "uv": [
              33,
              220
            ],
            "inflate": 0.1
          },
          {
            "origin": [
              0.7,
              2.6,
              -3
            ],
            "size": [
              1,
              2,
              6
            ],
            "uv": [
              33,
              220
            ],
            "inflate": 0.1
          },
          {
            "origin": [
              -1.7,
              2.05,
              -3
            ],
            "size": [
              1,
              2,
              6
            ],
            "uv": [
              33,
              220
            ],
            "inflate": -0.1
          },
          {
            "origin": [
              0.7,
              2.05,
              -3
            ],
            "size": [
              1,
              2,
              6
            ],
            "uv": [
              33,
              220
            ],
            "inflate": -0.1
          },
          {
            "origin": [
              0.2,
              1.5,
              -3
            ],
            "size": [
              2,
              2,
              6
            ],
            "uv": [
              33,
              220
            ],
            "inflate": -0.4
          },
          {
            "origin": [
              -2.2,
              1.5,
              -3
            ],
            "size": [
              2,
              2,
              6
            ],
            "uv": [
              33,
              220
            ],
            "inflate": -0.4
          },
          {
            "origin": [
              -0.65,
              0.6,
              -0.8
            ],
            "size": [
              1,
              1,
              1
            ],
            "uv": [
              70,
              296
            ],
            "inflate": -0.4
          },
          {
            "origin": [
              -0.45,
              0.08,
              -0.82
            ],
            "size": [
              1,
              1,
              1
            ],
            "uv": [
              0,
              201
            ],
            "inflate": -0.4
          },
          {
            "origin": [
              1,
              3.1,
              -3
            ],
            "size": [
              2,
              1,
              6
            ],
            "uv": [
              33,
              220
            ],
            "inflate": 0.1
          },
          {
            "origin": [
              -3,
              3.1,
              -3
            ],
            "size": [
              2,
              1,
              6
            ],
            "uv": [
              33,
              220
            ],
            "inflate": 0.1
          },
          {
            "origin": [
              -0.25,
              0.6,
              -0.8
            ],
            "size": [
              1,
              1,
              1
            ],
            "uv": [
              49,
              212
            ],
            "inflate": -0.4
          }
        ]
      },
      {
        "name": "body2",
        "pivot": [
          0,
          5,
          0
        ],
        "rotation": [
          0,
          -135,
          0
        ],
        "cubes": [
          {
            "origin": [
              -10,
              2.6,
              -1
            ],
            "size": [
              9,
              2,
              2
            ],
            "uv": [
              0,
              0
            ],
            "inflate": -0.3
          },
          {
            "origin": [
              -10,
              2.6,
              -1.25
            ],
            "size": [
              9,
              2,
              2
            ],
            "uv": [
              0,
              0
            ],
            "inflate": -0.4
          },
          {
            "origin": [
              -10,
              2.6,
              -0.75
            ],
            "size": [
              9,
              2,
              2
            ],
            "uv": [
              0,
              0
            ],
            "inflate": -0.4
          },
          {
            "origin": [
              -10,
              2.85,
              -1
            ],
            "size": [
              9,
              2,
              2
            ],
            "uv": [
              0,
              0
            ],
            "inflate": -0.4
          },
          {
            "origin": [
              -10,
              2.35,
              -1
            ],
            "size": [
              9,
              2,
              2
            ],
            "uv": [
              0,
              0
            ],
            "inflate": -0.4
          },
          {
            "origin": [
              -12.1,
              2.6,
              -1
            ],
            "size": [
              5,
              2,
              2
            ],
            "uv": [
              0,
              0
            ],
            "inflate": -0.7
          },
          {
            "origin": [
              -12,
              2.95,
              -1
            ],
            "size": [
              2,
              3,
              2
            ],
            "uv": [
              0,
              0
            ],
            "inflate": -0.6
          },
          {
            "origin": [
              -9.99,
              2.75,
              0.35
            ],
            "size": [
              9,
              1,
              1
            ],
            "uv": [
              35,
              227
            ],
            "inflate": -0.4
          },
          {
            "origin": [
              -9.99,
              3.45,
              0.35
            ],
            "size": [
              9,
              1,
              1
            ],
            "uv": [
              35,
              227
            ],
            "inflate": -0.4
          },
          {
            "origin": [
              -9.99,
              3.45,
              -1.3
            ],
            "size": [
              9,
              1,
              1
            ],
            "uv": [
              54,
              230
            ],
            "inflate": -0.4
          },
          {
            "origin": [
              -9.99,
              2.75,
              -1.3
            ],
            "size": [
              9,
              1,
              1
            ],
            "uv": [
              54,
              230
            ],
            "inflate": -0.4
          }
        ]
      },
      {
        "name": "body3",
        "pivot": [
          0,
          5,
          0
        ],
        "rotation": [
          0,
          -45,
          0
        ],
        "cubes": [
          {
            "origin": [
              -10,
              2.6,
              -1
            ],
            "size": [
              9,
              2,
              2
            ],
            "uv": [
              0,
              0
            ],
            "inflate": -0.3
          },
          {
            "origin": [
              -10,
              2.6,
              -1.25
            ],
            "size": [
              9,
              2,
              2
            ],
            "uv": [
              0,
              0
            ],
            "inflate": -0.4
          },
          {
            "origin": [
              -10,
              2.6,
              -0.75
            ],
            "size": [
              9,
              2,
              2
            ],
            "uv": [
              0,
              0
            ],
            "inflate": -0.4
          },
          {
            "origin": [
              -10,
              2.85,
              -1
            ],
            "size": [
              9,
              2,
              2
            ],
            "uv": [
              0,
              0
            ],
            "inflate": -0.4
          },
          {
            "origin": [
              -10,
              2.35,
              -1
            ],
            "size": [
              9,
              2,
              2
            ],
            "uv": [
              0,
              0
            ],
            "inflate": -0.4
          },
          {
            "origin": [
              -12.1,
              2.6,
              -1
            ],
            "size": [
              5,
              2,
              2
            ],
            "uv": [
              0,
              0
            ],
            "inflate": -0.7
          },
          {
            "origin": [
              -12,
              2.95,
              -1
            ],
            "size": [
              2,
              3,
              2
            ],
            "uv": [
              0,
              0
            ],
            "inflate": -0.6
          },
          {
            "origin": [
              -9.99,
              2.75,
              -1.35
            ],
            "size": [
              9,
              1,
              1
            ],
            "uv": [
              35,
              227
            ],
            "inflate": -0.4
          },
          {
            "origin": [
              -9.99,
              3.45,
              -1.35
            ],
            "size": [
              9,
              1,
              1
            ],
            "uv": [
              35,
              227
            ],
            "inflate": -0.4
          },
          {
            "origin": [
              -9.99,
              2.75,
              0.35
            ],
            "size": [
              9,
              1,
              1
            ],
            "uv": [
              35,
              227
            ],
            "inflate": -0.4
          },
          {
            "origin": [
              -9.99,
              3.45,
              0.35
            ],
            "size": [
              9,
              1,
              1
            ],
            "uv": [
              35,
              227
            ],
            "inflate": -0.4
          }
        ]
      },
      {
        "name": "body4",
        "pivot": [
          0,
          5,
          0
        ],
        "rotation": [
          0,
          -225,
          0
        ],
        "cubes": [
          {
            "origin": [
              -10,
              2.6,
              -1
            ],
            "size": [
              9,
              2,
              2
            ],
            "uv": [
              0,
              0
            ],
            "inflate": -0.3
          },
          {
            "origin": [
              -10,
              2.6,
              -1.25
            ],
            "size": [
              9,
              2,
              2
            ],
            "uv": [
              0,
              0
            ],
            "inflate": -0.4
          },
          {
            "origin": [
              -10,
              2.6,
              -0.75
            ],
            "size": [
              9,
              2,
              2
            ],
            "uv": [
              0,
              0
            ],
            "inflate": -0.4
          },
          {
            "origin": [
              -10,
              2.85,
              -1
            ],
            "size": [
              9,
              2,
              2
            ],
            "uv": [
              0,
              0
            ],
            "inflate": -0.4
          },
          {
            "origin": [
              -10,
              2.35,
              -1
            ],
            "size": [
              9,
              2,
              2
            ],
            "uv": [
              0,
              0
            ],
            "inflate": -0.4
          },
          {
            "origin": [
              -12.1,
              2.6,
              -1
            ],
            "size": [
              5,
              2,
              2
            ],
            "uv": [
              0,
              0
            ],
            "inflate": -0.7
          },
          {
            "origin": [
              -12,
              2.95,
              -1
            ],
            "size": [
              2,
              3,
              2
            ],
            "uv": [
              0,
              0
            ],
            "inflate": -0.6
          },
          {
            "origin": [
              -9.99,
              2.75,
              0.35
            ],
            "size": [
              9,
              1,
              1
            ],
            "uv": [
              51,
              228
            ],
            "inflate": -0.4
          },
          {
            "origin": [
              -9.99,
              3.45,
              0.35
            ],
            "size": [
              9,
              1,
              1
            ],
            "uv": [
              51,
              228
            ],
            "inflate": -0.4
          },
          {
            "origin": [
              -9.99,
              2.75,
              -1.35
            ],
            "size": [
              9,
              1,
              2
            ],
            "uv": [
              51,
              228
            ],
            "inflate": -0.4
          },
          {
            "origin": [
              -9.99,
              3.45,
              -1.35
            ],
            "size": [
              9,
              1,
              2
            ],
            "uv": [
              51,
              228
            ],
            "inflate": -0.4
          }
        ]
      },
      {
        "name": "body5",
        "pivot": [
          0,
          5,
          0
        ],
        "rotation": [
          0,
          45,
          0
        ],
        "cubes": [
          {
            "origin": [
              -10,
              2.6,
              -1
            ],
            "size": [
              9,
              2,
              2
            ],
            "uv": [
              0,
              0
            ],
            "inflate": -0.3
          },
          {
            "origin": [
              -10,
              2.6,
              -1.25
            ],
            "size": [
              9,
              2,
              2
            ],
            "uv": [
              0,
              0
            ],
            "inflate": -0.4
          },
          {
            "origin": [
              -10,
              2.6,
              -0.75
            ],
            "size": [
              9,
              2,
              2
            ],
            "uv": [
              0,
              0
            ],
            "inflate": -0.4
          },
          {
            "origin": [
              -10,
              2.85,
              -1
            ],
            "size": [
              9,
              2,
              2
            ],
            "uv": [
              0,
              0
            ],
            "inflate": -0.4
          },
          {
            "origin": [
              -10,
              2.35,
              -1
            ],
            "size": [
              9,
              2,
              2
            ],
            "uv": [
              0,
              0
            ],
            "inflate": -0.4
          },
          {
            "origin": [
              -12.1,
              2.6,
              -1
            ],
            "size": [
              5,
              2,
              2
            ],
            "uv": [
              0,
              0
            ],
            "inflate": -0.7
          },
          {
            "origin": [
              -12,
              2.95,
              -1
            ],
            "size": [
              2,
              3,
              2
            ],
            "uv": [
              0,
              0
            ],
            "inflate": -0.6
          },
          {
            "origin": [
              -9.99,
              2.75,
              -1.35
            ],
            "size": [
              9,
              1,
              2
            ],
            "uv": [
              41,
              224
            ],
            "inflate": -0.4
          },
          {
            "origin": [
              -9.99,
              3.45,
              -1.35
            ],
            "size": [
              9,
              1,
              2
            ],
            "uv": [
              41,
              224
            ],
            "inflate": -0.4
          },
          {
            "origin": [
              -9.99,
              2.75,
              -0.65
            ],
            "size": [
              9,
              1,
              2
            ],
            "uv": [
              41,
              224
            ],
            "inflate": -0.4
          },
          {
            "origin": [
              -9.99,
              3.45,
              -0.65
            ],
            "size": [
              9,
              1,
              2
            ],
            "uv": [
              41,
              224
            ],
            "inflate": -0.4
          }
        ]
      },
      {
        "name": "body6",
        "pivot": [
          -7.8,
          7,
          -7.8
        ],
        "rotation": [
          0,
          35,
          0
        ],
        "cubes": [
          {
            "origin": [
              -11.2,
              4.95,
              -8.5
            ],
            "size": [
              1,
              1,
              1
            ],
            "uv": [
              499,
              508
            ],
            "inflate": -0.6
          },
          {
            "origin": [
              -11.2,
              4.95,
              -8.3
            ],
            "size": [
              1,
              1,
              1
            ],
            "uv": [
              499,
              508
            ],
            "inflate": -0.6
          },
          {
            "origin": [
              -11.2,
              4.95,
              -8.9
            ],
            "size": [
              4,
              1,
              2
            ],
            "uv": [
              499,
              508
            ],
            "inflate": -0.6
          },
          {
            "origin": [
              -8.4,
              4.95,
              -8.6
            ],
            "size": [
              4,
              1,
              2
            ],
            "uv": [
              499,
              508
            ],
            "inflate": -0.6
          },
          {
            "origin": [
              -5.4,
              4.95,
              -8
            ],
            "size": [
              1,
              1,
              1
            ],
            "uv": [
              499,
              508
            ],
            "inflate": -0.6
          },
          {
            "origin": [
              -5.4,
              4.95,
              -8.2
            ],
            "size": [
              1,
              1,
              1
            ],
            "uv": [
              499,
              508
            ],
            "inflate": -0.6
          },
          {
            "origin": [
              -8.75,
              4.95,
              -8.75
            ],
            "size": [
              2,
              1,
              2
            ],
            "uv": [
              499,
              508
            ],
            "inflate": -0.6
          }
        ]
      },
      {
        "name": "body7",
        "pivot": [
          -7.8,
          7,
          7.8
        ],
        "rotation": [
          0,
          -35,
          0
        ],
        "cubes": [
          {
            "origin": [
              -11.2,
              4.95,
              7
            ],
            "size": [
              1,
              1,
              1
            ],
            "uv": [
              499,
              508
            ],
            "inflate": -0.6
          },
          {
            "origin": [
              -11.2,
              4.95,
              7.2
            ],
            "size": [
              1,
              1,
              1
            ],
            "uv": [
              499,
              508
            ],
            "inflate": -0.6
          },
          {
            "origin": [
              -11.2,
              4.95,
              6.6
            ],
            "size": [
              4,
              1,
              2
            ],
            "uv": [
              499,
              508
            ],
            "inflate": -0.6
          },
          {
            "origin": [
              -8.4,
              4.95,
              6.9
            ],
            "size": [
              4,
              1,
              2
            ],
            "uv": [
              499,
              508
            ],
            "inflate": -0.6
          },
          {
            "origin": [
              -5.4,
              4.95,
              7.5
            ],
            "size": [
              1,
              1,
              1
            ],
            "uv": [
              499,
              508
            ],
            "inflate": -0.6
          },
          {
            "origin": [
              -5.4,
              4.95,
              7.3
            ],
            "size": [
              1,
              1,
              1
            ],
            "uv": [
              499,
              508
            ],
            "inflate": -0.6
          },
          {
            "origin": [
              -8.8,
              4.95,
              6.75
            ],
            "size": [
              2,
              1,
              2
            ],
            "uv": [
              499,
              508
            ],
            "inflate": -0.6
          }
        ]
      },
      {
        "name": "body8",
        "pivot": [
          7.8,
          7,
          7.8
        ],
        "rotation": [
          0,
          30,
          0
        ],
        "cubes": [
          {
            "origin": [
              4.4,
              4.95,
              7
            ],
            "size": [
              1,
              1,
              1
            ],
            "uv": [
              508,
              464
            ],
            "inflate": -0.6
          },
          {
            "origin": [
              4.4,
              4.95,
              7.2
            ],
            "size": [
              1,
              1,
              1
            ],
            "uv": [
              508,
              464
            ],
            "inflate": -0.6
          },
          {
            "origin": [
              4.4,
              4.95,
              6.6
            ],
            "size": [
              4,
              1,
              2
            ],
            "uv": [
              508,
              464
            ],
            "inflate": -0.6
          },
          {
            "origin": [
              7.2,
              4.95,
              6.9
            ],
            "size": [
              4,
              1,
              2
            ],
            "uv": [
              508,
              464
            ],
            "inflate": -0.6
          },
          {
            "origin": [
              10.2,
              4.95,
              7.5
            ],
            "size": [
              1,
              1,
              1
            ],
            "uv": [
              508,
              464
            ],
            "inflate": -0.6
          },
          {
            "origin": [
              10.2,
              4.95,
              7.3
            ],
            "size": [
              1,
              1,
              1
            ],
            "uv": [
              508,
              464
            ],
            "inflate": -0.6
          },
          {
            "origin": [
              6.8,
              4.95,
              6.75
            ],
            "size": [
              2,
              1,
              2
            ],
            "uv": [
              508,
              464
            ],
            "inflate": -0.6
          }
        ]
      },
      {
        "name": "body9",
        "pivot": [
          7.8,
          7,
          -7.8
        ],
        "rotation": [
          0,
          -15,
          0
        ],
        "cubes": [
          {
            "origin": [
              4.4,
              4.95,
              -8.5
            ],
            "size": [
              1,
              1,
              1
            ],
            "uv": [
              508,
              454
            ],
            "inflate": -0.6
          },
          {
            "origin": [
              4.4,
              4.95,
              -8.3
            ],
            "size": [
              1,
              1,
              1
            ],
            "uv": [
              508,
              454
            ],
            "inflate": -0.6
          },
          {
            "origin": [
              4.4,
              4.95,
              -8.9
            ],
            "size": [
              4,
              1,
              2
            ],
            "uv": [
              508,
              454
            ],
            "inflate": -0.6
          },
          {
            "origin": [
              7.2,
              4.95,
              -8.6
            ],
            "size": [
              4,
              1,
              2
            ],
            "uv": [
              508,
              454
            ],
            "inflate": -0.6
          },
          {
            "origin": [
              10.2,
              4.95,
              -8
            ],
            "size": [
              1,
              1,
              1
            ],
            "uv": [
              508,
              454
            ],
            "inflate": -0.6
          },
          {
            "origin": [
              10.2,
              4.95,
              -8.2
            ],
            "size": [
              1,
              1,
              1
            ],
            "uv": [
              508,
              454
            ],
            "inflate": -0.6
          },
          {
            "origin": [
              6.8,
              4.95,
              -8.75
            ],
            "size": [
              2,
              1,
              2
            ],
            "uv": [
              445,
              420
            ],
            "inflate": -0.6
          }
        ]
      }
    ]
  }
}