{
	"format_version": "1.12.0",
	"minecraft:geometry": [
		{
			"description": {
				"identifier": "geometry.gamer_cube",
				"texture_width": 64,
				"texture_height": 64,
				"visible_bounds_width": 2,
				"visible_bounds_height": 1.5,
				"visible_bounds_offset": [
					0,
					0.25,
					0
				]
			},
			"bones": [
				{
					"name": "bb_main",
					"pivot": [
						0,
						0,
						0
					],
					"cubes": [
						{
							"origin": [
								-3,
								0.1,
								-4
							],
							"size": [
								6,
								6,
								6
							],
							"uv": {
								"north": {
									"uv": [
										0,
										0
									],
									"uv_size": [
										6,
										6
									]
								},
								"east": {
									"uv": [
										0,
										7
									],
									"uv_size": [
										6,
										6
									]
								},
								"south": {
									"uv": [
										7,
										0
									],
									"uv_size": [
										6,
										6
									]
								},
								"west": {
									"uv": [
										7,
										7
									],
									"uv_size": [
										6,
										6
									]
								},
								"up": {
									"uv": [
										0,
										14
									],
									"uv_size": [
										6,
										6
									]
								},
								"down": {
									"uv": [
										14,
										6
									],
									"uv_size": [
										6,
										-6
									]
								}
							}
						},
						{
							"origin": [
								-3.1,
								4.2,
								0.1
							],
							"size": [
								2,
								2,
								2
							],
							"uv": {
								"north": {
									"uv": [
										7,
										14
									],
									"uv_size": [
										2,
										2
									]
								},
								"east": {
									"uv": [
										14,
										7
									],
									"uv_size": [
										2,
										2
									]
								},
								"south": {
									"uv": [
										10,
										14
									],
									"uv_size": [
										2,
										2
									]
								},
								"west": {
									"uv": [
										14,
										10
									],
									"uv_size": [
										2,
										2
									]
								},
								"up": {
									"uv": [
										13,
										14
									],
									"uv_size": [
										2,
										2
									]
								},
								"down": {
									"uv": [
										16,
										15
									],
									"uv_size": [
										2,
										-2
									]
								}
							}
						},
						{
							"origin": [
								-3.1,
								2.1,
								0.1
							],
							"size": [
								2,
								2,
								2
							],
							"uv": {
								"north": {
									"uv": [
										36,
										33
									],
									"uv_size": [
										2,
										2
									]
								},
								"east": {
									"uv": [
										36,
										36
									],
									"uv_size": [
										2,
										2
									]
								},
								"south": {
									"uv": [
										37,
										12
									],
									"uv_size": [
										2,
										2
									]
								},
								"west": {
									"uv": [
										15,
										37
									],
									"uv_size": [
										2,
										2
									]
								},
								"up": {
									"uv": [
										37,
										15
									],
									"uv_size": [
										2,
										2
									]
								},
								"down": {
									"uv": [
										18,
										39
									],
									"uv_size": [
										2,
										-2
									]
								}
							}
						},
						{
							"origin": [
								-1,
								4.2,
								0.1
							],
							"size": [
								2,
								2,
								2
							],
							"uv": {
								"north": {
									"uv": [
										16,
										16
									],
									"uv_size": [
										2,
										2
									]
								},
								"east": {
									"uv": [
										7,
										17
									],
									"uv_size": [
										2,
										2
									]
								},
								"south": {
									"uv": [
										17,
										7
									],
									"uv_size": [
										2,
										2
									]
								},
								"west": {
									"uv": [
										10,
										17
									],
									"uv_size": [
										2,
										2
									]
								},
								"up": {
									"uv": [
										17,
										10
									],
									"uv_size": [
										2,
										2
									]
								},
								"down": {
									"uv": [
										13,
										19
									],
									"uv_size": [
										2,
										-2
									]
								}
							}
						},
						{
							"origin": [
								-1,
								2.1,
								0.1
							],
							"size": [
								2,
								2,
								2
							],
							"uv": {
								"north": {
									"uv": [
										9,
										38
									],
									"uv_size": [
										2,
										2
									]
								},
								"east": {
									"uv": [
										38,
										9
									],
									"uv_size": [
										2,
										2
									]
								},
								"south": {
									"uv": [
										12,
										38
									],
									"uv_size": [
										2,
										2
									]
								},
								"west": {
									"uv": [
										0,
										39
									],
									"uv_size": [
										2,
										2
									]
								},
								"up": {
									"uv": [
										39,
										0
									],
									"uv_size": [
										2,
										2
									]
								},
								"down": {
									"uv": [
										3,
										41
									],
									"uv_size": [
										2,
										-2
									]
								}
							}
						},
						{
							"origin": [
								1.1,
								4.2,
								0.1
							],
							"size": [
								2,
								2,
								2
							],
							"uv": {
								"north": {
									"uv": [
										19,
										13
									],
									"uv_size": [
										2,
										2
									]
								},
								"east": {
									"uv": [
										16,
										19
									],
									"uv_size": [
										2,
										2
									]
								},
								"south": {
									"uv": [
										19,
										16
									],
									"uv_size": [
										2,
										2
									]
								},
								"west": {
									"uv": [
										19,
										19
									],
									"uv_size": [
										2,
										2
									]
								},
								"up": {
									"uv": [
										7,
										20
									],
									"uv_size": [
										2,
										2
									]
								},
								"down": {
									"uv": [
										20,
										9
									],
									"uv_size": [
										2,
										-2
									]
								}
							}
						},
						{
							"origin": [
								1.1,
								2.1,
								0.1
							],
							"size": [
								2,
								2,
								2
							],
							"uv": {
								"north": {
									"uv": [
										36,
										24
									],
									"uv_size": [
										2,
										2
									]
								},
								"east": {
									"uv": [
										27,
										36
									],
									"uv_size": [
										2,
										2
									]
								},
								"south": {
									"uv": [
										36,
										27
									],
									"uv_size": [
										2,
										2
									]
								},
								"west": {
									"uv": [
										30,
										36
									],
									"uv_size": [
										2,
										2
									]
								},
								"up": {
									"uv": [
										36,
										30
									],
									"uv_size": [
										2,
										2
									]
								},
								"down": {
									"uv": [
										33,
										38
									],
									"uv_size": [
										2,
										-2
									]
								}
							}
						},
						{
							"origin": [
								1.1,
								4.2,
								-2
							],
							"size": [
								2,
								2,
								2
							],
							"uv": {
								"north": {
									"uv": [
										10,
										20
									],
									"uv_size": [
										2,
										2
									]
								},
								"east": {
									"uv": [
										20,
										10
									],
									"uv_size": [
										2,
										2
									]
								},
								"south": {
									"uv": [
										13,
										20
									],
									"uv_size": [
										2,
										2
									]
								},
								"west": {
									"uv": [
										0,
										21
									],
									"uv_size": [
										2,
										2
									]
								},
								"up": {
									"uv": [
										21,
										0
									],
									"uv_size": [
										2,
										2
									]
								},
								"down": {
									"uv": [
										3,
										23
									],
									"uv_size": [
										2,
										-2
									]
								}
							}
						},
						{
							"origin": [
								1.1,
								2.1,
								-2
							],
							"size": [
								2,
								2,
								2
							],
							"uv": {
								"north": {
									"uv": [
										37,
										18
									],
									"uv_size": [
										2,
										2
									]
								},
								"east": {
									"uv": [
										21,
										37
									],
									"uv_size": [
										2,
										2
									]
								},
								"south": {
									"uv": [
										37,
										21
									],
									"uv_size": [
										2,
										2
									]
								},
								"west": {
									"uv": [
										24,
										37
									],
									"uv_size": [
										2,
										2
									]
								},
								"up": {
									"uv": [
										6,
										38
									],
									"uv_size": [
										2,
										2
									]
								},
								"down": {
									"uv": [
										38,
										8
									],
									"uv_size": [
										2,
										-2
									]
								}
							}
						},
						{
							"origin": [
								1.1,
								4.2,
								-4.1
							],
							"size": [
								2,
								2,
								2
							],
							"uv": {
								"north": {
									"uv": [
										21,
										3
									],
									"uv_size": [
										2,
										2
									]
								},
								"east": {
									"uv": [
										22,
										13
									],
									"uv_size": [
										2,
										2
									]
								},
								"south": {
									"uv": [
										16,
										22
									],
									"uv_size": [
										2,
										2
									]
								},
								"west": {
									"uv": [
										22,
										16
									],
									"uv_size": [
										2,
										2
									]
								},
								"up": {
									"uv": [
										19,
										22
									],
									"uv_size": [
										2,
										2
									]
								},
								"down": {
									"uv": [
										22,
										21
									],
									"uv_size": [
										2,
										-2
									]
								}
							}
						},
						{
							"origin": [
								1.1,
								2.1,
								-4.1
							],
							"size": [
								2,
								2,
								2
							],
							"uv": {
								"north": {
									"uv": [
										35,
										9
									],
									"uv_size": [
										2,
										2
									]
								},
								"east": {
									"uv": [
										12,
										35
									],
									"uv_size": [
										2,
										2
									]
								},
								"south": {
									"uv": [
										0,
										36
									],
									"uv_size": [
										2,
										2
									]
								},
								"west": {
									"uv": [
										36,
										0
									],
									"uv_size": [
										2,
										2
									]
								},
								"up": {
									"uv": [
										3,
										36
									],
									"uv_size": [
										2,
										2
									]
								},
								"down": {
									"uv": [
										36,
										5
									],
									"uv_size": [
										2,
										-2
									]
								}
							}
						},
						{
							"origin": [
								-1,
								4.2,
								-4.1
							],
							"size": [
								2,
								2,
								2
							],
							"uv": {
								"north": {
									"uv": [
										22,
										22
									],
									"uv_size": [
										2,
										2
									]
								},
								"east": {
									"uv": [
										6,
										23
									],
									"uv_size": [
										2,
										2
									]
								},
								"south": {
									"uv": [
										23,
										6
									],
									"uv_size": [
										2,
										2
									]
								},
								"west": {
									"uv": [
										9,
										23
									],
									"uv_size": [
										2,
										2
									]
								},
								"up": {
									"uv": [
										23,
										9
									],
									"uv_size": [
										2,
										2
									]
								},
								"down": {
									"uv": [
										12,
										25
									],
									"uv_size": [
										2,
										-2
									]
								}
							}
						},
						{
							"origin": [
								-1,
								2.1,
								-4.1
							],
							"size": [
								2,
								2,
								2
							],
							"uv": {
								"north": {
									"uv": [
										33,
										39
									],
									"uv_size": [
										2,
										2
									]
								},
								"east": {
									"uv": [
										39,
										33
									],
									"uv_size": [
										2,
										2
									]
								},
								"south": {
									"uv": [
										36,
										39
									],
									"uv_size": [
										2,
										2
									]
								},
								"west": {
									"uv": [
										39,
										36
									],
									"uv_size": [
										2,
										2
									]
								},
								"up": {
									"uv": [
										39,
										39
									],
									"uv_size": [
										2,
										2
									]
								},
								"down": {
									"uv": [
										40,
										14
									],
									"uv_size": [
										2,
										-2
									]
								}
							}
						},
						{
							"origin": [
								-3.1,
								4.2,
								-4.1
							],
							"size": [
								2,
								2,
								2
							],
							"uv": {
								"north": {
									"uv": [
										0,
										24
									],
									"uv_size": [
										2,
										2
									]
								},
								"east": {
									"uv": [
										24,
										0
									],
									"uv_size": [
										2,
										2
									]
								},
								"south": {
									"uv": [
										3,
										24
									],
									"uv_size": [
										2,
										2
									]
								},
								"west": {
									"uv": [
										24,
										3
									],
									"uv_size": [
										2,
										2
									]
								},
								"up": {
									"uv": [
										25,
										12
									],
									"uv_size": [
										2,
										2
									]
								},
								"down": {
									"uv": [
										15,
										27
									],
									"uv_size": [
										2,
										-2
									]
								}
							}
						},
						{
							"origin": [
								-3.1,
								2.1,
								-4.1
							],
							"size": [
								2,
								2,
								2
							],
							"uv": {
								"north": {
									"uv": [
										21,
										34
									],
									"uv_size": [
										2,
										2
									]
								},
								"east": {
									"uv": [
										34,
										21
									],
									"uv_size": [
										2,
										2
									]
								},
								"south": {
									"uv": [
										24,
										34
									],
									"uv_size": [
										2,
										2
									]
								},
								"west": {
									"uv": [
										6,
										35
									],
									"uv_size": [
										2,
										2
									]
								},
								"up": {
									"uv": [
										35,
										6
									],
									"uv_size": [
										2,
										2
									]
								},
								"down": {
									"uv": [
										9,
										37
									],
									"uv_size": [
										2,
										-2
									]
								}
							}
						},
						{
							"origin": [
								-3.1,
								4.2,
								-2
							],
							"size": [
								2,
								2,
								2
							],
							"uv": {
								"north": {
									"uv": [
										25,
										15
									],
									"uv_size": [
										2,
										2
									]
								},
								"east": {
									"uv": [
										18,
										25
									],
									"uv_size": [
										2,
										2
									]
								},
								"south": {
									"uv": [
										25,
										18
									],
									"uv_size": [
										2,
										2
									]
								},
								"west": {
									"uv": [
										21,
										25
									],
									"uv_size": [
										2,
										2
									]
								},
								"up": {
									"uv": [
										25,
										21
									],
									"uv_size": [
										2,
										2
									]
								},
								"down": {
									"uv": [
										24,
										27
									],
									"uv_size": [
										2,
										-2
									]
								}
							}
						},
						{
							"origin": [
								-3.1,
								2.1,
								-2
							],
							"size": [
								2,
								2,
								2
							],
							"uv": {
								"north": {
									"uv": [
										39,
										3
									],
									"uv_size": [
										2,
										2
									]
								},
								"east": {
									"uv": [
										39,
										24
									],
									"uv_size": [
										2,
										2
									]
								},
								"south": {
									"uv": [
										27,
										39
									],
									"uv_size": [
										2,
										2
									]
								},
								"west": {
									"uv": [
										39,
										27
									],
									"uv_size": [
										2,
										2
									]
								},
								"up": {
									"uv": [
										30,
										39
									],
									"uv_size": [
										2,
										2
									]
								},
								"down": {
									"uv": [
										39,
										32
									],
									"uv_size": [
										2,
										-2
									]
								}
							}
						},
						{
							"origin": [
								-1,
								4.2,
								-2
							],
							"size": [
								2,
								2,
								2
							],
							"uv": {
								"north": {
									"uv": [
										6,
										26
									],
									"uv_size": [
										2,
										2
									]
								},
								"east": {
									"uv": [
										26,
										6
									],
									"uv_size": [
										2,
										2
									]
								},
								"south": {
									"uv": [
										9,
										26
									],
									"uv_size": [
										2,
										2
									]
								},
								"west": {
									"uv": [
										26,
										9
									],
									"uv_size": [
										2,
										2
									]
								},
								"up": {
									"uv": [
										12,
										26
									],
									"uv_size": [
										2,
										2
									]
								},
								"down": {
									"uv": [
										0,
										29
									],
									"uv_size": [
										2,
										-2
									]
								}
							}
						},
						{
							"origin": [
								-3.1,
								0,
								0.1
							],
							"size": [
								2,
								2,
								2
							],
							"uv": {
								"north": {
									"uv": [
										33,
										33
									],
									"uv_size": [
										2,
										2
									]
								},
								"east": {
									"uv": [
										34,
										12
									],
									"uv_size": [
										2,
										2
									]
								},
								"south": {
									"uv": [
										15,
										34
									],
									"uv_size": [
										2,
										2
									]
								},
								"west": {
									"uv": [
										34,
										15
									],
									"uv_size": [
										2,
										2
									]
								},
								"up": {
									"uv": [
										18,
										34
									],
									"uv_size": [
										2,
										2
									]
								},
								"down": {
									"uv": [
										34,
										20
									],
									"uv_size": [
										2,
										-2
									]
								}
							}
						},
						{
							"origin": [
								-1,
								0,
								0.1
							],
							"size": [
								2,
								2,
								2
							],
							"uv": {
								"north": {
									"uv": [
										33,
										3
									],
									"uv_size": [
										2,
										2
									]
								},
								"east": {
									"uv": [
										33,
										24
									],
									"uv_size": [
										2,
										2
									]
								},
								"south": {
									"uv": [
										27,
										33
									],
									"uv_size": [
										2,
										2
									]
								},
								"west": {
									"uv": [
										33,
										27
									],
									"uv_size": [
										2,
										2
									]
								},
								"up": {
									"uv": [
										30,
										33
									],
									"uv_size": [
										2,
										2
									]
								},
								"down": {
									"uv": [
										33,
										32
									],
									"uv_size": [
										2,
										-2
									]
								}
							}
						},
						{
							"origin": [
								1.1,
								0,
								0.1
							],
							"size": [
								2,
								2,
								2
							],
							"uv": {
								"north": {
									"uv": [
										9,
										32
									],
									"uv_size": [
										2,
										2
									]
								},
								"east": {
									"uv": [
										32,
										9
									],
									"uv_size": [
										2,
										2
									]
								},
								"south": {
									"uv": [
										12,
										32
									],
									"uv_size": [
										2,
										2
									]
								},
								"west": {
									"uv": [
										0,
										33
									],
									"uv_size": [
										2,
										2
									]
								},
								"up": {
									"uv": [
										33,
										0
									],
									"uv_size": [
										2,
										2
									]
								},
								"down": {
									"uv": [
										3,
										35
									],
									"uv_size": [
										2,
										-2
									]
								}
							}
						},
						{
							"origin": [
								1.1,
								0,
								-2
							],
							"size": [
								2,
								2,
								2
							],
							"uv": {
								"north": {
									"uv": [
										31,
										18
									],
									"uv_size": [
										2,
										2
									]
								},
								"east": {
									"uv": [
										21,
										31
									],
									"uv_size": [
										2,
										2
									]
								},
								"south": {
									"uv": [
										31,
										21
									],
									"uv_size": [
										2,
										2
									]
								},
								"west": {
									"uv": [
										24,
										31
									],
									"uv_size": [
										2,
										2
									]
								},
								"up": {
									"uv": [
										6,
										32
									],
									"uv_size": [
										2,
										2
									]
								},
								"down": {
									"uv": [
										32,
										8
									],
									"uv_size": [
										2,
										-2
									]
								}
							}
						},
						{
							"origin": [
								1.1,
								0,
								-4.1
							],
							"size": [
								2,
								2,
								2
							],
							"uv": {
								"north": {
									"uv": [
										30,
										27
									],
									"uv_size": [
										2,
										2
									]
								},
								"east": {
									"uv": [
										30,
										30
									],
									"uv_size": [
										2,
										2
									]
								},
								"south": {
									"uv": [
										31,
										12
									],
									"uv_size": [
										2,
										2
									]
								},
								"west": {
									"uv": [
										15,
										31
									],
									"uv_size": [
										2,
										2
									]
								},
								"up": {
									"uv": [
										31,
										15
									],
									"uv_size": [
										2,
										2
									]
								},
								"down": {
									"uv": [
										18,
										33
									],
									"uv_size": [
										2,
										-2
									]
								}
							}
						},
						{
							"origin": [
								-1,
								0,
								-4.1
							],
							"size": [
								2,
								2,
								2
							],
							"uv": {
								"north": {
									"uv": [
										0,
										30
									],
									"uv_size": [
										2,
										2
									]
								},
								"east": {
									"uv": [
										30,
										0
									],
									"uv_size": [
										2,
										2
									]
								},
								"south": {
									"uv": [
										3,
										30
									],
									"uv_size": [
										2,
										2
									]
								},
								"west": {
									"uv": [
										30,
										3
									],
									"uv_size": [
										2,
										2
									]
								},
								"up": {
									"uv": [
										30,
										24
									],
									"uv_size": [
										2,
										2
									]
								},
								"down": {
									"uv": [
										27,
										32
									],
									"uv_size": [
										2,
										-2
									]
								}
							}
						},
						{
							"origin": [
								-3.1,
								0,
								-4.1
							],
							"size": [
								2,
								2,
								2
							],
							"uv": {
								"north": {
									"uv": [
										24,
										28
									],
									"uv_size": [
										2,
										2
									]
								},
								"east": {
									"uv": [
										6,
										29
									],
									"uv_size": [
										2,
										2
									]
								},
								"south": {
									"uv": [
										29,
										6
									],
									"uv_size": [
										2,
										2
									]
								},
								"west": {
									"uv": [
										9,
										29
									],
									"uv_size": [
										2,
										2
									]
								},
								"up": {
									"uv": [
										29,
										9
									],
									"uv_size": [
										2,
										2
									]
								},
								"down": {
									"uv": [
										12,
										31
									],
									"uv_size": [
										2,
										-2
									]
								}
							}
						},
						{
							"origin": [
								-3.1,
								0,
								-2
							],
							"size": [
								2,
								2,
								2
							],
							"uv": {
								"north": {
									"uv": [
										15,
										28
									],
									"uv_size": [
										2,
										2
									]
								},
								"east": {
									"uv": [
										28,
										15
									],
									"uv_size": [
										2,
										2
									]
								},
								"south": {
									"uv": [
										18,
										28
									],
									"uv_size": [
										2,
										2
									]
								},
								"west": {
									"uv": [
										28,
										18
									],
									"uv_size": [
										2,
										2
									]
								},
								"up": {
									"uv": [
										21,
										28
									],
									"uv_size": [
										2,
										2
									]
								},
								"down": {
									"uv": [
										28,
										23
									],
									"uv_size": [
										2,
										-2
									]
								}
							}
						},
						{
							"origin": [
								-1,
								0,
								-2
							],
							"size": [
								2,
								2,
								2
							],
							"uv": {
								"north": {
									"uv": [
										27,
										0
									],
									"uv_size": [
										2,
										2
									]
								},
								"east": {
									"uv": [
										3,
										27
									],
									"uv_size": [
										2,
										2
									]
								},
								"south": {
									"uv": [
										27,
										3
									],
									"uv_size": [
										2,
										2
									]
								},
								"west": {
									"uv": [
										27,
										24
									],
									"uv_size": [
										2,
										2
									]
								},
								"up": {
									"uv": [
										27,
										27
									],
									"uv_size": [
										2,
										2
									]
								},
								"down": {
									"uv": [
										28,
										14
									],
									"uv_size": [
										2,
										-2
									]
								}
							}
						}
					]
				}
			]
		}
	]
}