{
	"format_version": "1.12.0",
	"minecraft:geometry": [
		{
			"description": {
				"identifier": "geometry.gamer_desk_right",
				"texture_width": 128,
				"texture_height": 128,
				"visible_bounds_width": 2,
				"visible_bounds_height": 2.5,
				"visible_bounds_offset": [
					0,
					0.75,
					0
				]
			},
			"bones": [
				{
					"name": "bb_main",
					"pivot": [
						0,
						0,
						0
					],
					"cubes": [
						{
							"origin": [
								5,
								0,
								-7
							],
							"size": [
								2,
								15,
								14
							],
							"uv": {
								"north": {
									"uv": [
										21,
										72
									],
									"uv_size": [
										1,
										15
									]
								},
								"east": {
									"uv": [
										32,
										0
									],
									"uv_size": [
										14,
										15
									]
								},
								"south": {
									"uv": [
										23,
										72
									],
									"uv_size": [
										1,
										15
									]
								},
								"west": {
									"uv": [
										32,
										16
									],
									"uv_size": [
										14,
										15
									]
								},
								"up": {
									"uv": [
										59,
										73
									],
									"uv_size": [
										1,
										14
									]
								},
								"down": {
									"uv": [
										61,
										87
									],
									"uv_size": [
										1,
										-14
									]
								}
							}
						},
						{
							"origin": [
								-8,
								14,
								-8
							],
							"size": [
								16,
								2,
								16
							],
							"uv": {
								"north": {
									"uv": [
										36,
										70
									],
									"uv_size": [
										16,
										2
									]
								},
								"east": {
									"uv": [
										53,
										70
									],
									"uv_size": [
										16,
										2
									]
								},
								"south": {
									"uv": [
										70,
										70
									],
									"uv_size": [
										16,
										2
									]
								},
								"west": {
									"uv": [
										0,
										72
									],
									"uv_size": [
										16,
										2
									]
								},
								"up": {
									"uv": [
										0,
										0
									],
									"uv_size": [
										16,
										16
									]
								},
								"down": {
									"uv": [
										0,
										33
									],
									"uv_size": [
										16,
										-16
									]
								}
							}
						}
					]
				},
				{
					"name": "bone",
					"pivot": [
						0,
						1,
						3.8
					]
				},
				{
					"name": "bone2",
					"pivot": [
						0,
						-4,
						3.8
					]
				}
			]
		}
	]
}