{
	"format_version": "1.12.0",
	"minecraft:geometry": [
		{
			"description": {
				"identifier": "geometry.gamer_wall_light",
				"texture_width": 64,
				"texture_height": 64,
				"visible_bounds_width": 2,
				"visible_bounds_height": 2.5,
				"visible_bounds_offset": [
					0,
					0.75,
					0
				]
			},
			"bones": [
				{
					"name": "bb_main",
					"pivot": [
						0,
						0,
						0
					],
					"cubes": [
						{
							"origin": [
								-8,
								0,
								7
							],
							"size": [
								16,
								1,
								1
							],
							"uv": {
								"north": {
									"uv": [
										17,
										0
									],
									"uv_size": [
										16,
										1
									]
								},
								"east": {
									"uv": [
										17,
										8
									],
									"uv_size": [
										1,
										1
									]
								},
								"south": {
									"uv": [
										17,
										2
									],
									"uv_size": [
										16,
										1
									]
								},
								"west": {
									"uv": [
										17,
										10
									],
									"uv_size": [
										1,
										1
									]
								},
								"up": {
									"uv": [
										17,
										4
									],
									"uv_size": [
										16,
										1
									]
								},
								"down": {
									"uv": [
										17,
										7
									],
									"uv_size": [
										16,
										-1
									]
								}
							}
						},
						{
							"origin": [
								-8,
								0,
								7.9
							],
							"size": [
								16,
								16,
								0
							],
							"uv": {
								"north": {
									"uv": [
										0,
										0
									],
									"uv_size": [
										16,
										16
									]
								},
								"east": {
									"uv": [
										17,
										12
									],
									"uv_size": [
										0,
										16
									]
								},
								"south": {
									"uv": [
										0,
										17
									],
									"uv_size": [
										16,
										16
									]
								},
								"west": {
									"uv": [
										18,
										12
									],
									"uv_size": [
										0,
										16
									]
								},
								"up": {
									"uv": [
										19,
										8
									],
									"uv_size": [
										16,
										0
									]
								},
								"down": {
									"uv": [
										19,
										9
									],
									"uv_size": [
										16,
										0
									]
								}
							}
						}
					]
				}
			]
		}
	]
}