{
	"format_version": "1.12.0",
	"minecraft:geometry": [
		{
			"description": {
				"identifier": "geometry.gamer_laptop_close",
				"texture_width": 64,
				"texture_height": 64,
				"visible_bounds_width": 3,
				"visible_bounds_height": 3,
				"visible_bounds_offset": [
					0,
					0.5,
					0
				]
			},
			"bones": [
				{
					"name": "bb_main2",
					"pivot": [
						0,
						0,
						0
					],
					"cubes": [
						{
							"origin": [
								-1,
								0,
								4
							],
							"size": [
								2,
								6,
								2
							],
							"uv": {
								"north": {
									"uv": [
										60.5,
										32.75
									],
									"uv_size": [
										2,
										6
									]
								},
								"east": {
									"uv": [
										60.5,
										32.75
									],
									"uv_size": [
										2,
										6
									]
								},
								"south": {
									"uv": [
										60.5,
										32.75
									],
									"uv_size": [
										2,
										6
									]
								},
								"west": {
									"uv": [
										60.5,
										32.75
									],
									"uv_size": [
										2,
										6
									]
								},
								"up": {
									"uv": [
										62.5,
										34.75
									],
									"uv_size": [
										-2,
										-2
									]
								},
								"down": {
									"uv": [
										62.5,
										34.75
									],
									"uv_size": [
										-2,
										-2
									]
								}
							}
						}
					]
				},
				{
					"name": "bb_main",
					"pivot": [
						0.5,
						0,
						0
					],
					"cubes": [
						{
							"origin": [
								-6.5,
								0,
								-7
							],
							"size": [
								13,
								0.3,
								10
							],
							"uv": {
								"north": {
									"uv": [
										30,
										16
									],
									"uv_size": [
										13,
										0.25
									]
								},
								"east": {
									"uv": [
										28,
										32
									],
									"uv_size": [
										10,
										0.25
									]
								},
								"south": {
									"uv": [
										30,
										18
									],
									"uv_size": [
										13,
										0.25
									]
								},
								"west": {
									"uv": [
										4,
										33
									],
									"uv_size": [
										10,
										0.25
									]
								},
								"up": {
									"uv": [
										0,
										0
									],
									"uv_size": [
										13,
										10
									]
								},
								"down": {
									"uv": [
										0,
										21
									],
									"uv_size": [
										13,
										-10
									]
								}
							}
						},
						{
							"origin": [
								-6.5,
								0.25,
								2
							],
							"size": [
								13,
								0.12,
								1
							],
							"uv": {
								"north": {
									"uv": [
										28,
										38
									],
									"uv_size": [
										13,
										0.125
									]
								},
								"east": {
									"uv": [
										48,
										38
									],
									"uv_size": [
										1,
										0.125
									]
								},
								"south": {
									"uv": [
										0,
										39
									],
									"uv_size": [
										13,
										0.125
									]
								},
								"west": {
									"uv": [
										40,
										48
									],
									"uv_size": [
										1,
										0.125
									]
								},
								"up": {
									"uv": [
										0,
										27
									],
									"uv_size": [
										13,
										1
									]
								},
								"down": {
									"uv": [
										14,
										28
									],
									"uv_size": [
										13,
										-1
									]
								}
							}
						},
						{
							"origin": [
								-6.5,
								0.25,
								-7
							],
							"size": [
								13,
								0.12,
								4
							],
							"uv": {
								"north": {
									"uv": [
										39,
										32
									],
									"uv_size": [
										13,
										0.125
									]
								},
								"east": {
									"uv": [
										16,
										46
									],
									"uv_size": [
										4,
										0.125
									]
								},
								"south": {
									"uv": [
										39,
										34
									],
									"uv_size": [
										13,
										0.125
									]
								},
								"west": {
									"uv": [
										46,
										16
									],
									"uv_size": [
										4,
										0.125
									]
								},
								"up": {
									"uv": [
										0,
										22
									],
									"uv_size": [
										13,
										4
									]
								},
								"down": {
									"uv": [
										14,
										26
									],
									"uv_size": [
										13,
										-4
									]
								}
							}
						},
						{
							"origin": [
								-2,
								0,
								-6.3
							],
							"size": [
								4,
								0.5,
								2.5
							],
							"uv": {
								"north": {
									"uv": [
										40,
										36
									],
									"uv_size": [
										4,
										0.25
									]
								},
								"east": {
									"uv": [
										20,
										42
									],
									"uv_size": [
										2.5,
										0.25
									]
								},
								"south": {
									"uv": [
										40,
										40
									],
									"uv_size": [
										4,
										0.25
									]
								},
								"west": {
									"uv": [
										24,
										42
									],
									"uv_size": [
										2.5,
										0.25
									]
								},
								"up": {
									"uv": [
										28,
										8
									],
									"uv_size": [
										4,
										2.5
									]
								},
								"down": {
									"uv": [
										28,
										14.5
									],
									"uv_size": [
										4,
										-2.5
									]
								}
							}
						},
						{
							"origin": [
								-5.3,
								0.25,
								0.2
							],
							"size": [
								0.8,
								0.12,
								0.8
							],
							"uv": {
								"north": {
									"uv": [
										2,
										49
									],
									"uv_size": [
										0.75,
										0.125
									]
								},
								"east": {
									"uv": [
										4,
										49
									],
									"uv_size": [
										0.75,
										0.125
									]
								},
								"south": {
									"uv": [
										6,
										49
									],
									"uv_size": [
										0.75,
										0.125
									]
								},
								"west": {
									"uv": [
										8,
										49
									],
									"uv_size": [
										0.75,
										0.125
									]
								},
								"up": {
									"uv": [
										18,
										31
									],
									"uv_size": [
										0.75,
										0.75
									]
								},
								"down": {
									"uv": [
										28,
										42.75
									],
									"uv_size": [
										0.75,
										-0.75
									]
								}
							}
						},
						{
							"origin": [
								-4.3,
								0.25,
								0.2
							],
							"size": [
								0.8,
								0.12,
								0.8
							],
							"uv": {
								"north": {
									"uv": [
										35,
										49
									],
									"uv_size": [
										0.75,
										0.125
									]
								},
								"east": {
									"uv": [
										37,
										49
									],
									"uv_size": [
										0.75,
										0.125
									]
								},
								"south": {
									"uv": [
										50,
										0
									],
									"uv_size": [
										0.75,
										0.125
									]
								},
								"west": {
									"uv": [
										50,
										2
									],
									"uv_size": [
										0.75,
										0.125
									]
								},
								"up": {
									"uv": [
										30,
										42
									],
									"uv_size": [
										0.75,
										0.75
									]
								},
								"down": {
									"uv": [
										32,
										42.75
									],
									"uv_size": [
										0.75,
										-0.75
									]
								}
							}
						},
						{
							"origin": [
								-3.3,
								0.25,
								0.2
							],
							"size": [
								0.8,
								0.12,
								0.8
							],
							"uv": {
								"north": {
									"uv": [
										50,
										4
									],
									"uv_size": [
										0.75,
										0.125
									]
								},
								"east": {
									"uv": [
										10,
										50
									],
									"uv_size": [
										0.75,
										0.125
									]
								},
								"south": {
									"uv": [
										12,
										50
									],
									"uv_size": [
										0.75,
										0.125
									]
								},
								"west": {
									"uv": [
										50,
										12
									],
									"uv_size": [
										0.75,
										0.125
									]
								},
								"up": {
									"uv": [
										34,
										42
									],
									"uv_size": [
										0.75,
										0.75
									]
								},
								"down": {
									"uv": [
										42,
										38.75
									],
									"uv_size": [
										0.75,
										-0.75
									]
								}
							}
						},
						{
							"origin": [
								-2.3,
								0.25,
								0.2
							],
							"size": [
								0.8,
								0.12,
								0.8
							],
							"uv": {
								"north": {
									"uv": [
										14,
										50
									],
									"uv_size": [
										0.75,
										0.125
									]
								},
								"east": {
									"uv": [
										50,
										14
									],
									"uv_size": [
										0.75,
										0.125
									]
								},
								"south": {
									"uv": [
										16,
										50
									],
									"uv_size": [
										0.75,
										0.125
									]
								},
								"west": {
									"uv": [
										18,
										50
									],
									"uv_size": [
										0.75,
										0.125
									]
								},
								"up": {
									"uv": [
										40,
										42
									],
									"uv_size": [
										0.75,
										0.75
									]
								},
								"down": {
									"uv": [
										42,
										42.75
									],
									"uv_size": [
										0.75,
										-0.75
									]
								}
							}
						},
						{
							"origin": [
								-1.3,
								0.25,
								0.2
							],
							"size": [
								0.8,
								0.12,
								0.8
							],
							"uv": {
								"north": {
									"uv": [
										50,
										18
									],
									"uv_size": [
										0.75,
										0.125
									]
								},
								"east": {
									"uv": [
										20,
										50
									],
									"uv_size": [
										0.75,
										0.125
									]
								},
								"south": {
									"uv": [
										50,
										20
									],
									"uv_size": [
										0.75,
										0.125
									]
								},
								"west": {
									"uv": [
										22,
										50
									],
									"uv_size": [
										0.75,
										0.125
									]
								},
								"up": {
									"uv": [
										0,
										43
									],
									"uv_size": [
										0.75,
										0.75
									]
								},
								"down": {
									"uv": [
										2,
										43.75
									],
									"uv_size": [
										0.75,
										-0.75
									]
								}
							}
						},
						{
							"origin": [
								-0.3,
								0.25,
								0.2
							],
							"size": [
								0.8,
								0.12,
								0.8
							],
							"uv": {
								"north": {
									"uv": [
										24,
										50
									],
									"uv_size": [
										0.75,
										0.125
									]
								},
								"east": {
									"uv": [
										26,
										50
									],
									"uv_size": [
										0.75,
										0.125
									]
								},
								"south": {
									"uv": [
										28,
										50
									],
									"uv_size": [
										0.75,
										0.125
									]
								},
								"west": {
									"uv": [
										30,
										50
									],
									"uv_size": [
										0.75,
										0.125
									]
								},
								"up": {
									"uv": [
										4,
										43
									],
									"uv_size": [
										0.75,
										0.75
									]
								},
								"down": {
									"uv": [
										6,
										43.75
									],
									"uv_size": [
										0.75,
										-0.75
									]
								}
							}
						},
						{
							"origin": [
								0.7,
								0.25,
								0.2
							],
							"size": [
								0.8,
								0.12,
								0.8
							],
							"uv": {
								"north": {
									"uv": [
										50,
										30
									],
									"uv_size": [
										0.75,
										0.125
									]
								},
								"east": {
									"uv": [
										32,
										50
									],
									"uv_size": [
										0.75,
										0.125
									]
								},
								"south": {
									"uv": [
										50,
										38
									],
									"uv_size": [
										0.75,
										0.125
									]
								},
								"west": {
									"uv": [
										39,
										50
									],
									"uv_size": [
										0.75,
										0.125
									]
								},
								"up": {
									"uv": [
										8,
										43
									],
									"uv_size": [
										0.75,
										0.75
									]
								},
								"down": {
									"uv": [
										10,
										43.75
									],
									"uv_size": [
										0.75,
										-0.75
									]
								}
							}
						},
						{
							"origin": [
								1.7,
								0.25,
								0.2
							],
							"size": [
								0.8,
								0.12,
								0.8
							],
							"uv": {
								"north": {
									"uv": [
										41,
										50
									],
									"uv_size": [
										0.75,
										0.125
									]
								},
								"east": {
									"uv": [
										50,
										42
									],
									"uv_size": [
										0.75,
										0.125
									]
								},
								"south": {
									"uv": [
										43,
										50
									],
									"uv_size": [
										0.75,
										0.125
									]
								},
								"west": {
									"uv": [
										50,
										44
									],
									"uv_size": [
										0.75,
										0.125
									]
								},
								"up": {
									"uv": [
										36,
										43
									],
									"uv_size": [
										0.75,
										0.75
									]
								},
								"down": {
									"uv": [
										38,
										43.75
									],
									"uv_size": [
										0.75,
										-0.75
									]
								}
							}
						},
						{
							"origin": [
								2.7,
								0.25,
								0.2
							],
							"size": [
								0.8,
								0.12,
								0.8
							],
							"uv": {
								"north": {
									"uv": [
										45,
										50
									],
									"uv_size": [
										0.75,
										0.125
									]
								},
								"east": {
									"uv": [
										50,
										46
									],
									"uv_size": [
										0.75,
										0.125
									]
								},
								"south": {
									"uv": [
										47,
										50
									],
									"uv_size": [
										0.75,
										0.125
									]
								},
								"west": {
									"uv": [
										50,
										48
									],
									"uv_size": [
										0.75,
										0.125
									]
								},
								"up": {
									"uv": [
										44,
										8
									],
									"uv_size": [
										0.75,
										0.75
									]
								},
								"down": {
									"uv": [
										44,
										10.75
									],
									"uv_size": [
										0.75,
										-0.75
									]
								}
							}
						},
						{
							"origin": [
								3.7,
								0.25,
								0.2
							],
							"size": [
								0.8,
								0.12,
								0.8
							],
							"uv": {
								"north": {
									"uv": [
										49,
										50
									],
									"uv_size": [
										0.75,
										0.125
									]
								},
								"east": {
									"uv": [
										0,
										51
									],
									"uv_size": [
										0.75,
										0.125
									]
								},
								"south": {
									"uv": [
										2,
										51
									],
									"uv_size": [
										0.75,
										0.125
									]
								},
								"west": {
									"uv": [
										4,
										51
									],
									"uv_size": [
										0.75,
										0.125
									]
								},
								"up": {
									"uv": [
										12,
										44
									],
									"uv_size": [
										0.75,
										0.75
									]
								},
								"down": {
									"uv": [
										44,
										12.75
									],
									"uv_size": [
										0.75,
										-0.75
									]
								}
							}
						},
						{
							"origin": [
								4.7,
								0.25,
								-0.8
							],
							"size": [
								0.6,
								0.12,
								1.8
							],
							"uv": {
								"north": {
									"uv": [
										55,
										40
									],
									"uv_size": [
										0.625,
										0.125
									]
								},
								"east": {
									"uv": [
										48,
										22
									],
									"uv_size": [
										1.75,
										0.125
									]
								},
								"south": {
									"uv": [
										55,
										50
									],
									"uv_size": [
										0.625,
										0.125
									]
								},
								"west": {
									"uv": [
										23,
										48
									],
									"uv_size": [
										1.75,
										0.125
									]
								},
								"up": {
									"uv": [
										36,
										40
									],
									"uv_size": [
										0.625,
										1.75
									]
								},
								"down": {
									"uv": [
										38,
										41.75
									],
									"uv_size": [
										0.625,
										-1.75
									]
								}
							}
						},
						{
							"origin": [
								4.7,
								0.25,
								-1.8
							],
							"size": [
								0.6,
								0.12,
								0.8
							],
							"uv": {
								"north": {
									"uv": [
										56,
										0
									],
									"uv_size": [
										0.625,
										0.125
									]
								},
								"east": {
									"uv": [
										6,
										51
									],
									"uv_size": [
										0.75,
										0.125
									]
								},
								"south": {
									"uv": [
										56,
										2
									],
									"uv_size": [
										0.625,
										0.125
									]
								},
								"west": {
									"uv": [
										8,
										51
									],
									"uv_size": [
										0.75,
										0.125
									]
								},
								"up": {
									"uv": [
										46,
										18
									],
									"uv_size": [
										0.625,
										0.75
									]
								},
								"down": {
									"uv": [
										46,
										20.75
									],
									"uv_size": [
										0.625,
										-0.75
									]
								}
							}
						},
						{
							"origin": [
								-5.3,
								0.25,
								1.2
							],
							"size": [
								0.8,
								0.12,
								0.6
							],
							"uv": {
								"north": {
									"uv": [
										51,
										16
									],
									"uv_size": [
										0.75,
										0.125
									]
								},
								"east": {
									"uv": [
										56,
										4
									],
									"uv_size": [
										0.625,
										0.125
									]
								},
								"south": {
									"uv": [
										51,
										22
									],
									"uv_size": [
										0.75,
										0.125
									]
								},
								"west": {
									"uv": [
										56,
										6
									],
									"uv_size": [
										0.625,
										0.125
									]
								},
								"up": {
									"uv": [
										21,
										46
									],
									"uv_size": [
										0.75,
										0.625
									]
								},
								"down": {
									"uv": [
										46,
										22.625
									],
									"uv_size": [
										0.75,
										-0.625
									]
								}
							}
						},
						{
							"origin": [
								-4.3,
								0.25,
								1.2
							],
							"size": [
								0.8,
								0.12,
								0.6
							],
							"uv": {
								"north": {
									"uv": [
										51,
										24
									],
									"uv_size": [
										0.75,
										0.125
									]
								},
								"east": {
									"uv": [
										56,
										8
									],
									"uv_size": [
										0.625,
										0.125
									]
								},
								"south": {
									"uv": [
										51,
										26
									],
									"uv_size": [
										0.75,
										0.125
									]
								},
								"west": {
									"uv": [
										10,
										56
									],
									"uv_size": [
										0.625,
										0.125
									]
								},
								"up": {
									"uv": [
										23,
										46
									],
									"uv_size": [
										0.75,
										0.625
									]
								},
								"down": {
									"uv": [
										46,
										24.625
									],
									"uv_size": [
										0.75,
										-0.625
									]
								}
							}
						},
						{
							"origin": [
								-3.3,
								0.25,
								1.2
							],
							"size": [
								0.8,
								0.12,
								0.6
							],
							"uv": {
								"north": {
									"uv": [
										51,
										28
									],
									"uv_size": [
										0.75,
										0.125
									]
								},
								"east": {
									"uv": [
										56,
										10
									],
									"uv_size": [
										0.625,
										0.125
									]
								},
								"south": {
									"uv": [
										34,
										51
									],
									"uv_size": [
										0.75,
										0.125
									]
								},
								"west": {
									"uv": [
										12,
										56
									],
									"uv_size": [
										0.625,
										0.125
									]
								},
								"up": {
									"uv": [
										25,
										46
									],
									"uv_size": [
										0.75,
										0.625
									]
								},
								"down": {
									"uv": [
										46,
										26.625
									],
									"uv_size": [
										0.75,
										-0.625
									]
								}
							}
						},
						{
							"origin": [
								-2.3,
								0.25,
								1.2
							],
							"size": [
								0.8,
								0.12,
								0.6
							],
							"uv": {
								"north": {
									"uv": [
										36,
										51
									],
									"uv_size": [
										0.75,
										0.125
									]
								},
								"east": {
									"uv": [
										56,
										12
									],
									"uv_size": [
										0.625,
										0.125
									]
								},
								"south": {
									"uv": [
										51,
										36
									],
									"uv_size": [
										0.75,
										0.125
									]
								},
								"west": {
									"uv": [
										14,
										56
									],
									"uv_size": [
										0.625,
										0.125
									]
								},
								"up": {
									"uv": [
										27,
										46
									],
									"uv_size": [
										0.75,
										0.625
									]
								},
								"down": {
									"uv": [
										46,
										28.625
									],
									"uv_size": [
										0.75,
										-0.625
									]
								}
							}
						},
						{
							"origin": [
								-1.3,
								0.25,
								1.2
							],
							"size": [
								0.8,
								0.12,
								0.6
							],
							"uv": {
								"north": {
									"uv": [
										51,
										40
									],
									"uv_size": [
										0.75,
										0.125
									]
								},
								"east": {
									"uv": [
										56,
										14
									],
									"uv_size": [
										0.625,
										0.125
									]
								},
								"south": {
									"uv": [
										51,
										50
									],
									"uv_size": [
										0.75,
										0.125
									]
								},
								"west": {
									"uv": [
										16,
										56
									],
									"uv_size": [
										0.625,
										0.125
									]
								},
								"up": {
									"uv": [
										29,
										46
									],
									"uv_size": [
										0.75,
										0.625
									]
								},
								"down": {
									"uv": [
										46,
										30.625
									],
									"uv_size": [
										0.75,
										-0.625
									]
								}
							}
						},
						{
							"origin": [
								-0.3,
								0.25,
								1.2
							],
							"size": [
								0.8,
								0.12,
								0.6
							],
							"uv": {
								"north": {
									"uv": [
										52,
										0
									],
									"uv_size": [
										0.75,
										0.125
									]
								},
								"east": {
									"uv": [
										18,
										56
									],
									"uv_size": [
										0.625,
										0.125
									]
								},
								"south": {
									"uv": [
										52,
										2
									],
									"uv_size": [
										0.75,
										0.125
									]
								},
								"west": {
									"uv": [
										56,
										18
									],
									"uv_size": [
										0.625,
										0.125
									]
								},
								"up": {
									"uv": [
										31,
										46
									],
									"uv_size": [
										0.75,
										0.625
									]
								},
								"down": {
									"uv": [
										33,
										46.625
									],
									"uv_size": [
										0.75,
										-0.625
									]
								}
							}
						},
						{
							"origin": [
								0.7,
								0.25,
								1.2
							],
							"size": [
								0.8,
								0.12,
								0.6
							],
							"uv": {
								"north": {
									"uv": [
										52,
										4
									],
									"uv_size": [
										0.75,
										0.125
									]
								},
								"east": {
									"uv": [
										20,
										56
									],
									"uv_size": [
										0.625,
										0.125
									]
								},
								"south": {
									"uv": [
										52,
										6
									],
									"uv_size": [
										0.75,
										0.125
									]
								},
								"west": {
									"uv": [
										56,
										20
									],
									"uv_size": [
										0.625,
										0.125
									]
								},
								"up": {
									"uv": [
										46,
										38
									],
									"uv_size": [
										0.75,
										0.625
									]
								},
								"down": {
									"uv": [
										40,
										46.625
									],
									"uv_size": [
										0.75,
										-0.625
									]
								}
							}
						},
						{
							"origin": [
								1.7,
								0.25,
								1.2
							],
							"size": [
								0.8,
								0.12,
								0.6
							],
							"uv": {
								"north": {
									"uv": [
										52,
										8
									],
									"uv_size": [
										0.75,
										0.125
									]
								},
								"east": {
									"uv": [
										22,
										56
									],
									"uv_size": [
										0.625,
										0.125
									]
								},
								"south": {
									"uv": [
										10,
										52
									],
									"uv_size": [
										0.75,
										0.125
									]
								},
								"west": {
									"uv": [
										24,
										56
									],
									"uv_size": [
										0.625,
										0.125
									]
								},
								"up": {
									"uv": [
										42,
										46
									],
									"uv_size": [
										0.75,
										0.625
									]
								},
								"down": {
									"uv": [
										46,
										42.625
									],
									"uv_size": [
										0.75,
										-0.625
									]
								}
							}
						},
						{
							"origin": [
								2.7,
								0.25,
								1.2
							],
							"size": [
								0.8,
								0.12,
								0.6
							],
							"uv": {
								"north": {
									"uv": [
										52,
										10
									],
									"uv_size": [
										0.75,
										0.125
									]
								},
								"east": {
									"uv": [
										26,
										56
									],
									"uv_size": [
										0.625,
										0.125
									]
								},
								"south": {
									"uv": [
										12,
										52
									],
									"uv_size": [
										0.75,
										0.125
									]
								},
								"west": {
									"uv": [
										28,
										56
									],
									"uv_size": [
										0.625,
										0.125
									]
								},
								"up": {
									"uv": [
										44,
										46
									],
									"uv_size": [
										0.75,
										0.625
									]
								},
								"down": {
									"uv": [
										46,
										44.625
									],
									"uv_size": [
										0.75,
										-0.625
									]
								}
							}
						},
						{
							"origin": [
								3.7,
								0.25,
								1.2
							],
							"size": [
								0.8,
								0.12,
								0.6
							],
							"uv": {
								"north": {
									"uv": [
										52,
										12
									],
									"uv_size": [
										0.75,
										0.125
									]
								},
								"east": {
									"uv": [
										30,
										56
									],
									"uv_size": [
										0.625,
										0.125
									]
								},
								"south": {
									"uv": [
										14,
										52
									],
									"uv_size": [
										0.75,
										0.125
									]
								},
								"west": {
									"uv": [
										56,
										30
									],
									"uv_size": [
										0.625,
										0.125
									]
								},
								"up": {
									"uv": [
										46,
										46
									],
									"uv_size": [
										0.75,
										0.625
									]
								},
								"down": {
									"uv": [
										0,
										47.625
									],
									"uv_size": [
										0.75,
										-0.625
									]
								}
							}
						},
						{
							"origin": [
								4.5,
								0.25,
								1.2
							],
							"size": [
								0.8,
								0.12,
								0.6
							],
							"uv": {
								"north": {
									"uv": [
										52,
										14
									],
									"uv_size": [
										0.75,
										0.125
									]
								},
								"east": {
									"uv": [
										32,
										56
									],
									"uv_size": [
										0.625,
										0.125
									]
								},
								"south": {
									"uv": [
										16,
										52
									],
									"uv_size": [
										0.75,
										0.125
									]
								},
								"west": {
									"uv": [
										38,
										56
									],
									"uv_size": [
										0.625,
										0.125
									]
								},
								"up": {
									"uv": [
										2,
										47
									],
									"uv_size": [
										0.75,
										0.625
									]
								},
								"down": {
									"uv": [
										4,
										47.625
									],
									"uv_size": [
										0.75,
										-0.625
									]
								}
							}
						},
						{
							"origin": [
								-5.3,
								0.25,
								-0.8
							],
							"size": [
								0.8,
								0.12,
								0.8
							],
							"uv": {
								"north": {
									"uv": [
										18,
										52
									],
									"uv_size": [
										0.75,
										0.125
									]
								},
								"east": {
									"uv": [
										52,
										18
									],
									"uv_size": [
										0.75,
										0.125
									]
								},
								"south": {
									"uv": [
										20,
										52
									],
									"uv_size": [
										0.75,
										0.125
									]
								},
								"west": {
									"uv": [
										52,
										20
									],
									"uv_size": [
										0.75,
										0.125
									]
								},
								"up": {
									"uv": [
										14,
										44
									],
									"uv_size": [
										0.75,
										0.75
									]
								},
								"down": {
									"uv": [
										44,
										14.75
									],
									"uv_size": [
										0.75,
										-0.75
									]
								}
							}
						},
						{
							"origin": [
								-4.3,
								0.25,
								-0.8
							],
							"size": [
								0.8,
								0.12,
								0.8
							],
							"uv": {
								"north": {
									"uv": [
										22,
										52
									],
									"uv_size": [
										0.75,
										0.125
									]
								},
								"east": {
									"uv": [
										24,
										52
									],
									"uv_size": [
										0.75,
										0.125
									]
								},
								"south": {
									"uv": [
										26,
										52
									],
									"uv_size": [
										0.75,
										0.125
									]
								},
								"west": {
									"uv": [
										28,
										52
									],
									"uv_size": [
										0.75,
										0.125
									]
								},
								"up": {
									"uv": [
										16,
										44
									],
									"uv_size": [
										0.75,
										0.75
									]
								},
								"down": {
									"uv": [
										44,
										16.75
									],
									"uv_size": [
										0.75,
										-0.75
									]
								}
							}
						},
						{
							"origin": [
								-3.3,
								0.25,
								-0.8
							],
							"size": [
								0.8,
								0.12,
								0.8
							],
							"uv": {
								"north": {
									"uv": [
										30,
										52
									],
									"uv_size": [
										0.75,
										0.125
									]
								},
								"east": {
									"uv": [
										52,
										30
									],
									"uv_size": [
										0.75,
										0.125
									]
								},
								"south": {
									"uv": [
										32,
										52
									],
									"uv_size": [
										0.75,
										0.125
									]
								},
								"west": {
									"uv": [
										38,
										52
									],
									"uv_size": [
										0.75,
										0.125
									]
								},
								"up": {
									"uv": [
										18,
										44
									],
									"uv_size": [
										0.75,
										0.75
									]
								},
								"down": {
									"uv": [
										44,
										18.75
									],
									"uv_size": [
										0.75,
										-0.75
									]
								}
							}
						},
						{
							"origin": [
								-2.3,
								0.25,
								-0.8
							],
							"size": [
								0.8,
								0.12,
								0.8
							],
							"uv": {
								"north": {
									"uv": [
										52,
										38
									],
									"uv_size": [
										0.75,
										0.125
									]
								},
								"east": {
									"uv": [
										40,
										52
									],
									"uv_size": [
										0.75,
										0.125
									]
								},
								"south": {
									"uv": [
										42,
										52
									],
									"uv_size": [
										0.75,
										0.125
									]
								},
								"west": {
									"uv": [
										52,
										42
									],
									"uv_size": [
										0.75,
										0.125
									]
								},
								"up": {
									"uv": [
										20,
										44
									],
									"uv_size": [
										0.75,
										0.75
									]
								},
								"down": {
									"uv": [
										44,
										20.75
									],
									"uv_size": [
										0.75,
										-0.75
									]
								}
							}
						},
						{
							"origin": [
								-1.3,
								0.25,
								-0.8
							],
							"size": [
								0.8,
								0.12,
								0.8
							],
							"uv": {
								"north": {
									"uv": [
										44,
										52
									],
									"uv_size": [
										0.75,
										0.125
									]
								},
								"east": {
									"uv": [
										52,
										44
									],
									"uv_size": [
										0.75,
										0.125
									]
								},
								"south": {
									"uv": [
										46,
										52
									],
									"uv_size": [
										0.75,
										0.125
									]
								},
								"west": {
									"uv": [
										52,
										46
									],
									"uv_size": [
										0.75,
										0.125
									]
								},
								"up": {
									"uv": [
										22,
										44
									],
									"uv_size": [
										0.75,
										0.75
									]
								},
								"down": {
									"uv": [
										44,
										22.75
									],
									"uv_size": [
										0.75,
										-0.75
									]
								}
							}
						},
						{
							"origin": [
								-0.3,
								0.25,
								-0.8
							],
							"size": [
								0.8,
								0.12,
								0.8
							],
							"uv": {
								"north": {
									"uv": [
										48,
										52
									],
									"uv_size": [
										0.75,
										0.125
									]
								},
								"east": {
									"uv": [
										52,
										48
									],
									"uv_size": [
										0.75,
										0.125
									]
								},
								"south": {
									"uv": [
										50,
										52
									],
									"uv_size": [
										0.75,
										0.125
									]
								},
								"west": {
									"uv": [
										52,
										52
									],
									"uv_size": [
										0.75,
										0.125
									]
								},
								"up": {
									"uv": [
										24,
										44
									],
									"uv_size": [
										0.75,
										0.75
									]
								},
								"down": {
									"uv": [
										44,
										24.75
									],
									"uv_size": [
										0.75,
										-0.75
									]
								}
							}
						},
						{
							"origin": [
								0.7,
								0.25,
								-0.8
							],
							"size": [
								0.8,
								0.12,
								0.8
							],
							"uv": {
								"north": {
									"uv": [
										0,
										53
									],
									"uv_size": [
										0.75,
										0.125
									]
								},
								"east": {
									"uv": [
										2,
										53
									],
									"uv_size": [
										0.75,
										0.125
									]
								},
								"south": {
									"uv": [
										4,
										53
									],
									"uv_size": [
										0.75,
										0.125
									]
								},
								"west": {
									"uv": [
										6,
										53
									],
									"uv_size": [
										0.75,
										0.125
									]
								},
								"up": {
									"uv": [
										26,
										44
									],
									"uv_size": [
										0.75,
										0.75
									]
								},
								"down": {
									"uv": [
										44,
										26.75
									],
									"uv_size": [
										0.75,
										-0.75
									]
								}
							}
						},
						{
							"origin": [
								1.7,
								0.25,
								-0.8
							],
							"size": [
								0.8,
								0.12,
								0.8
							],
							"uv": {
								"north": {
									"uv": [
										8,
										53
									],
									"uv_size": [
										0.75,
										0.125
									]
								},
								"east": {
									"uv": [
										53,
										16
									],
									"uv_size": [
										0.75,
										0.125
									]
								},
								"south": {
									"uv": [
										53,
										22
									],
									"uv_size": [
										0.75,
										0.125
									]
								},
								"west": {
									"uv": [
										53,
										24
									],
									"uv_size": [
										0.75,
										0.125
									]
								},
								"up": {
									"uv": [
										28,
										44
									],
									"uv_size": [
										0.75,
										0.75
									]
								},
								"down": {
									"uv": [
										44,
										28.75
									],
									"uv_size": [
										0.75,
										-0.75
									]
								}
							}
						},
						{
							"origin": [
								1.7,
								0.25,
								-2.8
							],
							"size": [
								0.8,
								0.12,
								0.8
							],
							"uv": {
								"north": {
									"uv": [
										53,
										26
									],
									"uv_size": [
										0.75,
										0.125
									]
								},
								"east": {
									"uv": [
										53,
										28
									],
									"uv_size": [
										0.75,
										0.125
									]
								},
								"south": {
									"uv": [
										53,
										32
									],
									"uv_size": [
										0.75,
										0.125
									]
								},
								"west": {
									"uv": [
										34,
										53
									],
									"uv_size": [
										0.75,
										0.125
									]
								},
								"up": {
									"uv": [
										30,
										44
									],
									"uv_size": [
										0.75,
										0.75
									]
								},
								"down": {
									"uv": [
										44,
										30.75
									],
									"uv_size": [
										0.75,
										-0.75
									]
								}
							}
						},
						{
							"origin": [
								1.7,
								0.25,
								-1.8
							],
							"size": [
								2.8,
								0.12,
								0.8
							],
							"uv": {
								"north": {
									"uv": [
										48,
										10
									],
									"uv_size": [
										2.75,
										0.125
									]
								},
								"east": {
									"uv": [
										53,
										34
									],
									"uv_size": [
										0.75,
										0.125
									]
								},
								"south": {
									"uv": [
										11,
										48
									],
									"uv_size": [
										2.75,
										0.125
									]
								},
								"west": {
									"uv": [
										36,
										53
									],
									"uv_size": [
										0.75,
										0.125
									]
								},
								"up": {
									"uv": [
										14,
										31
									],
									"uv_size": [
										2.75,
										0.75
									]
								},
								"down": {
									"uv": [
										15,
										33.75
									],
									"uv_size": [
										2.75,
										-0.75
									]
								}
							}
						},
						{
							"origin": [
								2.7,
								0.25,
								-1.8
							],
							"size": [
								0.8,
								0.12,
								1.8
							],
							"uv": {
								"north": {
									"uv": [
										53,
										36
									],
									"uv_size": [
										0.75,
										0.125
									]
								},
								"east": {
									"uv": [
										48,
										24
									],
									"uv_size": [
										1.75,
										0.125
									]
								},
								"south": {
									"uv": [
										53,
										40
									],
									"uv_size": [
										0.75,
										0.125
									]
								},
								"west": {
									"uv": [
										26,
										48
									],
									"uv_size": [
										1.75,
										0.125
									]
								},
								"up": {
									"uv": [
										16,
										37
									],
									"uv_size": [
										0.75,
										1.75
									]
								},
								"down": {
									"uv": [
										18,
										38.75
									],
									"uv_size": [
										0.75,
										-1.75
									]
								}
							}
						},
						{
							"origin": [
								2.7,
								0.25,
								-2.8
							],
							"size": [
								0.8,
								0.12,
								0.8
							],
							"uv": {
								"north": {
									"uv": [
										53,
										50
									],
									"uv_size": [
										0.75,
										0.125
									]
								},
								"east": {
									"uv": [
										54,
										0
									],
									"uv_size": [
										0.75,
										0.125
									]
								},
								"south": {
									"uv": [
										54,
										2
									],
									"uv_size": [
										0.75,
										0.125
									]
								},
								"west": {
									"uv": [
										54,
										4
									],
									"uv_size": [
										0.75,
										0.125
									]
								},
								"up": {
									"uv": [
										32,
										44
									],
									"uv_size": [
										0.75,
										0.75
									]
								},
								"down": {
									"uv": [
										34,
										44.75
									],
									"uv_size": [
										0.75,
										-0.75
									]
								}
							}
						},
						{
							"origin": [
								3.7,
								0.25,
								-0.8
							],
							"size": [
								0.8,
								0.12,
								0.8
							],
							"uv": {
								"north": {
									"uv": [
										54,
										6
									],
									"uv_size": [
										0.75,
										0.125
									]
								},
								"east": {
									"uv": [
										54,
										8
									],
									"uv_size": [
										0.75,
										0.125
									]
								},
								"south": {
									"uv": [
										10,
										54
									],
									"uv_size": [
										0.75,
										0.125
									]
								},
								"west": {
									"uv": [
										54,
										10
									],
									"uv_size": [
										0.75,
										0.125
									]
								},
								"up": {
									"uv": [
										44,
										38
									],
									"uv_size": [
										0.75,
										0.75
									]
								},
								"down": {
									"uv": [
										40,
										44.75
									],
									"uv_size": [
										0.75,
										-0.75
									]
								}
							}
						},
						{
							"origin": [
								-5.3,
								0.25,
								-1.8
							],
							"size": [
								0.8,
								0.12,
								0.8
							],
							"uv": {
								"north": {
									"uv": [
										12,
										54
									],
									"uv_size": [
										0.75,
										0.125
									]
								},
								"east": {
									"uv": [
										54,
										12
									],
									"uv_size": [
										0.75,
										0.125
									]
								},
								"south": {
									"uv": [
										14,
										54
									],
									"uv_size": [
										0.75,
										0.125
									]
								},
								"west": {
									"uv": [
										54,
										14
									],
									"uv_size": [
										0.75,
										0.125
									]
								},
								"up": {
									"uv": [
										42,
										44
									],
									"uv_size": [
										0.75,
										0.75
									]
								},
								"down": {
									"uv": [
										44,
										42.75
									],
									"uv_size": [
										0.75,
										-0.75
									]
								}
							}
						},
						{
							"origin": [
								-4.3,
								0.25,
								-1.8
							],
							"size": [
								0.8,
								0.12,
								0.8
							],
							"uv": {
								"north": {
									"uv": [
										16,
										54
									],
									"uv_size": [
										0.75,
										0.125
									]
								},
								"east": {
									"uv": [
										18,
										54
									],
									"uv_size": [
										0.75,
										0.125
									]
								},
								"south": {
									"uv": [
										54,
										18
									],
									"uv_size": [
										0.75,
										0.125
									]
								},
								"west": {
									"uv": [
										20,
										54
									],
									"uv_size": [
										0.75,
										0.125
									]
								},
								"up": {
									"uv": [
										44,
										44
									],
									"uv_size": [
										0.75,
										0.75
									]
								},
								"down": {
									"uv": [
										0,
										45.75
									],
									"uv_size": [
										0.75,
										-0.75
									]
								}
							}
						},
						{
							"origin": [
								-3.3,
								0.25,
								-1.8
							],
							"size": [
								0.8,
								0.12,
								0.8
							],
							"uv": {
								"north": {
									"uv": [
										54,
										20
									],
									"uv_size": [
										0.75,
										0.125
									]
								},
								"east": {
									"uv": [
										22,
										54
									],
									"uv_size": [
										0.75,
										0.125
									]
								},
								"south": {
									"uv": [
										24,
										54
									],
									"uv_size": [
										0.75,
										0.125
									]
								},
								"west": {
									"uv": [
										26,
										54
									],
									"uv_size": [
										0.75,
										0.125
									]
								},
								"up": {
									"uv": [
										2,
										45
									],
									"uv_size": [
										0.75,
										0.75
									]
								},
								"down": {
									"uv": [
										4,
										45.75
									],
									"uv_size": [
										0.75,
										-0.75
									]
								}
							}
						},
						{
							"origin": [
								-2.3,
								0.25,
								-1.8
							],
							"size": [
								0.8,
								0.12,
								0.8
							],
							"uv": {
								"north": {
									"uv": [
										28,
										54
									],
									"uv_size": [
										0.75,
										0.125
									]
								},
								"east": {
									"uv": [
										30,
										54
									],
									"uv_size": [
										0.75,
										0.125
									]
								},
								"south": {
									"uv": [
										54,
										30
									],
									"uv_size": [
										0.75,
										0.125
									]
								},
								"west": {
									"uv": [
										32,
										54
									],
									"uv_size": [
										0.75,
										0.125
									]
								},
								"up": {
									"uv": [
										6,
										45
									],
									"uv_size": [
										0.75,
										0.75
									]
								},
								"down": {
									"uv": [
										8,
										45.75
									],
									"uv_size": [
										0.75,
										-0.75
									]
								}
							}
						},
						{
							"origin": [
								-1.3,
								0.25,
								-1.8
							],
							"size": [
								0.8,
								0.12,
								0.8
							],
							"uv": {
								"north": {
									"uv": [
										38,
										54
									],
									"uv_size": [
										0.75,
										0.125
									]
								},
								"east": {
									"uv": [
										54,
										38
									],
									"uv_size": [
										0.75,
										0.125
									]
								},
								"south": {
									"uv": [
										40,
										54
									],
									"uv_size": [
										0.75,
										0.125
									]
								},
								"west": {
									"uv": [
										42,
										54
									],
									"uv_size": [
										0.75,
										0.125
									]
								},
								"up": {
									"uv": [
										10,
										45
									],
									"uv_size": [
										0.75,
										0.75
									]
								},
								"down": {
									"uv": [
										36,
										45.75
									],
									"uv_size": [
										0.75,
										-0.75
									]
								}
							}
						},
						{
							"origin": [
								-0.3,
								0.25,
								-1.8
							],
							"size": [
								0.8,
								0.12,
								0.8
							],
							"uv": {
								"north": {
									"uv": [
										54,
										42
									],
									"uv_size": [
										0.75,
										0.125
									]
								},
								"east": {
									"uv": [
										44,
										54
									],
									"uv_size": [
										0.75,
										0.125
									]
								},
								"south": {
									"uv": [
										54,
										44
									],
									"uv_size": [
										0.75,
										0.125
									]
								},
								"west": {
									"uv": [
										46,
										54
									],
									"uv_size": [
										0.75,
										0.125
									]
								},
								"up": {
									"uv": [
										45,
										36
									],
									"uv_size": [
										0.75,
										0.75
									]
								},
								"down": {
									"uv": [
										38,
										45.75
									],
									"uv_size": [
										0.75,
										-0.75
									]
								}
							}
						},
						{
							"origin": [
								0.7,
								0.25,
								-1.8
							],
							"size": [
								0.8,
								0.12,
								0.8
							],
							"uv": {
								"north": {
									"uv": [
										54,
										46
									],
									"uv_size": [
										0.75,
										0.125
									]
								},
								"east": {
									"uv": [
										48,
										54
									],
									"uv_size": [
										0.75,
										0.125
									]
								},
								"south": {
									"uv": [
										54,
										48
									],
									"uv_size": [
										0.75,
										0.125
									]
								},
								"west": {
									"uv": [
										50,
										54
									],
									"uv_size": [
										0.75,
										0.125
									]
								},
								"up": {
									"uv": [
										45,
										40
									],
									"uv_size": [
										0.75,
										0.75
									]
								},
								"down": {
									"uv": [
										46,
										6.75
									],
									"uv_size": [
										0.75,
										-0.75
									]
								}
							}
						},
						{
							"origin": [
								-5.3,
								0.25,
								-2.8
							],
							"size": [
								0.8,
								0.12,
								0.8
							],
							"uv": {
								"north": {
									"uv": [
										52,
										54
									],
									"uv_size": [
										0.75,
										0.125
									]
								},
								"east": {
									"uv": [
										54,
										52
									],
									"uv_size": [
										0.75,
										0.125
									]
								},
								"south": {
									"uv": [
										54,
										54
									],
									"uv_size": [
										0.75,
										0.125
									]
								},
								"west": {
									"uv": [
										0,
										55
									],
									"uv_size": [
										0.75,
										0.125
									]
								},
								"up": {
									"uv": [
										46,
										8
									],
									"uv_size": [
										0.75,
										0.75
									]
								},
								"down": {
									"uv": [
										46,
										10.75
									],
									"uv_size": [
										0.75,
										-0.75
									]
								}
							}
						},
						{
							"origin": [
								-4.3,
								0.25,
								-2.8
							],
							"size": [
								0.8,
								0.12,
								0.8
							],
							"uv": {
								"north": {
									"uv": [
										2,
										55
									],
									"uv_size": [
										0.75,
										0.125
									]
								},
								"east": {
									"uv": [
										4,
										55
									],
									"uv_size": [
										0.75,
										0.125
									]
								},
								"south": {
									"uv": [
										6,
										55
									],
									"uv_size": [
										0.75,
										0.125
									]
								},
								"west": {
									"uv": [
										8,
										55
									],
									"uv_size": [
										0.75,
										0.125
									]
								},
								"up": {
									"uv": [
										12,
										46
									],
									"uv_size": [
										0.75,
										0.75
									]
								},
								"down": {
									"uv": [
										46,
										12.75
									],
									"uv_size": [
										0.75,
										-0.75
									]
								}
							}
						},
						{
							"origin": [
								-3.3,
								0.25,
								-2.8
							],
							"size": [
								3.8,
								0.12,
								0.8
							],
							"uv": {
								"north": {
									"uv": [
										6,
										47
									],
									"uv_size": [
										3.75,
										0.125
									]
								},
								"east": {
									"uv": [
										55,
										16
									],
									"uv_size": [
										0.75,
										0.125
									]
								},
								"south": {
									"uv": [
										35,
										47
									],
									"uv_size": [
										3.75,
										0.125
									]
								},
								"west": {
									"uv": [
										55,
										22
									],
									"uv_size": [
										0.75,
										0.125
									]
								},
								"up": {
									"uv": [
										4,
										31
									],
									"uv_size": [
										3.75,
										0.75
									]
								},
								"down": {
									"uv": [
										9,
										31.75
									],
									"uv_size": [
										3.75,
										-0.75
									]
								}
							}
						},
						{
							"origin": [
								0.7,
								0.25,
								-2.8
							],
							"size": [
								0.8,
								0.12,
								0.8
							],
							"uv": {
								"north": {
									"uv": [
										55,
										24
									],
									"uv_size": [
										0.75,
										0.125
									]
								},
								"east": {
									"uv": [
										55,
										26
									],
									"uv_size": [
										0.75,
										0.125
									]
								},
								"south": {
									"uv": [
										55,
										28
									],
									"uv_size": [
										0.75,
										0.125
									]
								},
								"west": {
									"uv": [
										55,
										32
									],
									"uv_size": [
										0.75,
										0.125
									]
								},
								"up": {
									"uv": [
										14,
										46
									],
									"uv_size": [
										0.75,
										0.75
									]
								},
								"down": {
									"uv": [
										46,
										14.75
									],
									"uv_size": [
										0.75,
										-0.75
									]
								}
							}
						},
						{
							"origin": [
								3.5,
								0.25,
								-2.8
							],
							"size": [
								1.8,
								0.12,
								0.8
							],
							"uv": {
								"north": {
									"uv": [
										48,
										26
									],
									"uv_size": [
										1.75,
										0.125
									]
								},
								"east": {
									"uv": [
										34,
										55
									],
									"uv_size": [
										0.75,
										0.125
									]
								},
								"south": {
									"uv": [
										48,
										28
									],
									"uv_size": [
										1.75,
										0.125
									]
								},
								"west": {
									"uv": [
										55,
										34
									],
									"uv_size": [
										0.75,
										0.125
									]
								},
								"up": {
									"uv": [
										14,
										40
									],
									"uv_size": [
										1.75,
										0.75
									]
								},
								"down": {
									"uv": [
										17,
										40.75
									],
									"uv_size": [
										1.75,
										-0.75
									]
								}
							}
						},
						{
							"origin": [
								5.5,
								0.25,
								-4
							],
							"size": [
								1,
								0.12,
								7
							],
							"uv": {
								"north": {
									"uv": [
										42,
										48
									],
									"uv_size": [
										1,
										0.125
									]
								},
								"east": {
									"uv": [
										0,
										41
									],
									"uv_size": [
										7,
										0.125
									]
								},
								"south": {
									"uv": [
										48,
										42
									],
									"uv_size": [
										1,
										0.125
									]
								},
								"west": {
									"uv": [
										42,
										0
									],
									"uv_size": [
										7,
										0.125
									]
								},
								"up": {
									"uv": [
										28,
										16
									],
									"uv_size": [
										1,
										7
									]
								},
								"down": {
									"uv": [
										28,
										31
									],
									"uv_size": [
										1,
										-7
									]
								}
							}
						},
						{
							"origin": [
								-6.5,
								0.25,
								-4
							],
							"size": [
								1,
								0.12,
								7
							],
							"uv": {
								"north": {
									"uv": [
										44,
										48
									],
									"uv_size": [
										1,
										0.125
									]
								},
								"east": {
									"uv": [
										42,
										2
									],
									"uv_size": [
										7,
										0.125
									]
								},
								"south": {
									"uv": [
										48,
										44
									],
									"uv_size": [
										1,
										0.125
									]
								},
								"west": {
									"uv": [
										42,
										4
									],
									"uv_size": [
										7,
										0.125
									]
								},
								"up": {
									"uv": [
										0,
										29
									],
									"uv_size": [
										1,
										7
									]
								},
								"down": {
									"uv": [
										2,
										36
									],
									"uv_size": [
										1,
										-7
									]
								}
							}
						},
						{
							"origin": [
								-6.5,
								0.4,
								-7
							],
							"size": [
								13,
								0.3,
								9.5
							],
							"uv": {
								"north": {
									"uv": [
										30,
										20
									],
									"uv_size": [
										13,
										0.25
									]
								},
								"east": {
									"uv": [
										33,
										8
									],
									"uv_size": [
										10,
										0.25
									]
								},
								"south": {
									"uv": [
										30,
										22
									],
									"uv_size": [
										13,
										0.25
									]
								},
								"west": {
									"uv": [
										33,
										10
									],
									"uv_size": [
										10,
										0.25
									]
								},
								"up": {
									"uv": [
										14,
										0
									],
									"uv_size": [
										13,
										10
									]
								},
								"down": {
									"uv": [
										14,
										21
									],
									"uv_size": [
										13,
										-10
									]
								}
							}
						},
						{
							"origin": [
								-0.3,
								0.8,
								-3.5
							],
							"size": [
								0.8,
								0.1,
								0.4
							],
							"uv": {
								"north": {
									"uv": [
										36,
										55
									],
									"uv_size": [
										0.75,
										0.125
									]
								},
								"east": {
									"uv": [
										44,
										56
									],
									"uv_size": [
										0.375,
										0.125
									]
								},
								"south": {
									"uv": [
										55,
										36
									],
									"uv_size": [
										0.75,
										0.125
									]
								},
								"west": {
									"uv": [
										56,
										44
									],
									"uv_size": [
										0.375,
										0.125
									]
								},
								"up": {
									"uv": [
										48,
										12
									],
									"uv_size": [
										0.75,
										0.375
									]
								},
								"down": {
									"uv": [
										48,
										14.375
									],
									"uv_size": [
										0.75,
										-0.375
									]
								}
							}
						},
						{
							"origin": [
								-0.2,
								0.8,
								-3.6
							],
							"size": [
								0.6,
								0.1,
								0.1
							],
							"uv": {
								"north": {
									"uv": [
										56,
										38
									],
									"uv_size": [
										0.625,
										0.125
									]
								},
								"east": {
									"uv": [
										58,
										2
									],
									"uv_size": [
										0.125,
										0.125
									]
								},
								"south": {
									"uv": [
										40,
										56
									],
									"uv_size": [
										0.625,
										0.125
									]
								},
								"west": {
									"uv": [
										58,
										4
									],
									"uv_size": [
										0.125,
										0.125
									]
								},
								"up": {
									"uv": [
										42,
										56
									],
									"uv_size": [
										0.625,
										0.125
									]
								},
								"down": {
									"uv": [
										56,
										42.125
									],
									"uv_size": [
										0.625,
										-0.125
									]
								}
							}
						},
						{
							"origin": [
								-0.1,
								0.8,
								-3.1
							],
							"size": [
								0.4,
								0.1,
								0.1
							],
							"uv": {
								"north": {
									"uv": [
										46,
										56
									],
									"uv_size": [
										0.375,
										0.125
									]
								},
								"east": {
									"uv": [
										58,
										6
									],
									"uv_size": [
										0.125,
										0.125
									]
								},
								"south": {
									"uv": [
										56,
										46
									],
									"uv_size": [
										0.375,
										0.125
									]
								},
								"west": {
									"uv": [
										58,
										8
									],
									"uv_size": [
										0.125,
										0.125
									]
								},
								"up": {
									"uv": [
										48,
										56
									],
									"uv_size": [
										0.375,
										0.125
									]
								},
								"down": {
									"uv": [
										56,
										48.125
									],
									"uv_size": [
										0.375,
										-0.125
									]
								}
							}
						},
						{
							"origin": [
								0.3,
								0.8,
								-3.1
							],
							"size": [
								0.1,
								0.1,
								0.2
							],
							"uv": {
								"north": {
									"uv": [
										10,
										58
									],
									"uv_size": [
										0.125,
										0.125
									]
								},
								"east": {
									"uv": [
										4,
										57
									],
									"uv_size": [
										0.25,
										0.125
									]
								},
								"south": {
									"uv": [
										58,
										10
									],
									"uv_size": [
										0.125,
										0.125
									]
								},
								"west": {
									"uv": [
										6,
										57
									],
									"uv_size": [
										0.25,
										0.125
									]
								},
								"up": {
									"uv": [
										8,
										57
									],
									"uv_size": [
										0.125,
										0.25
									]
								},
								"down": {
									"uv": [
										57,
										16.25
									],
									"uv_size": [
										0.125,
										-0.25
									]
								}
							}
						},
						{
							"origin": [
								-0.2,
								0.8,
								-3.1
							],
							"size": [
								0.1,
								0.1,
								0.2
							],
							"uv": {
								"north": {
									"uv": [
										12,
										58
									],
									"uv_size": [
										0.125,
										0.125
									]
								},
								"east": {
									"uv": [
										57,
										22
									],
									"uv_size": [
										0.25,
										0.125
									]
								},
								"south": {
									"uv": [
										58,
										12
									],
									"uv_size": [
										0.125,
										0.125
									]
								},
								"west": {
									"uv": [
										57,
										24
									],
									"uv_size": [
										0.25,
										0.125
									]
								},
								"up": {
									"uv": [
										57,
										26
									],
									"uv_size": [
										0.125,
										0.25
									]
								},
								"down": {
									"uv": [
										57,
										28.25
									],
									"uv_size": [
										0.125,
										-0.25
									]
								}
							}
						},
						{
							"origin": [
								0,
								0.8,
								-3
							],
							"size": [
								0.1,
								0.1,
								0.3
							],
							"uv": {
								"north": {
									"uv": [
										14,
										58
									],
									"uv_size": [
										0.125,
										0.125
									]
								},
								"east": {
									"uv": [
										57,
										32
									],
									"uv_size": [
										0.25,
										0.125
									]
								},
								"south": {
									"uv": [
										58,
										14
									],
									"uv_size": [
										0.125,
										0.125
									]
								},
								"west": {
									"uv": [
										34,
										57
									],
									"uv_size": [
										0.25,
										0.125
									]
								},
								"up": {
									"uv": [
										57,
										34
									],
									"uv_size": [
										0.125,
										0.25
									]
								},
								"down": {
									"uv": [
										36,
										57.25
									],
									"uv_size": [
										0.125,
										-0.25
									]
								}
							}
						},
						{
							"origin": [
								0.1,
								0.8,
								-3
							],
							"size": [
								0.1,
								0.1,
								0.3
							],
							"uv": {
								"north": {
									"uv": [
										16,
										58
									],
									"uv_size": [
										0.125,
										0.125
									]
								},
								"east": {
									"uv": [
										57,
										36
									],
									"uv_size": [
										0.25,
										0.125
									]
								},
								"south": {
									"uv": [
										18,
										58
									],
									"uv_size": [
										0.125,
										0.125
									]
								},
								"west": {
									"uv": [
										57,
										40
									],
									"uv_size": [
										0.25,
										0.125
									]
								},
								"up": {
									"uv": [
										57,
										50
									],
									"uv_size": [
										0.125,
										0.25
									]
								},
								"down": {
									"uv": [
										58,
										0.25
									],
									"uv_size": [
										0.125,
										-0.25
									]
								}
							}
						},
						{
							"origin": [
								-0.1,
								0.8,
								-3.7
							],
							"size": [
								0.4,
								0.1,
								0.1
							],
							"uv": {
								"north": {
									"uv": [
										50,
										56
									],
									"uv_size": [
										0.375,
										0.125
									]
								},
								"east": {
									"uv": [
										58,
										18
									],
									"uv_size": [
										0.125,
										0.125
									]
								},
								"south": {
									"uv": [
										52,
										56
									],
									"uv_size": [
										0.375,
										0.125
									]
								},
								"west": {
									"uv": [
										20,
										58
									],
									"uv_size": [
										0.125,
										0.125
									]
								},
								"up": {
									"uv": [
										56,
										52
									],
									"uv_size": [
										0.375,
										0.125
									]
								},
								"down": {
									"uv": [
										54,
										56.125
									],
									"uv_size": [
										0.375,
										-0.125
									]
								}
							}
						},
						{
							"origin": [
								-3.5,
								1.69,
								1.6
							],
							"size": [
								7,
								0.3,
								0.6
							],
							"pivot": [
								0.5,
								0,
								0
							],
							"rotation": [
								-35,
								0,
								0
							],
							"uv": {
								"north": {
									"uv": [
										0,
										37
									],
									"uv_size": [
										7,
										0.25
									]
								},
								"east": {
									"uv": [
										48,
										20
									],
									"uv_size": [
										1,
										0.25
									]
								},
								"south": {
									"uv": [
										8,
										37
									],
									"uv_size": [
										7,
										0.25
									]
								},
								"west": {
									"uv": [
										21,
										48
									],
									"uv_size": [
										1,
										0.25
									]
								},
								"up": {
									"uv": [
										4,
										29
									],
									"uv_size": [
										7,
										1
									]
								},
								"down": {
									"uv": [
										12,
										30
									],
									"uv_size": [
										7,
										-1
									]
								}
							}
						},
						{
							"origin": [
								-6.5,
								-1.6,
								1.92
							],
							"size": [
								3,
								0.3,
								0.65
							],
							"pivot": [
								-9.5,
								0,
								0
							],
							"rotation": [
								40,
								0,
								0
							],
							"uv": {
								"north": {
									"uv": [
										8,
										41
									],
									"uv_size": [
										3,
										0.25
									]
								},
								"east": {
									"uv": [
										29,
										48
									],
									"uv_size": [
										0.625,
										0.25
									]
								},
								"south": {
									"uv": [
										42,
										6
									],
									"uv_size": [
										3,
										0.25
									]
								},
								"west": {
									"uv": [
										48,
										30
									],
									"uv_size": [
										0.625,
										0.25
									]
								},
								"up": {
									"uv": [
										15,
										35
									],
									"uv_size": [
										3,
										0.625
									]
								},
								"down": {
									"uv": [
										28,
										36.625
									],
									"uv_size": [
										3,
										-0.625
									]
								}
							}
						},
						{
							"origin": [
								-6.5,
								0,
								2.9
							],
							"size": [
								3,
								0.425,
								0.1
							],
							"uv": {
								"north": {
									"uv": [
										20,
										40
									],
									"uv_size": [
										3,
										0.375
									]
								},
								"east": {
									"uv": [
										56,
										54
									],
									"uv_size": [
										0.125,
										0.375
									]
								},
								"south": {
									"uv": [
										24,
										40
									],
									"uv_size": [
										3,
										0.375
									]
								},
								"west": {
									"uv": [
										56,
										56
									],
									"uv_size": [
										0.125,
										0.375
									]
								},
								"up": {
									"uv": [
										47,
										36
									],
									"uv_size": [
										3,
										0.125
									]
								},
								"down": {
									"uv": [
										47,
										40.125
									],
									"uv_size": [
										3,
										-0.125
									]
								}
							}
						},
						{
							"origin": [
								3.5,
								0,
								2.9
							],
							"size": [
								3,
								0.425,
								0.1
							],
							"uv": {
								"north": {
									"uv": [
										28,
										40
									],
									"uv_size": [
										3,
										0.375
									]
								},
								"east": {
									"uv": [
										0,
										57
									],
									"uv_size": [
										0.125,
										0.375
									]
								},
								"south": {
									"uv": [
										32,
										40
									],
									"uv_size": [
										3,
										0.375
									]
								},
								"west": {
									"uv": [
										2,
										57
									],
									"uv_size": [
										0.125,
										0.375
									]
								},
								"up": {
									"uv": [
										48,
										6
									],
									"uv_size": [
										3,
										0.125
									]
								},
								"down": {
									"uv": [
										48,
										8.125
									],
									"uv_size": [
										3,
										-0.125
									]
								}
							}
						},
						{
							"origin": [
								3.5,
								-1.6,
								1.92
							],
							"size": [
								3,
								0.3,
								0.65
							],
							"pivot": [
								0.5,
								0,
								0
							],
							"rotation": [
								40,
								0,
								0
							],
							"uv": {
								"north": {
									"uv": [
										12,
										42
									],
									"uv_size": [
										3,
										0.25
									]
								},
								"east": {
									"uv": [
										31,
										48
									],
									"uv_size": [
										0.625,
										0.25
									]
								},
								"south": {
									"uv": [
										16,
										42
									],
									"uv_size": [
										3,
										0.25
									]
								},
								"west": {
									"uv": [
										33,
										48
									],
									"uv_size": [
										0.625,
										0.25
									]
								},
								"up": {
									"uv": [
										32,
										36
									],
									"uv_size": [
										3,
										0.625
									]
								},
								"down": {
									"uv": [
										36,
										36.625
									],
									"uv_size": [
										3,
										-0.625
									]
								}
							}
						}
					]
				}
			]
		}
	]
}