{
	"format_version": "1.12.0",
	"minecraft:geometry": [
		{
			"description": {
				"identifier": "geometry.gamer_chair_green",
				"texture_width": 64,
				"texture_height": 64,
				"visible_bounds_width": 2,
				"visible_bounds_height": 2.5,
				"visible_bounds_offset": [
					0,
					0.75,
					0
				]
			},
			"bones": [
				{
					"name": "bb_main",
					"pivot": [
						0,
						0,
						0
					],
					"cubes": [
						{
							"origin": [
								-0.8,
								0,
								-5
							],
							"size": [
								1.6,
								2,
								2
							],
							"uv": {
								"north": {
									"uv": [
										40,
										4
									],
									"uv_size": [
										2,
										2
									]
								},
								"east": {
									"uv": [
										10,
										40
									],
									"uv_size": [
										2,
										2
									]
								},
								"south": {
									"uv": [
										40,
										39
									],
									"uv_size": [
										2,
										2
									]
								},
								"west": {
									"uv": [
										41,
										9
									],
									"uv_size": [
										2,
										2
									]
								},
								"up": {
									"uv": [
										41,
										11
									],
									"uv_size": [
										2,
										2
									]
								},
								"down": {
									"uv": [
										12,
										43
									],
									"uv_size": [
										2,
										-2
									]
								}
							}
						},
						{
							"origin": [
								-1,
								-0.1,
								-5.1
							],
							"size": [
								0.8,
								2.2,
								2.2
							],
							"uv": {
								"north": {
									"uv": [
										46,
										41
									],
									"uv_size": [
										0.75,
										2.25
									]
								},
								"east": {
									"uv": [
										38,
										9
									],
									"uv_size": [
										2.25,
										2.25
									]
								},
								"south": {
									"uv": [
										45,
										46
									],
									"uv_size": [
										0.75,
										2.25
									]
								},
								"west": {
									"uv": [
										38,
										12
									],
									"uv_size": [
										2.25,
										2.25
									]
								},
								"up": {
									"uv": [
										46,
										46
									],
									"uv_size": [
										0.75,
										2.25
									]
								},
								"down": {
									"uv": [
										3,
										49.25
									],
									"uv_size": [
										0.75,
										-2.25
									]
								}
							}
						},
						{
							"origin": [
								0.2,
								-0.1,
								-5.1
							],
							"size": [
								0.8,
								2.2,
								2.2
							],
							"uv": {
								"north": {
									"uv": [
										4,
										47
									],
									"uv_size": [
										0.75,
										2.25
									]
								},
								"east": {
									"uv": [
										38,
										15
									],
									"uv_size": [
										2.25,
										2.25
									]
								},
								"south": {
									"uv": [
										5,
										47
									],
									"uv_size": [
										0.75,
										2.25
									]
								},
								"west": {
									"uv": [
										34,
										38
									],
									"uv_size": [
										2.25,
										2.25
									]
								},
								"up": {
									"uv": [
										6,
										47
									],
									"uv_size": [
										0.75,
										2.25
									]
								},
								"down": {
									"uv": [
										11,
										49.25
									],
									"uv_size": [
										0.75,
										-2.25
									]
								}
							}
						},
						{
							"origin": [
								-0.8,
								0,
								5
							],
							"size": [
								1.6,
								2,
								2
							],
							"uv": {
								"north": {
									"uv": [
										38,
										41
									],
									"uv_size": [
										2,
										2
									]
								},
								"east": {
									"uv": [
										40,
										41
									],
									"uv_size": [
										2,
										2
									]
								},
								"south": {
									"uv": [
										42,
										4
									],
									"uv_size": [
										2,
										2
									]
								},
								"west": {
									"uv": [
										10,
										42
									],
									"uv_size": [
										2,
										2
									]
								},
								"up": {
									"uv": [
										16,
										42
									],
									"uv_size": [
										2,
										2
									]
								},
								"down": {
									"uv": [
										18,
										44
									],
									"uv_size": [
										2,
										-2
									]
								}
							}
						},
						{
							"origin": [
								-1,
								-0.1,
								4.9
							],
							"size": [
								0.8,
								2.2,
								2.2
							],
							"uv": {
								"north": {
									"uv": [
										0,
										48
									],
									"uv_size": [
										0.75,
										2.25
									]
								},
								"east": {
									"uv": [
										5,
										40
									],
									"uv_size": [
										2.25,
										2.25
									]
								},
								"south": {
									"uv": [
										48,
										0
									],
									"uv_size": [
										0.75,
										2.25
									]
								},
								"west": {
									"uv": [
										40,
										20
									],
									"uv_size": [
										2.25,
										2.25
									]
								},
								"up": {
									"uv": [
										1,
										48
									],
									"uv_size": [
										0.75,
										2.25
									]
								},
								"down": {
									"uv": [
										2,
										50.25
									],
									"uv_size": [
										0.75,
										-2.25
									]
								}
							}
						},
						{
							"origin": [
								0.2,
								-0.1,
								4.9
							],
							"size": [
								0.8,
								2.2,
								2.2
							],
							"uv": {
								"north": {
									"uv": [
										47,
										42
									],
									"uv_size": [
										0.75,
										2.25
									]
								},
								"east": {
									"uv": [
										25,
										39
									],
									"uv_size": [
										2.25,
										2.25
									]
								},
								"south": {
									"uv": [
										43,
										47
									],
									"uv_size": [
										0.75,
										2.25
									]
								},
								"west": {
									"uv": [
										2,
										40
									],
									"uv_size": [
										2.25,
										2.25
									]
								},
								"up": {
									"uv": [
										44,
										47
									],
									"uv_size": [
										0.75,
										2.25
									]
								},
								"down": {
									"uv": [
										47,
										47.25
									],
									"uv_size": [
										0.75,
										-2.25
									]
								}
							}
						},
						{
							"origin": [
								-1.8,
								0,
								4
							],
							"size": [
								1.6,
								2,
								2
							],
							"pivot": [
								0,
								0,
								0
							],
							"rotation": [
								0,
								90,
								0
							],
							"uv": {
								"north": {
									"uv": [
										41,
										13
									],
									"uv_size": [
										2,
										2
									]
								},
								"east": {
									"uv": [
										14,
										41
									],
									"uv_size": [
										2,
										2
									]
								},
								"south": {
									"uv": [
										41,
										15
									],
									"uv_size": [
										2,
										2
									]
								},
								"west": {
									"uv": [
										41,
										17
									],
									"uv_size": [
										2,
										2
									]
								},
								"up": {
									"uv": [
										34,
										41
									],
									"uv_size": [
										2,
										2
									]
								},
								"down": {
									"uv": [
										36,
										43
									],
									"uv_size": [
										2,
										-2
									]
								}
							}
						},
						{
							"origin": [
								-2,
								-0.1,
								3.9
							],
							"size": [
								0.8,
								2.2,
								2.2
							],
							"pivot": [
								0,
								0,
								0
							],
							"rotation": [
								0,
								90,
								0
							],
							"uv": {
								"north": {
									"uv": [
										27,
										47
									],
									"uv_size": [
										0.75,
										2.25
									]
								},
								"east": {
									"uv": [
										19,
										39
									],
									"uv_size": [
										2.25,
										2.25
									]
								},
								"south": {
									"uv": [
										47,
										32
									],
									"uv_size": [
										0.75,
										2.25
									]
								},
								"west": {
									"uv": [
										22,
										39
									],
									"uv_size": [
										2.25,
										2.25
									]
								},
								"up": {
									"uv": [
										47,
										39
									],
									"uv_size": [
										0.75,
										2.25
									]
								},
								"down": {
									"uv": [
										42,
										49.25
									],
									"uv_size": [
										0.75,
										-2.25
									]
								}
							}
						},
						{
							"origin": [
								-0.8,
								-0.1,
								3.9
							],
							"size": [
								0.8,
								2.2,
								2.2
							],
							"pivot": [
								0,
								0,
								0
							],
							"rotation": [
								0,
								90,
								0
							],
							"uv": {
								"north": {
									"uv": [
										14,
										47
									],
									"uv_size": [
										0.75,
										2.25
									]
								},
								"east": {
									"uv": [
										37,
										38
									],
									"uv_size": [
										2.25,
										2.25
									]
								},
								"south": {
									"uv": [
										47,
										15
									],
									"uv_size": [
										0.75,
										2.25
									]
								},
								"west": {
									"uv": [
										16,
										39
									],
									"uv_size": [
										2.25,
										2.25
									]
								},
								"up": {
									"uv": [
										47,
										20
									],
									"uv_size": [
										0.75,
										2.25
									]
								},
								"down": {
									"uv": [
										26,
										49.25
									],
									"uv_size": [
										0.75,
										-2.25
									]
								}
							}
						},
						{
							"origin": [
								-0.8,
								-0.1,
								-6.1
							],
							"size": [
								0.8,
								2.2,
								2.2
							],
							"pivot": [
								0,
								0,
								0
							],
							"rotation": [
								0,
								90,
								0
							],
							"uv": {
								"north": {
									"uv": [
										12,
										48
									],
									"uv_size": [
										0.75,
										2.25
									]
								},
								"east": {
									"uv": [
										28,
										40
									],
									"uv_size": [
										2.25,
										2.25
									]
								},
								"south": {
									"uv": [
										48,
										12
									],
									"uv_size": [
										0.75,
										2.25
									]
								},
								"west": {
									"uv": [
										40,
										36
									],
									"uv_size": [
										2.25,
										2.25
									]
								},
								"up": {
									"uv": [
										15,
										48
									],
									"uv_size": [
										0.75,
										2.25
									]
								},
								"down": {
									"uv": [
										48,
										17.25
									],
									"uv_size": [
										0.75,
										-2.25
									]
								}
							}
						},
						{
							"origin": [
								-2,
								-0.1,
								-6.1
							],
							"size": [
								0.8,
								2.2,
								2.2
							],
							"pivot": [
								0,
								0,
								0
							],
							"rotation": [
								0,
								90,
								0
							],
							"uv": {
								"north": {
									"uv": [
										48,
										3
									],
									"uv_size": [
										0.75,
										2.25
									]
								},
								"east": {
									"uv": [
										40,
										23
									],
									"uv_size": [
										2.25,
										2.25
									]
								},
								"south": {
									"uv": [
										48,
										6
									],
									"uv_size": [
										0.75,
										2.25
									]
								},
								"west": {
									"uv": [
										40,
										26
									],
									"uv_size": [
										2.25,
										2.25
									]
								},
								"up": {
									"uv": [
										7,
										48
									],
									"uv_size": [
										0.75,
										2.25
									]
								},
								"down": {
									"uv": [
										48,
										11.25
									],
									"uv_size": [
										0.75,
										-2.25
									]
								}
							}
						},
						{
							"origin": [
								-1.9,
								0,
								-6
							],
							"size": [
								1.7,
								2,
								2
							],
							"pivot": [
								0,
								0,
								0
							],
							"rotation": [
								0,
								90,
								0
							],
							"uv": {
								"north": {
									"uv": [
										25,
										42
									],
									"uv_size": [
										2,
										2
									]
								},
								"east": {
									"uv": [
										42,
										34
									],
									"uv_size": [
										2,
										2
									]
								},
								"south": {
									"uv": [
										42,
										39
									],
									"uv_size": [
										2,
										2
									]
								},
								"west": {
									"uv": [
										42,
										41
									],
									"uv_size": [
										2,
										2
									]
								},
								"up": {
									"uv": [
										0,
										43
									],
									"uv_size": [
										2,
										2
									]
								},
								"down": {
									"uv": [
										2,
										45
									],
									"uv_size": [
										2,
										-2
									]
								}
							}
						},
						{
							"origin": [
								-0.5,
								1,
								1
							],
							"size": [
								1,
								1,
								4
							],
							"pivot": [
								0,
								0,
								0
							],
							"rotation": [
								-4,
								0,
								0
							],
							"uv": {
								"north": {
									"uv": [
										30,
										39
									],
									"uv_size": [
										1,
										1
									]
								},
								"east": {
									"uv": [
										40,
										29
									],
									"uv_size": [
										4,
										1
									]
								},
								"south": {
									"uv": [
										48,
										47
									],
									"uv_size": [
										1,
										1
									]
								},
								"west": {
									"uv": [
										20,
										42
									],
									"uv_size": [
										4,
										1
									]
								},
								"up": {
									"uv": [
										31,
										39
									],
									"uv_size": [
										1,
										4
									]
								},
								"down": {
									"uv": [
										24,
										46
									],
									"uv_size": [
										1,
										-4
									]
								}
							}
						},
						{
							"origin": [
								-0.5,
								1,
								-3
							],
							"size": [
								1,
								1,
								4
							],
							"pivot": [
								0,
								0,
								0
							],
							"rotation": [
								4,
								0,
								0
							],
							"uv": {
								"north": {
									"uv": [
										49,
										3
									],
									"uv_size": [
										1,
										1
									]
								},
								"east": {
									"uv": [
										20,
										43
									],
									"uv_size": [
										4,
										1
									]
								},
								"south": {
									"uv": [
										49,
										4
									],
									"uv_size": [
										1,
										1
									]
								},
								"west": {
									"uv": [
										43,
										20
									],
									"uv_size": [
										4,
										1
									]
								},
								"up": {
									"uv": [
										27,
										42
									],
									"uv_size": [
										1,
										4
									]
								},
								"down": {
									"uv": [
										14,
										47
									],
									"uv_size": [
										1,
										-4
									]
								}
							}
						},
						{
							"origin": [
								0,
								1,
								0.6
							],
							"size": [
								4,
								1,
								1
							],
							"pivot": [
								0,
								0,
								0
							],
							"rotation": [
								0,
								0,
								4
							],
							"uv": {
								"north": {
									"uv": [
										42,
										30
									],
									"uv_size": [
										4,
										1
									]
								},
								"east": {
									"uv": [
										48,
										48
									],
									"uv_size": [
										1,
										1
									]
								},
								"south": {
									"uv": [
										42,
										31
									],
									"uv_size": [
										4,
										1
									]
								},
								"west": {
									"uv": [
										49,
										0
									],
									"uv_size": [
										1,
										1
									]
								},
								"up": {
									"uv": [
										42,
										32
									],
									"uv_size": [
										4,
										1
									]
								},
								"down": {
									"uv": [
										42,
										34
									],
									"uv_size": [
										4,
										-1
									]
								}
							}
						},
						{
							"origin": [
								-4,
								1,
								0.6
							],
							"size": [
								4,
								1,
								1
							],
							"pivot": [
								0,
								0,
								0
							],
							"rotation": [
								0,
								0,
								-4
							],
							"uv": {
								"north": {
									"uv": [
										43,
										15
									],
									"uv_size": [
										4,
										1
									]
								},
								"east": {
									"uv": [
										49,
										1
									],
									"uv_size": [
										1,
										1
									]
								},
								"south": {
									"uv": [
										43,
										16
									],
									"uv_size": [
										4,
										1
									]
								},
								"west": {
									"uv": [
										49,
										2
									],
									"uv_size": [
										1,
										1
									]
								},
								"up": {
									"uv": [
										43,
										17
									],
									"uv_size": [
										4,
										1
									]
								},
								"down": {
									"uv": [
										43,
										19
									],
									"uv_size": [
										4,
										-1
									]
								}
							}
						},
						{
							"origin": [
								-1,
								0.7,
								0.1
							],
							"size": [
								2,
								2,
								2
							],
							"uv": {
								"north": {
									"uv": [
										4,
										43
									],
									"uv_size": [
										2,
										2
									]
								},
								"east": {
									"uv": [
										6,
										43
									],
									"uv_size": [
										2,
										2
									]
								},
								"south": {
									"uv": [
										43,
										9
									],
									"uv_size": [
										2,
										2
									]
								},
								"west": {
									"uv": [
										43,
										11
									],
									"uv_size": [
										2,
										2
									]
								},
								"up": {
									"uv": [
										12,
										43
									],
									"uv_size": [
										2,
										2
									]
								},
								"down": {
									"uv": [
										43,
										15
									],
									"uv_size": [
										2,
										-2
									]
								}
							}
						},
						{
							"origin": [
								-2,
								8,
								-0.9
							],
							"size": [
								4,
								1.7,
								4
							],
							"uv": {
								"north": {
									"uv": [
										36,
										4
									],
									"uv_size": [
										4,
										1.75
									]
								},
								"east": {
									"uv": [
										36,
										24
									],
									"uv_size": [
										4,
										1.75
									]
								},
								"south": {
									"uv": [
										36,
										26
									],
									"uv_size": [
										4,
										1.75
									]
								},
								"west": {
									"uv": [
										36,
										28
									],
									"uv_size": [
										4,
										1.75
									]
								},
								"up": {
									"uv": [
										8,
										22
									],
									"uv_size": [
										4,
										4
									]
								},
								"down": {
									"uv": [
										12,
										26
									],
									"uv_size": [
										4,
										-4
									]
								}
							}
						},
						{
							"origin": [
								-0.8,
								2.6,
								0.3
							],
							"size": [
								1.6,
								7.1,
								1.6
							],
							"uv": {
								"north": {
									"uv": [
										2,
										31
									],
									"uv_size": [
										1.5,
										7
									]
								},
								"east": {
									"uv": [
										4,
										31
									],
									"uv_size": [
										1.5,
										7
									]
								},
								"south": {
									"uv": [
										6,
										31
									],
									"uv_size": [
										1.5,
										7
									]
								},
								"west": {
									"uv": [
										32,
										24
									],
									"uv_size": [
										1.5,
										7
									]
								},
								"up": {
									"uv": [
										3,
										45
									],
									"uv_size": [
										1.5,
										1.5
									]
								},
								"down": {
									"uv": [
										5,
										46.5
									],
									"uv_size": [
										1.5,
										-1.5
									]
								}
							}
						},
						{
							"origin": [
								-5,
								8.6,
								-5
							],
							"size": [
								10,
								1.4,
								10
							],
							"uv": {
								"north": {
									"uv": [
										28,
										6
									],
									"uv_size": [
										10,
										1.5
									]
								},
								"east": {
									"uv": [
										28,
										8
									],
									"uv_size": [
										10,
										1.5
									]
								},
								"south": {
									"uv": [
										28,
										10
									],
									"uv_size": [
										10,
										1.5
									]
								},
								"west": {
									"uv": [
										28,
										12
									],
									"uv_size": [
										10,
										1.5
									]
								},
								"up": {
									"uv": [
										0,
										12
									],
									"uv_size": [
										10,
										10
									]
								},
								"down": {
									"uv": [
										10,
										22
									],
									"uv_size": [
										10,
										-10
									]
								}
							}
						},
						{
							"origin": [
								-3.7,
								9.5,
								-4.4
							],
							"size": [
								7.5,
								0.7,
								9.4
							],
							"pivot": [
								0,
								0,
								0
							],
							"rotation": [
								0.5,
								0,
								0
							],
							"uv": {
								"north": {
									"uv": [
										36,
										19
									],
									"uv_size": [
										7.5,
										0.75
									]
								},
								"east": {
									"uv": [
										36,
										2
									],
									"uv_size": [
										10,
										0.75
									]
								},
								"south": {
									"uv": [
										38,
										6
									],
									"uv_size": [
										7.5,
										0.75
									]
								},
								"west": {
									"uv": [
										36,
										3
									],
									"uv_size": [
										10,
										0.75
									]
								},
								"up": {
									"uv": [
										20,
										0
									],
									"uv_size": [
										7.5,
										10
									]
								},
								"down": {
									"uv": [
										20,
										20
									],
									"uv_size": [
										7.5,
										-10
									]
								}
							}
						},
						{
							"origin": [
								-3.3,
								9.5,
								-4.9
							],
							"size": [
								6.6,
								0.7,
								0.5
							],
							"pivot": [
								0,
								0,
								0
							],
							"rotation": [
								0.5,
								0,
								0
							],
							"uv": {
								"north": {
									"uv": [
										36,
										19
									],
									"uv_size": [
										7.5,
										0.75
									]
								},
								"east": {
									"uv": [
										36,
										2
									],
									"uv_size": [
										10,
										0.75
									]
								},
								"south": {
									"uv": [
										38,
										6
									],
									"uv_size": [
										7.5,
										0.75
									]
								},
								"west": {
									"uv": [
										36,
										3
									],
									"uv_size": [
										10,
										0.75
									]
								},
								"up": {
									"uv": [
										20,
										0
									],
									"uv_size": [
										7.5,
										10
									]
								},
								"down": {
									"uv": [
										20,
										20
									],
									"uv_size": [
										7.5,
										-10
									]
								}
							}
						},
						{
							"origin": [
								-4,
								8.6,
								-6.1
							],
							"size": [
								8,
								1.4,
								1.1
							],
							"uv": {
								"north": {
									"uv": [
										32,
										20
									],
									"uv_size": [
										8,
										1.5
									]
								},
								"east": {
									"uv": [
										25,
										48
									],
									"uv_size": [
										1,
										1.5
									]
								},
								"south": {
									"uv": [
										32,
										22
									],
									"uv_size": [
										8,
										1.5
									]
								},
								"west": {
									"uv": [
										29,
										48
									],
									"uv_size": [
										1,
										1.5
									]
								},
								"up": {
									"uv": [
										36,
										0
									],
									"uv_size": [
										8,
										1
									]
								},
								"down": {
									"uv": [
										36,
										2
									],
									"uv_size": [
										8,
										-1
									]
								}
							}
						},
						{
							"origin": [
								0,
								8.6,
								-7.1
							],
							"size": [
								1.6,
								1.4,
								1.4
							],
							"pivot": [
								0,
								0,
								0
							],
							"rotation": [
								0,
								45,
								0
							],
							"uv": {
								"north": {
									"uv": [
										45,
										27
									],
									"uv_size": [
										1.5,
										1.5
									]
								},
								"east": {
									"uv": [
										42,
										45
									],
									"uv_size": [
										1.5,
										1.5
									]
								},
								"south": {
									"uv": [
										45,
										44
									],
									"uv_size": [
										1.5,
										1.5
									]
								},
								"west": {
									"uv": [
										46,
										0
									],
									"uv_size": [
										1.5,
										1.5
									]
								},
								"up": {
									"uv": [
										46,
										2
									],
									"uv_size": [
										1.5,
										1.5
									]
								},
								"down": {
									"uv": [
										46,
										5.5
									],
									"uv_size": [
										1.5,
										-1.5
									]
								}
							}
						},
						{
							"origin": [
								-5,
								9,
								5
							],
							"size": [
								10,
								12,
								1
							],
							"uv": {
								"north": {
									"uv": [
										0,
										0
									],
									"uv_size": [
										10,
										12
									]
								},
								"east": {
									"uv": [
										0,
										31
									],
									"uv_size": [
										1,
										12
									]
								},
								"south": {
									"uv": [
										10,
										0
									],
									"uv_size": [
										10,
										12
									]
								},
								"west": {
									"uv": [
										1,
										31
									],
									"uv_size": [
										1,
										12
									]
								},
								"up": {
									"uv": [
										32,
										31
									],
									"uv_size": [
										10,
										1
									]
								},
								"down": {
									"uv": [
										32,
										33
									],
									"uv_size": [
										10,
										-1
									]
								}
							}
						},
						{
							"origin": [
								-5.3,
								19.8,
								5
							],
							"size": [
								1,
								1,
								0.7
							],
							"uv": {
								"north": {
									"uv": [
										49,
										8
									],
									"uv_size": [
										1,
										1
									]
								},
								"east": {
									"uv": [
										33,
										49
									],
									"uv_size": [
										0.75,
										1
									]
								},
								"south": {
									"uv": [
										9,
										49
									],
									"uv_size": [
										1,
										1
									]
								},
								"west": {
									"uv": [
										34,
										49
									],
									"uv_size": [
										0.75,
										1
									]
								},
								"up": {
									"uv": [
										35,
										49
									],
									"uv_size": [
										1,
										0.75
									]
								},
								"down": {
									"uv": [
										49,
										35.75
									],
									"uv_size": [
										1,
										-0.75
									]
								}
							}
						},
						{
							"origin": [
								-1.9,
								9,
								6.7
							],
							"size": [
								1.6,
								10,
								1
							],
							"pivot": [
								0,
								0,
								0
							],
							"rotation": [
								0,
								-37.5,
								0
							],
							"uv": {
								"north": {
									"uv": [
										12,
										26
									],
									"uv_size": [
										1.5,
										10
									]
								},
								"east": {
									"uv": [
										32,
										33
									],
									"uv_size": [
										1,
										10
									]
								},
								"south": {
									"uv": [
										14,
										26
									],
									"uv_size": [
										1.5,
										10
									]
								},
								"west": {
									"uv": [
										33,
										33
									],
									"uv_size": [
										1,
										10
									]
								},
								"up": {
									"uv": [
										47,
										18
									],
									"uv_size": [
										1.5,
										1
									]
								},
								"down": {
									"uv": [
										47,
										24
									],
									"uv_size": [
										1.5,
										-1
									]
								}
							}
						},
						{
							"origin": [
								-1,
								17,
								6.7
							],
							"size": [
								0.7,
								3,
								1
							],
							"pivot": [
								0,
								0,
								0
							],
							"rotation": [
								0,
								-37.5,
								0
							],
							"uv": {
								"north": {
									"uv": [
										12,
										45
									],
									"uv_size": [
										0.75,
										3
									]
								},
								"east": {
									"uv": [
										44,
										44
									],
									"uv_size": [
										1,
										3
									]
								},
								"south": {
									"uv": [
										45,
										12
									],
									"uv_size": [
										0.75,
										3
									]
								},
								"west": {
									"uv": [
										0,
										45
									],
									"uv_size": [
										1,
										3
									]
								},
								"up": {
									"uv": [
										31,
										49
									],
									"uv_size": [
										0.75,
										1
									]
								},
								"down": {
									"uv": [
										32,
										50
									],
									"uv_size": [
										0.75,
										-1
									]
								}
							}
						},
						{
							"origin": [
								-9.5,
								16.6,
								6.7
							],
							"size": [
								1,
								1.6,
								1
							],
							"pivot": [
								0,
								0,
								0
							],
							"rotation": [
								-17.33314,
								-33.78867,
								29.30107
							],
							"uv": {
								"north": {
									"uv": [
										46,
										32
									],
									"uv_size": [
										1,
										1.5
									]
								},
								"east": {
									"uv": [
										47,
										27
									],
									"uv_size": [
										1,
										1.5
									]
								},
								"south": {
									"uv": [
										16,
										48
									],
									"uv_size": [
										1,
										1.5
									]
								},
								"west": {
									"uv": [
										17,
										48
									],
									"uv_size": [
										1,
										1.5
									]
								},
								"up": {
									"uv": [
										49,
										5
									],
									"uv_size": [
										1,
										1
									]
								},
								"down": {
									"uv": [
										49,
										7
									],
									"uv_size": [
										1,
										-1
									]
								}
							}
						},
						{
							"origin": [
								-2.7,
								21,
								5
							],
							"size": [
								5.4,
								2.51,
								1
							],
							"uv": {
								"north": {
									"uv": [
										30,
										14
									],
									"uv_size": [
										5.5,
										2.5
									]
								},
								"east": {
									"uv": [
										1,
										45
									],
									"uv_size": [
										1,
										2.5
									]
								},
								"south": {
									"uv": [
										30,
										17
									],
									"uv_size": [
										5.5,
										2.5
									]
								},
								"west": {
									"uv": [
										2,
										45
									],
									"uv_size": [
										1,
										2.5
									]
								},
								"up": {
									"uv": [
										38,
										7
									],
									"uv_size": [
										5.5,
										1
									]
								},
								"down": {
									"uv": [
										38,
										9
									],
									"uv_size": [
										5.5,
										-1
									]
								}
							}
						},
						{
							"origin": [
								-10.1,
								18.4,
								5
							],
							"size": [
								3,
								2,
								1
							],
							"pivot": [
								0,
								0,
								0
							],
							"rotation": [
								0,
								0,
								32.5
							],
							"uv": {
								"north": {
									"uv": [
										34,
										36
									],
									"uv_size": [
										3,
										2
									]
								},
								"east": {
									"uv": [
										20,
										46
									],
									"uv_size": [
										1,
										2
									]
								},
								"south": {
									"uv": [
										16,
										37
									],
									"uv_size": [
										3,
										2
									]
								},
								"west": {
									"uv": [
										21,
										46
									],
									"uv_size": [
										1,
										2
									]
								},
								"up": {
									"uv": [
										38,
										18
									],
									"uv_size": [
										3,
										1
									]
								},
								"down": {
									"uv": [
										44,
										35
									],
									"uv_size": [
										3,
										-1
									]
								}
							}
						},
						{
							"origin": [
								-14.9,
								16.4,
								5
							],
							"size": [
								3,
								2,
								1
							],
							"pivot": [
								0,
								0,
								0
							],
							"rotation": [
								0,
								0,
								32.5
							],
							"uv": {
								"north": {
									"uv": [
										25,
										37
									],
									"uv_size": [
										3,
										2
									]
								},
								"east": {
									"uv": [
										23,
										46
									],
									"uv_size": [
										1,
										2
									]
								},
								"south": {
									"uv": [
										37,
										36
									],
									"uv_size": [
										3,
										2
									]
								},
								"west": {
									"uv": [
										46,
										23
									],
									"uv_size": [
										1,
										2
									]
								},
								"up": {
									"uv": [
										38,
										44
									],
									"uv_size": [
										3,
										1
									]
								},
								"down": {
									"uv": [
										44,
										40
									],
									"uv_size": [
										3,
										-1
									]
								}
							}
						},
						{
							"origin": [
								7.1,
								18.4,
								5
							],
							"size": [
								3,
								2,
								1
							],
							"pivot": [
								0,
								0,
								0
							],
							"rotation": [
								0,
								0,
								-32.5
							],
							"uv": {
								"north": {
									"uv": [
										19,
										37
									],
									"uv_size": [
										3,
										2
									]
								},
								"east": {
									"uv": [
										46,
										21
									],
									"uv_size": [
										1,
										2
									]
								},
								"south": {
									"uv": [
										22,
										37
									],
									"uv_size": [
										3,
										2
									]
								},
								"west": {
									"uv": [
										22,
										46
									],
									"uv_size": [
										1,
										2
									]
								},
								"up": {
									"uv": [
										35,
										44
									],
									"uv_size": [
										3,
										1
									]
								},
								"down": {
									"uv": [
										44,
										36
									],
									"uv_size": [
										3,
										-1
									]
								}
							}
						},
						{
							"origin": [
								11.9,
								16.4,
								5
							],
							"size": [
								3,
								2,
								1
							],
							"pivot": [
								0,
								0,
								0
							],
							"rotation": [
								0,
								0,
								-32.5
							],
							"uv": {
								"north": {
									"uv": [
										2,
										38
									],
									"uv_size": [
										3,
										2
									]
								},
								"east": {
									"uv": [
										24,
										46
									],
									"uv_size": [
										1,
										2
									]
								},
								"south": {
									"uv": [
										5,
										38
									],
									"uv_size": [
										3,
										2
									]
								},
								"west": {
									"uv": [
										25,
										46
									],
									"uv_size": [
										1,
										2
									]
								},
								"up": {
									"uv": [
										44,
										40
									],
									"uv_size": [
										3,
										1
									]
								},
								"down": {
									"uv": [
										41,
										45
									],
									"uv_size": [
										3,
										-1
									]
								}
							}
						},
						{
							"origin": [
								0.3,
								17,
								6.7
							],
							"size": [
								0.7,
								3,
								1
							],
							"pivot": [
								0,
								0,
								0
							],
							"rotation": [
								0,
								37.5,
								0
							],
							"uv": {
								"north": {
									"uv": [
										7,
										45
									],
									"uv_size": [
										0.75,
										3
									]
								},
								"east": {
									"uv": [
										11,
										44
									],
									"uv_size": [
										1,
										3
									]
								},
								"south": {
									"uv": [
										45,
										9
									],
									"uv_size": [
										0.75,
										3
									]
								},
								"west": {
									"uv": [
										44,
										41
									],
									"uv_size": [
										1,
										3
									]
								},
								"up": {
									"uv": [
										49,
										24
									],
									"uv_size": [
										0.75,
										1
									]
								},
								"down": {
									"uv": [
										30,
										50
									],
									"uv_size": [
										0.75,
										-1
									]
								}
							}
						},
						{
							"origin": [
								0.3,
								9,
								6.7
							],
							"size": [
								1.6,
								10,
								1
							],
							"pivot": [
								0,
								0,
								0
							],
							"rotation": [
								0,
								37.5,
								0
							],
							"uv": {
								"north": {
									"uv": [
										28,
										14
									],
									"uv_size": [
										1.5,
										10
									]
								},
								"east": {
									"uv": [
										8,
										34
									],
									"uv_size": [
										1,
										10
									]
								},
								"south": {
									"uv": [
										28,
										24
									],
									"uv_size": [
										1.5,
										10
									]
								},
								"west": {
									"uv": [
										9,
										34
									],
									"uv_size": [
										1,
										10
									]
								},
								"up": {
									"uv": [
										47,
										24
									],
									"uv_size": [
										1.5,
										1
									]
								},
								"down": {
									"uv": [
										47,
										36
									],
									"uv_size": [
										1.5,
										-1
									]
								}
							}
						},
						{
							"origin": [
								8.5,
								16.6,
								6.7
							],
							"size": [
								1,
								1.6,
								1
							],
							"pivot": [
								0,
								0,
								0
							],
							"rotation": [
								-17.33314,
								33.78867,
								-29.30107
							],
							"uv": {
								"north": {
									"uv": [
										18,
										48
									],
									"uv_size": [
										1,
										1.5
									]
								},
								"east": {
									"uv": [
										19,
										48
									],
									"uv_size": [
										1,
										1.5
									]
								},
								"south": {
									"uv": [
										20,
										48
									],
									"uv_size": [
										1,
										1.5
									]
								},
								"west": {
									"uv": [
										48,
										20
									],
									"uv_size": [
										1,
										1.5
									]
								},
								"up": {
									"uv": [
										49,
										7
									],
									"uv_size": [
										1,
										1
									]
								},
								"down": {
									"uv": [
										8,
										50
									],
									"uv_size": [
										1,
										-1
									]
								}
							}
						},
						{
							"origin": [
								4.3,
								19.8,
								5
							],
							"size": [
								1,
								1,
								0.7
							],
							"uv": {
								"north": {
									"uv": [
										49,
										9
									],
									"uv_size": [
										1,
										1
									]
								},
								"east": {
									"uv": [
										36,
										49
									],
									"uv_size": [
										0.75,
										1
									]
								},
								"south": {
									"uv": [
										10,
										49
									],
									"uv_size": [
										1,
										1
									]
								},
								"west": {
									"uv": [
										37,
										49
									],
									"uv_size": [
										0.75,
										1
									]
								},
								"up": {
									"uv": [
										38,
										49
									],
									"uv_size": [
										1,
										0.75
									]
								},
								"down": {
									"uv": [
										39,
										49.75
									],
									"uv_size": [
										1,
										-0.75
									]
								}
							}
						},
						{
							"origin": [
								-3.7,
								10.1,
								4.7
							],
							"size": [
								7.5,
								9,
								0.3
							],
							"uv": {
								"north": {
									"uv": [
										20,
										20
									],
									"uv_size": [
										7.25,
										9
									]
								},
								"east": {
									"uv": [
										13,
										45
									],
									"uv_size": [
										0.25,
										9
									]
								},
								"south": {
									"uv": [
										0,
										22
									],
									"uv_size": [
										7.25,
										9
									]
								},
								"west": {
									"uv": [
										28,
										45
									],
									"uv_size": [
										0.25,
										9
									]
								},
								"up": {
									"uv": [
										46,
										30
									],
									"uv_size": [
										7.25,
										0.25
									]
								},
								"down": {
									"uv": [
										46,
										31.25
									],
									"uv_size": [
										7.25,
										-0.25
									]
								}
							}
						},
						{
							"origin": [
								2.6,
								19.1,
								4.7
							],
							"size": [
								0.9,
								1,
								0.3
							],
							"uv": {
								"north": {
									"uv": [
										49,
										10
									],
									"uv_size": [
										1,
										1
									]
								},
								"east": {
									"uv": [
										11,
										50
									],
									"uv_size": [
										0.25,
										1
									]
								},
								"south": {
									"uv": [
										49,
										11
									],
									"uv_size": [
										1,
										1
									]
								},
								"west": {
									"uv": [
										14,
										50
									],
									"uv_size": [
										0.25,
										1
									]
								},
								"up": {
									"uv": [
										50,
										35
									],
									"uv_size": [
										1,
										0.25
									]
								},
								"down": {
									"uv": [
										37,
										50.25
									],
									"uv_size": [
										1,
										-0.25
									]
								}
							}
						},
						{
							"origin": [
								-3.2,
								19.1,
								4.7
							],
							"size": [
								0.9,
								1,
								0.3
							],
							"uv": {
								"north": {
									"uv": [
										49,
										12
									],
									"uv_size": [
										1,
										1
									]
								},
								"east": {
									"uv": [
										38,
										50
									],
									"uv_size": [
										0.25,
										1
									]
								},
								"south": {
									"uv": [
										49,
										13
									],
									"uv_size": [
										1,
										1
									]
								},
								"west": {
									"uv": [
										50,
										38
									],
									"uv_size": [
										0.25,
										1
									]
								},
								"up": {
									"uv": [
										39,
										50
									],
									"uv_size": [
										1,
										0.25
									]
								},
								"down": {
									"uv": [
										50,
										39.25
									],
									"uv_size": [
										1,
										-0.25
									]
								}
							}
						},
						{
							"origin": [
								-2.4,
								19.1,
								4.7
							],
							"size": [
								5.3,
								3,
								0.3
							],
							"uv": {
								"north": {
									"uv": [
										28,
										0
									],
									"uv_size": [
										5.25,
										3
									]
								},
								"east": {
									"uv": [
										40,
										49
									],
									"uv_size": [
										0.25,
										3
									]
								},
								"south": {
									"uv": [
										28,
										3
									],
									"uv_size": [
										5.25,
										3
									]
								},
								"west": {
									"uv": [
										41,
										49
									],
									"uv_size": [
										0.25,
										3
									]
								},
								"up": {
									"uv": [
										48,
										28
									],
									"uv_size": [
										5.25,
										0.25
									]
								},
								"down": {
									"uv": [
										30,
										48.25
									],
									"uv_size": [
										5.25,
										-0.25
									]
								}
							}
						},
						{
							"origin": [
								-6.1,
								8.8,
								3.1
							],
							"size": [
								2,
								1.9,
								1.7
							],
							"uv": {
								"north": {
									"uv": [
										43,
										21
									],
									"uv_size": [
										2,
										2
									]
								},
								"east": {
									"uv": [
										44,
										0
									],
									"uv_size": [
										1.75,
										2
									]
								},
								"south": {
									"uv": [
										43,
										23
									],
									"uv_size": [
										2,
										2
									]
								},
								"west": {
									"uv": [
										44,
										4
									],
									"uv_size": [
										1.75,
										2
									]
								},
								"up": {
									"uv": [
										44,
										7
									],
									"uv_size": [
										2,
										1.75
									]
								},
								"down": {
									"uv": [
										16,
										45.75
									],
									"uv_size": [
										2,
										-1.75
									]
								}
							}
						},
						{
							"origin": [
								-6.1,
								9.6,
								-3.5
							],
							"size": [
								1.1,
								0.4,
								1.5
							],
							"uv": {
								"north": {
									"uv": [
										50,
										6
									],
									"uv_size": [
										1,
										0.5
									]
								},
								"east": {
									"uv": [
										49,
										41
									],
									"uv_size": [
										1.5,
										0.5
									]
								},
								"south": {
									"uv": [
										50,
										7
									],
									"uv_size": [
										1,
										0.5
									]
								},
								"west": {
									"uv": [
										49,
										42
									],
									"uv_size": [
										1.5,
										0.5
									]
								},
								"up": {
									"uv": [
										21,
										48
									],
									"uv_size": [
										1,
										1.5
									]
								},
								"down": {
									"uv": [
										22,
										49.5
									],
									"uv_size": [
										1,
										-1.5
									]
								}
							}
						},
						{
							"origin": [
								4.1,
								9.1,
								-3.9
							],
							"size": [
								2,
								0.6,
								7.2
							],
							"uv": {
								"north": {
									"uv": [
										49,
										14
									],
									"uv_size": [
										2,
										0.5
									]
								},
								"east": {
									"uv": [
										28,
										43
									],
									"uv_size": [
										7.25,
										0.5
									]
								},
								"south": {
									"uv": [
										49,
										15
									],
									"uv_size": [
										2,
										0.5
									]
								},
								"west": {
									"uv": [
										36,
										43
									],
									"uv_size": [
										7.25,
										0.5
									]
								},
								"up": {
									"uv": [
										20,
										29
									],
									"uv_size": [
										2,
										7.25
									]
								},
								"down": {
									"uv": [
										22,
										36.25
									],
									"uv_size": [
										2,
										-7.25
									]
								}
							}
						},
						{
							"origin": [
								4.1,
								9.6,
								-3.1
							],
							"size": [
								2,
								0.6,
								6.4
							],
							"uv": {
								"north": {
									"uv": [
										49,
										16
									],
									"uv_size": [
										2,
										0.5
									]
								},
								"east": {
									"uv": [
										43,
										38
									],
									"uv_size": [
										6.5,
										0.5
									]
								},
								"south": {
									"uv": [
										49,
										17
									],
									"uv_size": [
										2,
										0.5
									]
								},
								"west": {
									"uv": [
										44,
										19
									],
									"uv_size": [
										6.5,
										0.5
									]
								},
								"up": {
									"uv": [
										16,
										30
									],
									"uv_size": [
										2,
										6.5
									]
								},
								"down": {
									"uv": [
										18,
										36.5
									],
									"uv_size": [
										2,
										-6.5
									]
								}
							}
						},
						{
							"origin": [
								5,
								9.6,
								-3.5
							],
							"size": [
								1.1,
								0.4,
								1.5
							],
							"uv": {
								"north": {
									"uv": [
										8,
										50
									],
									"uv_size": [
										1,
										0.5
									]
								},
								"east": {
									"uv": [
										50,
										0
									],
									"uv_size": [
										1.5,
										0.5
									]
								},
								"south": {
									"uv": [
										50,
										8
									],
									"uv_size": [
										1,
										0.5
									]
								},
								"west": {
									"uv": [
										50,
										1
									],
									"uv_size": [
										1.5,
										0.5
									]
								},
								"up": {
									"uv": [
										23,
										48
									],
									"uv_size": [
										1,
										1.5
									]
								},
								"down": {
									"uv": [
										24,
										49.5
									],
									"uv_size": [
										1,
										-1.5
									]
								}
							}
						},
						{
							"origin": [
								-5.2,
								8.9,
								-1
							],
							"size": [
								0.8,
								4.8,
								1.4
							],
							"uv": {
								"north": {
									"uv": [
										15,
										43
									],
									"uv_size": [
										0.75,
										4.75
									]
								},
								"east": {
									"uv": [
										30,
										34
									],
									"uv_size": [
										1.5,
										4.75
									]
								},
								"south": {
									"uv": [
										8,
										44
									],
									"uv_size": [
										0.75,
										4.75
									]
								},
								"west": {
									"uv": [
										12,
										36
									],
									"uv_size": [
										1.5,
										4.75
									]
								},
								"up": {
									"uv": [
										48,
										41
									],
									"uv_size": [
										0.75,
										1.5
									]
								},
								"down": {
									"uv": [
										48,
										44.5
									],
									"uv_size": [
										0.75,
										-1.5
									]
								}
							}
						},
						{
							"origin": [
								-5.2,
								6.1,
								-7.7
							],
							"size": [
								0.8,
								3.1,
								0.7
							],
							"pivot": [
								0,
								0,
								0
							],
							"rotation": [
								-40,
								0,
								0
							],
							"uv": {
								"north": {
									"uv": [
										31,
										45
									],
									"uv_size": [
										0.75,
										3
									]
								},
								"east": {
									"uv": [
										32,
										45
									],
									"uv_size": [
										0.75,
										3
									]
								},
								"south": {
									"uv": [
										33,
										45
									],
									"uv_size": [
										0.75,
										3
									]
								},
								"west": {
									"uv": [
										34,
										45
									],
									"uv_size": [
										0.75,
										3
									]
								},
								"up": {
									"uv": [
										50,
										3
									],
									"uv_size": [
										0.75,
										0.75
									]
								},
								"down": {
									"uv": [
										4,
										50.75
									],
									"uv_size": [
										0.75,
										-0.75
									]
								}
							}
						},
						{
							"origin": [
								4.4,
								6.1,
								7.3
							],
							"size": [
								0.8,
								3.1,
								0.7
							],
							"pivot": [
								0,
								0,
								0
							],
							"rotation": [
								40,
								0,
								0
							],
							"uv": {
								"north": {
									"uv": [
										45,
										21
									],
									"uv_size": [
										0.75,
										3
									]
								},
								"east": {
									"uv": [
										45,
										24
									],
									"uv_size": [
										0.75,
										3
									]
								},
								"south": {
									"uv": [
										29,
										45
									],
									"uv_size": [
										0.75,
										3
									]
								},
								"west": {
									"uv": [
										30,
										45
									],
									"uv_size": [
										0.75,
										3
									]
								},
								"up": {
									"uv": [
										50,
										2
									],
									"uv_size": [
										0.75,
										0.75
									]
								},
								"down": {
									"uv": [
										3,
										50.75
									],
									"uv_size": [
										0.75,
										-0.75
									]
								}
							}
						},
						{
							"origin": [
								4.4,
								6.1,
								-7.7
							],
							"size": [
								0.8,
								3.1,
								0.7
							],
							"pivot": [
								0,
								0,
								0
							],
							"rotation": [
								-40,
								0,
								0
							],
							"uv": {
								"north": {
									"uv": [
										35,
										45
									],
									"uv_size": [
										0.75,
										3
									]
								},
								"east": {
									"uv": [
										36,
										45
									],
									"uv_size": [
										0.75,
										3
									]
								},
								"south": {
									"uv": [
										37,
										45
									],
									"uv_size": [
										0.75,
										3
									]
								},
								"west": {
									"uv": [
										38,
										45
									],
									"uv_size": [
										0.75,
										3
									]
								},
								"up": {
									"uv": [
										50,
										4
									],
									"uv_size": [
										0.75,
										0.75
									]
								},
								"down": {
									"uv": [
										5,
										50.75
									],
									"uv_size": [
										0.75,
										-0.75
									]
								}
							}
						},
						{
							"origin": [
								-5.8,
								13.8,
								-4
							],
							"size": [
								1.6,
								0.15,
								6
							],
							"uv": {
								"north": {
									"uv": [
										20,
										50
									],
									"uv_size": [
										1.5,
										0.25
									]
								},
								"east": {
									"uv": [
										48,
										22
									],
									"uv_size": [
										6,
										0.25
									]
								},
								"south": {
									"uv": [
										22,
										50
									],
									"uv_size": [
										1.5,
										0.25
									]
								},
								"west": {
									"uv": [
										48,
										25
									],
									"uv_size": [
										6,
										0.25
									]
								},
								"up": {
									"uv": [
										34,
										0
									],
									"uv_size": [
										1.5,
										6
									]
								},
								"down": {
									"uv": [
										10,
										40
									],
									"uv_size": [
										1.5,
										-6
									]
								}
							}
						},
						{
							"origin": [
								4,
								13,
								-5
							],
							"size": [
								2,
								0.9,
								8
							],
							"uv": {
								"north": {
									"uv": [
										46,
										14
									],
									"uv_size": [
										2,
										1
									]
								},
								"east": {
									"uv": [
										34,
										30
									],
									"uv_size": [
										8,
										1
									]
								},
								"south": {
									"uv": [
										46,
										25
									],
									"uv_size": [
										2,
										1
									]
								},
								"west": {
									"uv": [
										34,
										33
									],
									"uv_size": [
										8,
										1
									]
								},
								"up": {
									"uv": [
										16,
										22
									],
									"uv_size": [
										2,
										8
									]
								},
								"down": {
									"uv": [
										18,
										30
									],
									"uv_size": [
										2,
										-8
									]
								}
							}
						},
						{
							"origin": [
								4.1,
								13.1,
								-5.1
							],
							"size": [
								1.8,
								0.7,
								0.1
							],
							"uv": {
								"north": {
									"uv": [
										48,
										32
									],
									"uv_size": [
										1.75,
										0.75
									]
								},
								"east": {
									"uv": [
										50,
										40
									],
									"uv_size": [
										0.25,
										0.75
									]
								},
								"south": {
									"uv": [
										48,
										33
									],
									"uv_size": [
										1.75,
										0.75
									]
								},
								"west": {
									"uv": [
										42,
										50
									],
									"uv_size": [
										0.25,
										0.75
									]
								},
								"up": {
									"uv": [
										9,
										50
									],
									"uv_size": [
										1.75,
										0.25
									]
								},
								"down": {
									"uv": [
										50,
										9.25
									],
									"uv_size": [
										1.75,
										-0.25
									]
								}
							}
						},
						{
							"origin": [
								4.1,
								13.1,
								3
							],
							"size": [
								1.8,
								0.7,
								0.1
							],
							"uv": {
								"north": {
									"uv": [
										38,
										48
									],
									"uv_size": [
										1.75,
										0.75
									]
								},
								"east": {
									"uv": [
										45,
										50
									],
									"uv_size": [
										0.25,
										0.75
									]
								},
								"south": {
									"uv": [
										48,
										39
									],
									"uv_size": [
										1.75,
										0.75
									]
								},
								"west": {
									"uv": [
										46,
										50
									],
									"uv_size": [
										0.25,
										0.75
									]
								},
								"up": {
									"uv": [
										50,
										12
									],
									"uv_size": [
										1.75,
										0.25
									]
								},
								"down": {
									"uv": [
										50,
										13.25
									],
									"uv_size": [
										1.75,
										-0.25
									]
								}
							}
						},
						{
							"origin": [
								4.3,
								13.2,
								-5.2
							],
							"size": [
								1.5,
								0.5,
								0.1
							],
							"uv": {
								"north": {
									"uv": [
										45,
										49
									],
									"uv_size": [
										1.5,
										0.5
									]
								},
								"east": {
									"uv": [
										50,
										50
									],
									"uv_size": [
										0.25,
										0.5
									]
								},
								"south": {
									"uv": [
										49,
										45
									],
									"uv_size": [
										1.5,
										0.5
									]
								},
								"west": {
									"uv": [
										0,
										51
									],
									"uv_size": [
										0.25,
										0.5
									]
								},
								"up": {
									"uv": [
										31,
										50
									],
									"uv_size": [
										1.5,
										0.25
									]
								},
								"down": {
									"uv": [
										50,
										32.25
									],
									"uv_size": [
										1.5,
										-0.25
									]
								}
							}
						},
						{
							"origin": [
								4.3,
								13.2,
								3.1
							],
							"size": [
								1.5,
								0.5,
								0.1
							],
							"uv": {
								"north": {
									"uv": [
										49,
										46
									],
									"uv_size": [
										1.5,
										0.5
									]
								},
								"east": {
									"uv": [
										1,
										51
									],
									"uv_size": [
										0.25,
										0.5
									]
								},
								"south": {
									"uv": [
										49,
										47
									],
									"uv_size": [
										1.5,
										0.5
									]
								},
								"west": {
									"uv": [
										2,
										51
									],
									"uv_size": [
										0.25,
										0.5
									]
								},
								"up": {
									"uv": [
										33,
										50
									],
									"uv_size": [
										1.5,
										0.25
									]
								},
								"down": {
									"uv": [
										50,
										33.25
									],
									"uv_size": [
										1.5,
										-0.25
									]
								}
							}
						},
						{
							"origin": [
								4.2,
								13.8,
								-4
							],
							"size": [
								1.6,
								0.15,
								6
							],
							"uv": {
								"north": {
									"uv": [
										24,
										50
									],
									"uv_size": [
										1.5,
										0.25
									]
								},
								"east": {
									"uv": [
										48,
										26
									],
									"uv_size": [
										6,
										0.25
									]
								},
								"south": {
									"uv": [
										50,
										24
									],
									"uv_size": [
										1.5,
										0.25
									]
								},
								"west": {
									"uv": [
										48,
										27
									],
									"uv_size": [
										6,
										0.25
									]
								},
								"up": {
									"uv": [
										34,
										24
									],
									"uv_size": [
										1.5,
										6
									]
								},
								"down": {
									"uv": [
										28,
										40
									],
									"uv_size": [
										1.5,
										-6
									]
								}
							}
						},
						{
							"origin": [
								4.4,
								8.9,
								-1
							],
							"size": [
								0.8,
								4.8,
								1.4
							],
							"uv": {
								"north": {
									"uv": [
										9,
										44
									],
									"uv_size": [
										0.75,
										4.75
									]
								},
								"east": {
									"uv": [
										14,
										36
									],
									"uv_size": [
										1.5,
										4.75
									]
								},
								"south": {
									"uv": [
										10,
										44
									],
									"uv_size": [
										0.75,
										4.75
									]
								},
								"west": {
									"uv": [
										36,
										14
									],
									"uv_size": [
										1.5,
										4.75
									]
								},
								"up": {
									"uv": [
										48,
										45
									],
									"uv_size": [
										0.75,
										1.5
									]
								},
								"down": {
									"uv": [
										47,
										49.5
									],
									"uv_size": [
										0.75,
										-1.5
									]
								}
							}
						},
						{
							"origin": [
								4.1,
								8.8,
								3.1
							],
							"size": [
								2,
								1.9,
								1.7
							],
							"uv": {
								"north": {
									"uv": [
										43,
										25
									],
									"uv_size": [
										2,
										2
									]
								},
								"east": {
									"uv": [
										18,
										44
									],
									"uv_size": [
										1.75,
										2
									]
								},
								"south": {
									"uv": [
										43,
										27
									],
									"uv_size": [
										2,
										2
									]
								},
								"west": {
									"uv": [
										20,
										44
									],
									"uv_size": [
										1.75,
										2
									]
								},
								"up": {
									"uv": [
										22,
										44
									],
									"uv_size": [
										2,
										1.75
									]
								},
								"down": {
									"uv": [
										25,
										45.75
									],
									"uv_size": [
										2,
										-1.75
									]
								}
							}
						},
						{
							"origin": [
								-5.8,
								13.2,
								3.1
							],
							"size": [
								1.5,
								0.5,
								0.1
							],
							"uv": {
								"north": {
									"uv": [
										49,
										43
									],
									"uv_size": [
										1.5,
										0.5
									]
								},
								"east": {
									"uv": [
										49,
										50
									],
									"uv_size": [
										0.25,
										0.5
									]
								},
								"south": {
									"uv": [
										49,
										44
									],
									"uv_size": [
										1.5,
										0.5
									]
								},
								"west": {
									"uv": [
										50,
										49
									],
									"uv_size": [
										0.25,
										0.5
									]
								},
								"up": {
									"uv": [
										26,
										50
									],
									"uv_size": [
										1.5,
										0.25
									]
								},
								"down": {
									"uv": [
										29,
										50.25
									],
									"uv_size": [
										1.5,
										-0.25
									]
								}
							}
						},
						{
							"origin": [
								-5.2,
								6.1,
								7.3
							],
							"size": [
								0.8,
								3.1,
								0.7
							],
							"pivot": [
								0,
								0,
								0
							],
							"rotation": [
								40,
								0,
								0
							],
							"uv": {
								"north": {
									"uv": [
										39,
										45
									],
									"uv_size": [
										0.75,
										3
									]
								},
								"east": {
									"uv": [
										40,
										45
									],
									"uv_size": [
										0.75,
										3
									]
								},
								"south": {
									"uv": [
										41,
										45
									],
									"uv_size": [
										0.75,
										3
									]
								},
								"west": {
									"uv": [
										45,
										41
									],
									"uv_size": [
										0.75,
										3
									]
								},
								"up": {
									"uv": [
										50,
										5
									],
									"uv_size": [
										0.75,
										0.75
									]
								},
								"down": {
									"uv": [
										6,
										50.75
									],
									"uv_size": [
										0.75,
										-0.75
									]
								}
							}
						},
						{
							"origin": [
								-6,
								13,
								-5
							],
							"size": [
								2,
								0.9,
								8
							],
							"uv": {
								"north": {
									"uv": [
										26,
										46
									],
									"uv_size": [
										2,
										1
									]
								},
								"east": {
									"uv": [
										34,
										34
									],
									"uv_size": [
										8,
										1
									]
								},
								"south": {
									"uv": [
										46,
										26
									],
									"uv_size": [
										2,
										1
									]
								},
								"west": {
									"uv": [
										34,
										35
									],
									"uv_size": [
										8,
										1
									]
								},
								"up": {
									"uv": [
										8,
										26
									],
									"uv_size": [
										2,
										8
									]
								},
								"down": {
									"uv": [
										10,
										34
									],
									"uv_size": [
										2,
										-8
									]
								}
							}
						},
						{
							"origin": [
								-5.9,
								13.1,
								3
							],
							"size": [
								1.8,
								0.7,
								0.1
							],
							"uv": {
								"north": {
									"uv": [
										48,
										34
									],
									"uv_size": [
										1.75,
										0.75
									]
								},
								"east": {
									"uv": [
										43,
										50
									],
									"uv_size": [
										0.25,
										0.75
									]
								},
								"south": {
									"uv": [
										36,
										48
									],
									"uv_size": [
										1.75,
										0.75
									]
								},
								"west": {
									"uv": [
										44,
										50
									],
									"uv_size": [
										0.25,
										0.75
									]
								},
								"up": {
									"uv": [
										50,
										10
									],
									"uv_size": [
										1.75,
										0.25
									]
								},
								"down": {
									"uv": [
										50,
										11.25
									],
									"uv_size": [
										1.75,
										-0.25
									]
								}
							}
						},
						{
							"origin": [
								-5.9,
								13.1,
								-5.1
							],
							"size": [
								1.8,
								0.7,
								0.1
							],
							"uv": {
								"north": {
									"uv": [
										40,
										48
									],
									"uv_size": [
										1.75,
										0.75
									]
								},
								"east": {
									"uv": [
										47,
										50
									],
									"uv_size": [
										0.25,
										0.75
									]
								},
								"south": {
									"uv": [
										48,
										40
									],
									"uv_size": [
										1.75,
										0.75
									]
								},
								"west": {
									"uv": [
										48,
										50
									],
									"uv_size": [
										0.25,
										0.75
									]
								},
								"up": {
									"uv": [
										16,
										50
									],
									"uv_size": [
										1.75,
										0.25
									]
								},
								"down": {
									"uv": [
										18,
										50.25
									],
									"uv_size": [
										1.75,
										-0.25
									]
								}
							}
						},
						{
							"origin": [
								-5.8,
								13.2,
								-5.2
							],
							"size": [
								1.5,
								0.5,
								0.1
							],
							"uv": {
								"north": {
									"uv": [
										48,
										49
									],
									"uv_size": [
										1.5,
										0.5
									]
								},
								"east": {
									"uv": [
										51,
										2
									],
									"uv_size": [
										0.25,
										0.5
									]
								},
								"south": {
									"uv": [
										49,
										48
									],
									"uv_size": [
										1.5,
										0.5
									]
								},
								"west": {
									"uv": [
										3,
										51
									],
									"uv_size": [
										0.25,
										0.5
									]
								},
								"up": {
									"uv": [
										50,
										34
									],
									"uv_size": [
										1.5,
										0.25
									]
								},
								"down": {
									"uv": [
										35,
										50.25
									],
									"uv_size": [
										1.5,
										-0.25
									]
								}
							}
						},
						{
							"origin": [
								-6.1,
								9.1,
								-3.9
							],
							"size": [
								2,
								0.6,
								7.2
							],
							"uv": {
								"north": {
									"uv": [
										49,
										18
									],
									"uv_size": [
										2,
										0.5
									]
								},
								"east": {
									"uv": [
										43,
										36
									],
									"uv_size": [
										7.25,
										0.5
									]
								},
								"south": {
									"uv": [
										49,
										20
									],
									"uv_size": [
										2,
										0.5
									]
								},
								"west": {
									"uv": [
										43,
										37
									],
									"uv_size": [
										7.25,
										0.5
									]
								},
								"up": {
									"uv": [
										24,
										29
									],
									"uv_size": [
										2,
										7.25
									]
								},
								"down": {
									"uv": [
										26,
										36.25
									],
									"uv_size": [
										2,
										-7.25
									]
								}
							}
						},
						{
							"origin": [
								-6.1,
								9.6,
								-3.1
							],
							"size": [
								2,
								0.6,
								6.4
							],
							"uv": {
								"north": {
									"uv": [
										49,
										21
									],
									"uv_size": [
										2,
										0.5
									]
								},
								"east": {
									"uv": [
										28,
										44
									],
									"uv_size": [
										6.5,
										0.5
									]
								},
								"south": {
									"uv": [
										49,
										23
									],
									"uv_size": [
										2,
										0.5
									]
								},
								"west": {
									"uv": [
										44,
										29
									],
									"uv_size": [
										6.5,
										0.5
									]
								},
								"up": {
									"uv": [
										30,
										20
									],
									"uv_size": [
										2,
										6.5
									]
								},
								"down": {
									"uv": [
										30,
										33.5
									],
									"uv_size": [
										2,
										-6.5
									]
								}
							}
						},
						{
							"origin": [
								-1.6,
								8.6,
								-7.1
							],
							"size": [
								1.6,
								1.4,
								1.4
							],
							"pivot": [
								0,
								0,
								0
							],
							"rotation": [
								0,
								-45,
								0
							],
							"uv": {
								"north": {
									"uv": [
										46,
										6
									],
									"uv_size": [
										1.5,
										1.5
									]
								},
								"east": {
									"uv": [
										46,
										8
									],
									"uv_size": [
										1.5,
										1.5
									]
								},
								"south": {
									"uv": [
										46,
										10
									],
									"uv_size": [
										1.5,
										1.5
									]
								},
								"west": {
									"uv": [
										46,
										12
									],
									"uv_size": [
										1.5,
										1.5
									]
								},
								"up": {
									"uv": [
										16,
										46
									],
									"uv_size": [
										1.5,
										1.5
									]
								},
								"down": {
									"uv": [
										18,
										47.5
									],
									"uv_size": [
										1.5,
										-1.5
									]
								}
							}
						}
					]
				}
			]
		}
	]
}