{
	"format_version": "1.12.0",
	"minecraft:geometry": [
		{
			"description": {
				"identifier": "geometry.gamer_router",
				"texture_width": 64,
				"texture_height": 64,
				"visible_bounds_width": 4,
				"visible_bounds_height": 2.5,
				"visible_bounds_offset": [
					0,
					0.75,
					0
				]
			},
			"bones": [
				{
					"name": "bb_main",
					"pivot": [
						0,
						0,
						0
					],
					"cubes": [
						{
							"origin": [
								-3,
								4,
								4.5
							],
							"size": [
								6,
								6,
								0
							],
							"uv": {
								"north": {
									"uv": [
										0,
										14
									],
									"uv_size": [
										6,
										6
									]
								},
								"east": {
									"uv": [
										32,
										33
									],
									"uv_size": [
										0,
										6
									]
								},
								"south": {
									"uv": [
										7,
										14
									],
									"uv_size": [
										6,
										6
									]
								},
								"west": {
									"uv": [
										33,
										33
									],
									"uv_size": [
										0,
										6
									]
								},
								"up": {
									"uv": [
										32,
										25
									],
									"uv_size": [
										6,
										0
									]
								},
								"down": {
									"uv": [
										33,
										20
									],
									"uv_size": [
										6,
										0
									]
								}
							}
						}
					]
				},
				{
					"name": "bone",
					"pivot": [
						-8,
						0,
						8
					],
					"rotation": [
						0,
						180,
						0
					],
					"cubes": [
						{
							"origin": [
								-22,
								0,
								12
							],
							"size": [
								12,
								2,
								2
							],
							"uv": {
								"north": {
									"uv": [
										14,
										14
									],
									"uv_size": [
										12,
										2
									]
								},
								"east": {
									"uv": [
										12,
										29
									],
									"uv_size": [
										2,
										2
									]
								},
								"south": {
									"uv": [
										14,
										17
									],
									"uv_size": [
										12,
										2
									]
								},
								"west": {
									"uv": [
										15,
										29
									],
									"uv_size": [
										2,
										2
									]
								},
								"up": {
									"uv": [
										14,
										20
									],
									"uv_size": [
										12,
										2
									]
								},
								"down": {
									"uv": [
										0,
										23
									],
									"uv_size": [
										12,
										-2
									]
								}
							}
						},
						{
							"origin": [
								-13,
								0,
								18
							],
							"size": [
								3,
								2,
								2
							],
							"uv": {
								"north": {
									"uv": [
										26,
										23
									],
									"uv_size": [
										3,
										2
									]
								},
								"east": {
									"uv": [
										18,
										29
									],
									"uv_size": [
										2,
										2
									]
								},
								"south": {
									"uv": [
										0,
										27
									],
									"uv_size": [
										3,
										2
									]
								},
								"west": {
									"uv": [
										21,
										29
									],
									"uv_size": [
										2,
										2
									]
								},
								"up": {
									"uv": [
										4,
										27
									],
									"uv_size": [
										3,
										2
									]
								},
								"down": {
									"uv": [
										8,
										29
									],
									"uv_size": [
										3,
										-2
									]
								}
							}
						},
						{
							"origin": [
								-22,
								0,
								18
							],
							"size": [
								3,
								2,
								2
							],
							"uv": {
								"north": {
									"uv": [
										27,
										12
									],
									"uv_size": [
										3,
										2
									]
								},
								"east": {
									"uv": [
										24,
										29
									],
									"uv_size": [
										2,
										2
									]
								},
								"south": {
									"uv": [
										27,
										15
									],
									"uv_size": [
										3,
										2
									]
								},
								"west": {
									"uv": [
										27,
										29
									],
									"uv_size": [
										2,
										2
									]
								},
								"up": {
									"uv": [
										27,
										18
									],
									"uv_size": [
										3,
										2
									]
								},
								"down": {
									"uv": [
										27,
										28
									],
									"uv_size": [
										3,
										-2
									]
								}
							}
						},
						{
							"origin": [
								-21,
								0.2,
								13
							],
							"size": [
								10,
								2,
								6
							],
							"uv": {
								"north": {
									"uv": [
										24,
										0
									],
									"uv_size": [
										10,
										2
									]
								},
								"east": {
									"uv": [
										24,
										6
									],
									"uv_size": [
										6,
										2
									]
								},
								"south": {
									"uv": [
										24,
										3
									],
									"uv_size": [
										10,
										2
									]
								},
								"west": {
									"uv": [
										24,
										9
									],
									"uv_size": [
										6,
										2
									]
								},
								"up": {
									"uv": [
										13,
										0
									],
									"uv_size": [
										10,
										6
									]
								},
								"down": {
									"uv": [
										13,
										13
									],
									"uv_size": [
										10,
										-6
									]
								}
							}
						},
						{
							"origin": [
								-21.9,
								0.1,
								14
							],
							"size": [
								11.8,
								1.8,
								5.9
							],
							"uv": {
								"north": {
									"uv": [
										13,
										23
									],
									"uv_size": [
										11.75,
										1.75
									]
								},
								"east": {
									"uv": [
										13,
										26
									],
									"uv_size": [
										5.875,
										1.75
									]
								},
								"south": {
									"uv": [
										0,
										24
									],
									"uv_size": [
										11.75,
										1.75
									]
								},
								"west": {
									"uv": [
										20,
										26
									],
									"uv_size": [
										5.875,
										1.75
									]
								},
								"up": {
									"uv": [
										0,
										0
									],
									"uv_size": [
										11.75,
										5.875
									]
								},
								"down": {
									"uv": [
										0,
										12.875
									],
									"uv_size": [
										11.75,
										-5.875
									]
								}
							}
						},
						{
							"origin": [
								-12.9,
								1.1,
								11
							],
							"size": [
								0.8,
								4,
								0.8
							],
							"uv": {
								"north": {
									"uv": [
										0,
										30
									],
									"uv_size": [
										0.75,
										4
									]
								},
								"east": {
									"uv": [
										2,
										30
									],
									"uv_size": [
										0.75,
										4
									]
								},
								"south": {
									"uv": [
										4,
										30
									],
									"uv_size": [
										0.75,
										4
									]
								},
								"west": {
									"uv": [
										6,
										30
									],
									"uv_size": [
										0.75,
										4
									]
								},
								"up": {
									"uv": [
										24,
										12
									],
									"uv_size": [
										0.75,
										0.75
									]
								},
								"down": {
									"uv": [
										27,
										21.75
									],
									"uv_size": [
										0.75,
										-0.75
									]
								}
							}
						},
						{
							"origin": [
								-19.9,
								1.1,
								11
							],
							"size": [
								0.8,
								4,
								0.8
							],
							"uv": {
								"north": {
									"uv": [
										8,
										30
									],
									"uv_size": [
										0.75,
										4
									]
								},
								"east": {
									"uv": [
										10,
										30
									],
									"uv_size": [
										0.75,
										4
									]
								},
								"south": {
									"uv": [
										30,
										21
									],
									"uv_size": [
										0.75,
										4
									]
								},
								"west": {
									"uv": [
										30,
										29
									],
									"uv_size": [
										0.75,
										4
									]
								},
								"up": {
									"uv": [
										16,
										32
									],
									"uv_size": [
										0.75,
										0.75
									]
								},
								"down": {
									"uv": [
										18,
										32.75
									],
									"uv_size": [
										0.75,
										-0.75
									]
								}
							}
						},
						{
							"origin": [
								-12.7,
								1.3,
								11.8
							],
							"size": [
								0.4,
								0.4,
								0.2
							],
							"uv": {
								"north": {
									"uv": [
										24,
										32
									],
									"uv_size": [
										0.375,
										0.375
									]
								},
								"east": {
									"uv": [
										32,
										31
									],
									"uv_size": [
										0.25,
										0.375
									]
								},
								"south": {
									"uv": [
										26,
										32
									],
									"uv_size": [
										0.375,
										0.375
									]
								},
								"west": {
									"uv": [
										33,
										6
									],
									"uv_size": [
										0.25,
										0.375
									]
								},
								"up": {
									"uv": [
										33,
										8
									],
									"uv_size": [
										0.375,
										0.25
									]
								},
								"down": {
									"uv": [
										33,
										10.25
									],
									"uv_size": [
										0.375,
										-0.25
									]
								}
							}
						},
						{
							"origin": [
								-19.7,
								1.3,
								11.8
							],
							"size": [
								0.4,
								0.4,
								0.2
							],
							"uv": {
								"north": {
									"uv": [
										28,
										32
									],
									"uv_size": [
										0.375,
										0.375
									]
								},
								"east": {
									"uv": [
										33,
										12
									],
									"uv_size": [
										0.25,
										0.375
									]
								},
								"south": {
									"uv": [
										32,
										29
									],
									"uv_size": [
										0.375,
										0.375
									]
								},
								"west": {
									"uv": [
										33,
										14
									],
									"uv_size": [
										0.25,
										0.375
									]
								},
								"up": {
									"uv": [
										33,
										16
									],
									"uv_size": [
										0.375,
										0.25
									]
								},
								"down": {
									"uv": [
										33,
										18.25
									],
									"uv_size": [
										0.375,
										-0.25
									]
								}
							}
						},
						{
							"origin": [
								-12.8,
								5.1,
								11
							],
							"size": [
								0.6,
								1.8,
								0.8
							],
							"uv": {
								"north": {
									"uv": [
										31,
										18
									],
									"uv_size": [
										0.625,
										1.75
									]
								},
								"east": {
									"uv": [
										31,
										6
									],
									"uv_size": [
										0.75,
										1.75
									]
								},
								"south": {
									"uv": [
										31,
										26
									],
									"uv_size": [
										0.625,
										1.75
									]
								},
								"west": {
									"uv": [
										31,
										9
									],
									"uv_size": [
										0.75,
										1.75
									]
								},
								"up": {
									"uv": [
										20,
										32
									],
									"uv_size": [
										0.625,
										0.75
									]
								},
								"down": {
									"uv": [
										32,
										21.75
									],
									"uv_size": [
										0.625,
										-0.75
									]
								}
							}
						},
						{
							"origin": [
								-19.8,
								5.1,
								11
							],
							"size": [
								0.6,
								1.8,
								0.8
							],
							"uv": {
								"north": {
									"uv": [
										12,
										32
									],
									"uv_size": [
										0.625,
										1.75
									]
								},
								"east": {
									"uv": [
										31,
										12
									],
									"uv_size": [
										0.75,
										1.75
									]
								},
								"south": {
									"uv": [
										14,
										32
									],
									"uv_size": [
										0.625,
										1.75
									]
								},
								"west": {
									"uv": [
										31,
										15
									],
									"uv_size": [
										0.75,
										1.75
									]
								},
								"up": {
									"uv": [
										22,
										32
									],
									"uv_size": [
										0.625,
										0.75
									]
								},
								"down": {
									"uv": [
										32,
										23.75
									],
									"uv_size": [
										0.625,
										-0.75
									]
								}
							}
						}
					]
				}
			]
		}
	]
}