{
	"format_version": "1.12.0",
	"minecraft:geometry": [
		{
			"description": {
				"identifier": "geometry.gamer_desk_open",
				"texture_width": 128,
				"texture_height": 128,
				"visible_bounds_width": 2,
				"visible_bounds_height": 2.5,
				"visible_bounds_offset": [
					0,
					0.75,
					0
				]
			},
			"bones": [
				{
					"name": "bb_main",
					"pivot": [
						0,
						0,
						0
					],
					"cubes": [
						{
							"origin": [
								-7,
								0,
								6
							],
							"size": [
								14,
								15,
								1
							],
							"uv": {
								"north": {
									"uv": [
										17,
										0
									],
									"uv_size": [
										14,
										15
									]
								},
								"east": {
									"uv": [
										17,
										72
									],
									"uv_size": [
										1,
										15
									]
								},
								"south": {
									"uv": [
										17,
										16
									],
									"uv_size": [
										14,
										15
									]
								},
								"west": {
									"uv": [
										19,
										72
									],
									"uv_size": [
										1,
										15
									]
								},
								"up": {
									"uv": [
										29,
										73
									],
									"uv_size": [
										14,
										1
									]
								},
								"down": {
									"uv": [
										44,
										74
									],
									"uv_size": [
										14,
										-1
									]
								}
							}
						},
						{
							"origin": [
								-7,
								0,
								-7
							],
							"size": [
								1,
								15,
								14
							],
							"uv": {
								"north": {
									"uv": [
										25,
										72
									],
									"uv_size": [
										1,
										15
									]
								},
								"east": {
									"uv": [
										17,
										32
									],
									"uv_size": [
										14,
										15
									]
								},
								"south": {
									"uv": [
										27,
										72
									],
									"uv_size": [
										1,
										15
									]
								},
								"west": {
									"uv": [
										32,
										32
									],
									"uv_size": [
										14,
										15
									]
								},
								"up": {
									"uv": [
										63,
										73
									],
									"uv_size": [
										1,
										14
									]
								},
								"down": {
									"uv": [
										65,
										87
									],
									"uv_size": [
										1,
										-14
									]
								}
							}
						},
						{
							"origin": [
								6,
								0,
								-7
							],
							"size": [
								1,
								15,
								14
							],
							"uv": {
								"north": {
									"uv": [
										21,
										72
									],
									"uv_size": [
										1,
										15
									]
								},
								"east": {
									"uv": [
										32,
										0
									],
									"uv_size": [
										14,
										15
									]
								},
								"south": {
									"uv": [
										23,
										72
									],
									"uv_size": [
										1,
										15
									]
								},
								"west": {
									"uv": [
										32,
										16
									],
									"uv_size": [
										14,
										15
									]
								},
								"up": {
									"uv": [
										59,
										73
									],
									"uv_size": [
										1,
										14
									]
								},
								"down": {
									"uv": [
										61,
										87
									],
									"uv_size": [
										1,
										-14
									]
								}
							}
						},
						{
							"origin": [
								-8,
								14,
								-8
							],
							"size": [
								16,
								2,
								16
							],
							"uv": {
								"north": {
									"uv": [
										36,
										70
									],
									"uv_size": [
										16,
										2
									]
								},
								"east": {
									"uv": [
										53,
										70
									],
									"uv_size": [
										16,
										2
									]
								},
								"south": {
									"uv": [
										70,
										70
									],
									"uv_size": [
										16,
										2
									]
								},
								"west": {
									"uv": [
										0,
										72
									],
									"uv_size": [
										16,
										2
									]
								},
								"up": {
									"uv": [
										0,
										0
									],
									"uv_size": [
										16,
										16
									]
								},
								"down": {
									"uv": [
										0,
										33
									],
									"uv_size": [
										16,
										-16
									]
								}
							}
						},
						{
							"origin": [
								-6,
								0,
								-7
							],
							"size": [
								12,
								4,
								13
							],
							"uv": {
								"north": {
									"uv": [
										60,
										50
									],
									"uv_size": [
										12,
										4
									]
								},
								"east": {
									"uv": [
										60,
										0
									],
									"uv_size": [
										13,
										4
									]
								},
								"south": {
									"uv": [
										0,
										62
									],
									"uv_size": [
										12,
										4
									]
								},
								"west": {
									"uv": [
										60,
										5
									],
									"uv_size": [
										13,
										4
									]
								},
								"up": {
									"uv": [
										0,
										34
									],
									"uv_size": [
										12,
										13
									]
								},
								"down": {
									"uv": [
										47,
										13
									],
									"uv_size": [
										12,
										-13
									]
								}
							}
						},
						{
							"origin": [
								-6,
								13,
								-7
							],
							"size": [
								12,
								1,
								13
							],
							"uv": {
								"north": {
									"uv": [
										74,
										38
									],
									"uv_size": [
										12,
										1
									]
								},
								"east": {
									"uv": [
										73,
										50
									],
									"uv_size": [
										13,
										1
									]
								},
								"south": {
									"uv": [
										74,
										40
									],
									"uv_size": [
										12,
										1
									]
								},
								"west": {
									"uv": [
										73,
										52
									],
									"uv_size": [
										13,
										1
									]
								},
								"up": {
									"uv": [
										47,
										14
									],
									"uv_size": [
										12,
										13
									]
								},
								"down": {
									"uv": [
										47,
										41
									],
									"uv_size": [
										12,
										-13
									]
								}
							}
						},
						{
							"origin": [
								-6,
								8,
								-7
							],
							"size": [
								12,
								1,
								13
							],
							"uv": {
								"north": {
									"uv": [
										74,
										42
									],
									"uv_size": [
										12,
										1
									]
								},
								"east": {
									"uv": [
										67,
										73
									],
									"uv_size": [
										13,
										1
									]
								},
								"south": {
									"uv": [
										74,
										44
									],
									"uv_size": [
										12,
										1
									]
								},
								"west": {
									"uv": [
										74,
										0
									],
									"uv_size": [
										13,
										1
									]
								},
								"up": {
									"uv": [
										47,
										42
									],
									"uv_size": [
										12,
										13
									]
								},
								"down": {
									"uv": [
										0,
										61
									],
									"uv_size": [
										12,
										-13
									]
								}
							}
						}
					]
				},
				{
					"name": "bone",
					"pivot": [
						0,
						1,
						-0.2
					],
					"cubes": [
						{
							"origin": [
								-6,
								9,
								-11.2
							],
							"size": [
								12,
								1,
								13
							],
							"uv": {
								"north": {
									"uv": [
										74,
										46
									],
									"uv_size": [
										12,
										1
									]
								},
								"east": {
									"uv": [
										74,
										2
									],
									"uv_size": [
										13,
										1
									]
								},
								"south": {
									"uv": [
										74,
										48
									],
									"uv_size": [
										12,
										1
									]
								},
								"west": {
									"uv": [
										74,
										4
									],
									"uv_size": [
										13,
										1
									]
								},
								"up": {
									"uv": [
										13,
										48
									],
									"uv_size": [
										12,
										13
									]
								},
								"down": {
									"uv": [
										26,
										61
									],
									"uv_size": [
										12,
										-13
									]
								}
							}
						},
						{
							"origin": [
								-6,
								9,
								-11.2
							],
							"size": [
								1,
								4,
								13
							],
							"uv": {
								"north": {
									"uv": [
										39,
										48
									],
									"uv_size": [
										1,
										4
									]
								},
								"east": {
									"uv": [
										60,
										10
									],
									"uv_size": [
										13,
										4
									]
								},
								"south": {
									"uv": [
										41,
										48
									],
									"uv_size": [
										1,
										4
									]
								},
								"west": {
									"uv": [
										60,
										15
									],
									"uv_size": [
										13,
										4
									]
								},
								"up": {
									"uv": [
										13,
										34
									],
									"uv_size": [
										1,
										13
									]
								},
								"down": {
									"uv": [
										15,
										47
									],
									"uv_size": [
										1,
										-13
									]
								}
							}
						},
						{
							"origin": [
								5,
								9,
								-11.2
							],
							"size": [
								1,
								4,
								13
							],
							"uv": {
								"north": {
									"uv": [
										43,
										48
									],
									"uv_size": [
										1,
										4
									]
								},
								"east": {
									"uv": [
										60,
										20
									],
									"uv_size": [
										13,
										4
									]
								},
								"south": {
									"uv": [
										45,
										48
									],
									"uv_size": [
										1,
										4
									]
								},
								"west": {
									"uv": [
										60,
										25
									],
									"uv_size": [
										13,
										4
									]
								},
								"up": {
									"uv": [
										74,
										6
									],
									"uv_size": [
										1,
										13
									]
								},
								"down": {
									"uv": [
										74,
										33
									],
									"uv_size": [
										1,
										-13
									]
								}
							}
						},
						{
							"origin": [
								-5,
								9,
								0.8
							],
							"size": [
								11,
								4,
								1
							],
							"uv": {
								"north": {
									"uv": [
										13,
										62
									],
									"uv_size": [
										11,
										4
									]
								},
								"east": {
									"uv": [
										37,
										62
									],
									"uv_size": [
										1,
										4
									]
								},
								"south": {
									"uv": [
										25,
										62
									],
									"uv_size": [
										11,
										4
									]
								},
								"west": {
									"uv": [
										8,
										75
									],
									"uv_size": [
										1,
										4
									]
								},
								"up": {
									"uv": [
										67,
										75
									],
									"uv_size": [
										11,
										1
									]
								},
								"down": {
									"uv": [
										76,
										7
									],
									"uv_size": [
										11,
										-1
									]
								}
							}
						},
						{
							"origin": [
								-5,
								9,
								-11.2
							],
							"size": [
								11,
								4,
								1
							],
							"uv": {
								"north": {
									"uv": [
										65,
										55
									],
									"uv_size": [
										11,
										4
									]
								},
								"east": {
									"uv": [
										10,
										75
									],
									"uv_size": [
										1,
										4
									]
								},
								"south": {
									"uv": [
										65,
										60
									],
									"uv_size": [
										11,
										4
									]
								},
								"west": {
									"uv": [
										12,
										75
									],
									"uv_size": [
										1,
										4
									]
								},
								"up": {
									"uv": [
										76,
										8
									],
									"uv_size": [
										11,
										1
									]
								},
								"down": {
									"uv": [
										76,
										11
									],
									"uv_size": [
										11,
										-1
									]
								}
							}
						},
						{
							"origin": [
								-1.7,
								10.4,
								-11.4
							],
							"size": [
								3.4,
								1,
								0.2
							],
							"uv": {
								"north": {
									"uv": [
										39,
										53
									],
									"uv_size": [
										3,
										1
									]
								},
								"east": {
									"uv": [
										36,
										67
									],
									"uv_size": [
										1,
										1
									]
								},
								"south": {
									"uv": [
										43,
										53
									],
									"uv_size": [
										3,
										1
									]
								},
								"west": {
									"uv": [
										51,
										77
									],
									"uv_size": [
										1,
										1
									]
								},
								"up": {
									"uv": [
										76,
										30
									],
									"uv_size": [
										3,
										1
									]
								},
								"down": {
									"uv": [
										76,
										33
									],
									"uv_size": [
										3,
										-1
									]
								}
							}
						}
					]
				},
				{
					"name": "bone2",
					"pivot": [
						0,
						-4,
						-0.2
					],
					"cubes": [
						{
							"origin": [
								-6,
								4,
								-11.2
							],
							"size": [
								12,
								1,
								13
							],
							"uv": {
								"north": {
									"uv": [
										29,
										75
									],
									"uv_size": [
										12,
										1
									]
								},
								"east": {
									"uv": [
										74,
										34
									],
									"uv_size": [
										13,
										1
									]
								},
								"south": {
									"uv": [
										42,
										75
									],
									"uv_size": [
										12,
										1
									]
								},
								"west": {
									"uv": [
										74,
										36
									],
									"uv_size": [
										13,
										1
									]
								},
								"up": {
									"uv": [
										39,
										56
									],
									"uv_size": [
										12,
										13
									]
								},
								"down": {
									"uv": [
										52,
										69
									],
									"uv_size": [
										12,
										-13
									]
								}
							}
						},
						{
							"origin": [
								-6,
								4,
								-11.2
							],
							"size": [
								1,
								4,
								13
							],
							"uv": {
								"north": {
									"uv": [
										14,
										75
									],
									"uv_size": [
										1,
										4
									]
								},
								"east": {
									"uv": [
										60,
										30
									],
									"uv_size": [
										13,
										4
									]
								},
								"south": {
									"uv": [
										55,
										75
									],
									"uv_size": [
										1,
										4
									]
								},
								"west": {
									"uv": [
										60,
										35
									],
									"uv_size": [
										13,
										4
									]
								},
								"up": {
									"uv": [
										0,
										75
									],
									"uv_size": [
										1,
										13
									]
								},
								"down": {
									"uv": [
										2,
										88
									],
									"uv_size": [
										1,
										-13
									]
								}
							}
						},
						{
							"origin": [
								5,
								4,
								-11.2
							],
							"size": [
								1,
								4,
								13
							],
							"uv": {
								"north": {
									"uv": [
										57,
										75
									],
									"uv_size": [
										1,
										4
									]
								},
								"east": {
									"uv": [
										60,
										40
									],
									"uv_size": [
										13,
										4
									]
								},
								"south": {
									"uv": [
										76,
										20
									],
									"uv_size": [
										1,
										4
									]
								},
								"west": {
									"uv": [
										60,
										45
									],
									"uv_size": [
										13,
										4
									]
								},
								"up": {
									"uv": [
										4,
										75
									],
									"uv_size": [
										1,
										13
									]
								},
								"down": {
									"uv": [
										6,
										88
									],
									"uv_size": [
										1,
										-13
									]
								}
							}
						},
						{
							"origin": [
								-5,
								4,
								0.8
							],
							"size": [
								11,
								4,
								1
							],
							"uv": {
								"north": {
									"uv": [
										65,
										65
									],
									"uv_size": [
										11,
										4
									]
								},
								"east": {
									"uv": [
										76,
										25
									],
									"uv_size": [
										1,
										4
									]
								},
								"south": {
									"uv": [
										0,
										67
									],
									"uv_size": [
										11,
										4
									]
								},
								"west": {
									"uv": [
										29,
										77
									],
									"uv_size": [
										1,
										4
									]
								},
								"up": {
									"uv": [
										76,
										12
									],
									"uv_size": [
										11,
										1
									]
								},
								"down": {
									"uv": [
										76,
										15
									],
									"uv_size": [
										11,
										-1
									]
								}
							}
						},
						{
							"origin": [
								-5,
								4,
								-11.2
							],
							"size": [
								11,
								4,
								1
							],
							"uv": {
								"north": {
									"uv": [
										12,
										67
									],
									"uv_size": [
										11,
										4
									]
								},
								"east": {
									"uv": [
										31,
										77
									],
									"uv_size": [
										1,
										4
									]
								},
								"south": {
									"uv": [
										24,
										67
									],
									"uv_size": [
										11,
										4
									]
								},
								"west": {
									"uv": [
										33,
										77
									],
									"uv_size": [
										1,
										4
									]
								},
								"up": {
									"uv": [
										76,
										16
									],
									"uv_size": [
										11,
										1
									]
								},
								"down": {
									"uv": [
										76,
										19
									],
									"uv_size": [
										11,
										-1
									]
								}
							}
						},
						{
							"origin": [
								-1.7,
								5.4,
								-11.4
							],
							"size": [
								3.4,
								1,
								0.2
							],
							"uv": {
								"north": {
									"uv": [
										35,
										77
									],
									"uv_size": [
										3,
										1
									]
								},
								"east": {
									"uv": [
										53,
										77
									],
									"uv_size": [
										1,
										1
									]
								},
								"south": {
									"uv": [
										39,
										77
									],
									"uv_size": [
										3,
										1
									]
								},
								"west": {
									"uv": [
										77,
										54
									],
									"uv_size": [
										1,
										1
									]
								},
								"up": {
									"uv": [
										43,
										77
									],
									"uv_size": [
										3,
										1
									]
								},
								"down": {
									"uv": [
										47,
										78
									],
									"uv_size": [
										3,
										-1
									]
								}
							}
						}
					]
				}
			]
		}
	]
}