{
	"format_version": "1.12.0",
	"minecraft:geometry": [
		{
			"description": {
				"identifier": "geometry.lighting_box",
				"texture_width": 128,
				"texture_height": 128,
				"visible_bounds_width": 2,
				"visible_bounds_height": 2.5,
				"visible_bounds_offset": [
					0,
					0.75,
					0
				]
			},
			"bones": [
				{
					"name": "bb_main",
					"pivot": [
						0,
						0,
						0
					],
					"cubes": [
						{
							"origin": [
								-7.5,
								0.5,
								-7.5
							],
							"size": [
								15,
								15,
								15
							],
							"uv": {
								"north": {
									"uv": [
										0,
										0
									],
									"uv_size": [
										15,
										15
									]
								},
								"east": {
									"uv": [
										0,
										16
									],
									"uv_size": [
										15,
										15
									]
								},
								"south": {
									"uv": [
										16,
										0
									],
									"uv_size": [
										15,
										15
									]
								},
								"west": {
									"uv": [
										16,
										16
									],
									"uv_size": [
										15,
										15
									]
								},
								"up": {
									"uv": [
										0,
										32
									],
									"uv_size": [
										15,
										15
									]
								},
								"down": {
									"uv": [
										32,
										15
									],
									"uv_size": [
										15,
										-15
									]
								}
							}
						},
						{
							"origin": [
								-8,
								0,
								-8
							],
							"size": [
								2,
								16,
								2
							],
							"uv": {
								"north": {
									"uv": [
										33,
										60
									],
									"uv_size": [
										2,
										16
									]
								},
								"east": {
									"uv": [
										36,
										60
									],
									"uv_size": [
										2,
										16
									]
								},
								"south": {
									"uv": [
										39,
										60
									],
									"uv_size": [
										2,
										16
									]
								},
								"west": {
									"uv": [
										42,
										60
									],
									"uv_size": [
										2,
										16
									]
								},
								"up": {
									"uv": [
										27,
										73
									],
									"uv_size": [
										2,
										2
									]
								},
								"down": {
									"uv": [
										48,
										75
									],
									"uv_size": [
										2,
										-2
									]
								}
							}
						},
						{
							"origin": [
								6,
								0,
								-8
							],
							"size": [
								2,
								16,
								2
							],
							"uv": {
								"north": {
									"uv": [
										45,
										60
									],
									"uv_size": [
										2,
										16
									]
								},
								"east": {
									"uv": [
										61,
										47
									],
									"uv_size": [
										2,
										16
									]
								},
								"south": {
									"uv": [
										62,
										0
									],
									"uv_size": [
										2,
										16
									]
								},
								"west": {
									"uv": [
										64,
										47
									],
									"uv_size": [
										2,
										16
									]
								},
								"up": {
									"uv": [
										74,
										43
									],
									"uv_size": [
										2,
										2
									]
								},
								"down": {
									"uv": [
										70,
										76
									],
									"uv_size": [
										2,
										-2
									]
								}
							}
						},
						{
							"origin": [
								6,
								0,
								6
							],
							"size": [
								2,
								16,
								2
							],
							"uv": {
								"north": {
									"uv": [
										61,
										64
									],
									"uv_size": [
										2,
										16
									]
								},
								"east": {
									"uv": [
										64,
										64
									],
									"uv_size": [
										2,
										16
									]
								},
								"south": {
									"uv": [
										65,
										0
									],
									"uv_size": [
										2,
										16
									]
								},
								"west": {
									"uv": [
										55,
										66
									],
									"uv_size": [
										2,
										16
									]
								},
								"up": {
									"uv": [
										73,
										74
									],
									"uv_size": [
										2,
										2
									]
								},
								"down": {
									"uv": [
										27,
										78
									],
									"uv_size": [
										2,
										-2
									]
								}
							}
						},
						{
							"origin": [
								-8,
								0,
								6
							],
							"size": [
								2,
								16,
								2
							],
							"uv": {
								"north": {
									"uv": [
										58,
										66
									],
									"uv_size": [
										2,
										16
									]
								},
								"east": {
									"uv": [
										0,
										67
									],
									"uv_size": [
										2,
										16
									]
								},
								"south": {
									"uv": [
										3,
										67
									],
									"uv_size": [
										2,
										16
									]
								},
								"west": {
									"uv": [
										6,
										67
									],
									"uv_size": [
										2,
										16
									]
								},
								"up": {
									"uv": [
										48,
										76
									],
									"uv_size": [
										2,
										2
									]
								},
								"down": {
									"uv": [
										51,
										78
									],
									"uv_size": [
										2,
										-2
									]
								}
							}
						},
						{
							"origin": [
								-6,
								0,
								6
							],
							"size": [
								12,
								2,
								2
							],
							"uv": {
								"north": {
									"uv": [
										58,
										31
									],
									"uv_size": [
										12,
										2
									]
								},
								"east": {
									"uv": [
										76,
										74
									],
									"uv_size": [
										2,
										2
									]
								},
								"south": {
									"uv": [
										58,
										34
									],
									"uv_size": [
										12,
										2
									]
								},
								"west": {
									"uv": [
										77,
										21
									],
									"uv_size": [
										2,
										2
									]
								},
								"up": {
									"uv": [
										58,
										37
									],
									"uv_size": [
										12,
										2
									]
								},
								"down": {
									"uv": [
										67,
										49
									],
									"uv_size": [
										12,
										-2
									]
								}
							}
						},
						{
							"origin": [
								-6,
								14,
								6
							],
							"size": [
								12,
								2,
								2
							],
							"uv": {
								"north": {
									"uv": [
										15,
										70
									],
									"uv_size": [
										12,
										2
									]
								},
								"east": {
									"uv": [
										77,
										43
									],
									"uv_size": [
										2,
										2
									]
								},
								"south": {
									"uv": [
										70,
										68
									],
									"uv_size": [
										12,
										2
									]
								},
								"west": {
									"uv": [
										45,
										77
									],
									"uv_size": [
										2,
										2
									]
								},
								"up": {
									"uv": [
										71,
										6
									],
									"uv_size": [
										12,
										2
									]
								},
								"down": {
									"uv": [
										71,
										11
									],
									"uv_size": [
										12,
										-2
									]
								}
							}
						},
						{
							"origin": [
								-6,
								0,
								-8
							],
							"size": [
								12,
								2,
								2
							],
							"uv": {
								"north": {
									"uv": [
										67,
										50
									],
									"uv_size": [
										12,
										2
									]
								},
								"east": {
									"uv": [
										77,
										24
									],
									"uv_size": [
										2,
										2
									]
								},
								"south": {
									"uv": [
										67,
										53
									],
									"uv_size": [
										12,
										2
									]
								},
								"west": {
									"uv": [
										77,
										27
									],
									"uv_size": [
										2,
										2
									]
								},
								"up": {
									"uv": [
										67,
										56
									],
									"uv_size": [
										12,
										2
									]
								},
								"down": {
									"uv": [
										67,
										61
									],
									"uv_size": [
										12,
										-2
									]
								}
							}
						},
						{
							"origin": [
								-6,
								14,
								-8
							],
							"size": [
								12,
								2,
								2
							],
							"uv": {
								"north": {
									"uv": [
										71,
										12
									],
									"uv_size": [
										12,
										2
									]
								},
								"east": {
									"uv": [
										70,
										77
									],
									"uv_size": [
										2,
										2
									]
								},
								"south": {
									"uv": [
										71,
										15
									],
									"uv_size": [
										12,
										2
									]
								},
								"west": {
									"uv": [
										73,
										77
									],
									"uv_size": [
										2,
										2
									]
								},
								"up": {
									"uv": [
										71,
										31
									],
									"uv_size": [
										12,
										2
									]
								},
								"down": {
									"uv": [
										71,
										36
									],
									"uv_size": [
										12,
										-2
									]
								}
							}
						},
						{
							"origin": [
								6,
								0,
								-6
							],
							"size": [
								2,
								2,
								12
							],
							"uv": {
								"north": {
									"uv": [
										33,
										77
									],
									"uv_size": [
										2,
										2
									]
								},
								"east": {
									"uv": [
										67,
										62
									],
									"uv_size": [
										12,
										2
									]
								},
								"south": {
									"uv": [
										36,
										77
									],
									"uv_size": [
										2,
										2
									]
								},
								"west": {
									"uv": [
										67,
										65
									],
									"uv_size": [
										12,
										2
									]
								},
								"up": {
									"uv": [
										9,
										67
									],
									"uv_size": [
										2,
										12
									]
								},
								"down": {
									"uv": [
										12,
										79
									],
									"uv_size": [
										2,
										-12
									]
								}
							}
						},
						{
							"origin": [
								-8,
								0,
								-6
							],
							"size": [
								2,
								2,
								12
							],
							"uv": {
								"north": {
									"uv": [
										76,
										77
									],
									"uv_size": [
										2,
										2
									]
								},
								"east": {
									"uv": [
										71,
										37
									],
									"uv_size": [
										12,
										2
									]
								},
								"south": {
									"uv": [
										27,
										79
									],
									"uv_size": [
										2,
										2
									]
								},
								"west": {
									"uv": [
										70,
										71
									],
									"uv_size": [
										12,
										2
									]
								},
								"up": {
									"uv": [
										15,
										73
									],
									"uv_size": [
										2,
										12
									]
								},
								"down": {
									"uv": [
										18,
										85
									],
									"uv_size": [
										2,
										-12
									]
								}
							}
						},
						{
							"origin": [
								-8,
								14,
								-6
							],
							"size": [
								2,
								2,
								12
							],
							"uv": {
								"north": {
									"uv": [
										30,
										79
									],
									"uv_size": [
										2,
										2
									]
								},
								"east": {
									"uv": [
										74,
										18
									],
									"uv_size": [
										12,
										2
									]
								},
								"south": {
									"uv": [
										48,
										79
									],
									"uv_size": [
										2,
										2
									]
								},
								"west": {
									"uv": [
										74,
										40
									],
									"uv_size": [
										12,
										2
									]
								},
								"up": {
									"uv": [
										21,
										73
									],
									"uv_size": [
										2,
										12
									]
								},
								"down": {
									"uv": [
										24,
										85
									],
									"uv_size": [
										2,
										-12
									]
								}
							}
						},
						{
							"origin": [
								6,
								14,
								-6
							],
							"size": [
								2,
								2,
								12
							],
							"uv": {
								"north": {
									"uv": [
										39,
										77
									],
									"uv_size": [
										2,
										2
									]
								},
								"east": {
									"uv": [
										68,
										0
									],
									"uv_size": [
										12,
										2
									]
								},
								"south": {
									"uv": [
										42,
										77
									],
									"uv_size": [
										2,
										2
									]
								},
								"west": {
									"uv": [
										68,
										3
									],
									"uv_size": [
										12,
										2
									]
								},
								"up": {
									"uv": [
										68,
										6
									],
									"uv_size": [
										2,
										12
									]
								},
								"down": {
									"uv": [
										67,
										80
									],
									"uv_size": [
										2,
										-12
									]
								}
							}
						},
						{
							"origin": [
								6,
								-3.7,
								-6.6
							],
							"size": [
								2,
								18,
								2
							],
							"pivot": [
								0,
								0,
								0
							],
							"rotation": [
								-45,
								0,
								0
							],
							"uv": {
								"north": {
									"uv": [
										16,
										32
									],
									"uv_size": [
										2,
										18
									]
								},
								"east": {
									"uv": [
										32,
										16
									],
									"uv_size": [
										2,
										18
									]
								},
								"south": {
									"uv": [
										19,
										32
									],
									"uv_size": [
										2,
										18
									]
								},
								"west": {
									"uv": [
										22,
										32
									],
									"uv_size": [
										2,
										18
									]
								},
								"up": {
									"uv": [
										51,
										79
									],
									"uv_size": [
										2,
										2
									]
								},
								"down": {
									"uv": [
										79,
										76
									],
									"uv_size": [
										2,
										-2
									]
								}
							}
						},
						{
							"origin": [
								-8,
								-3.7,
								-6.6
							],
							"size": [
								2,
								18,
								2
							],
							"pivot": [
								0,
								0,
								0
							],
							"rotation": [
								-45,
								0,
								0
							],
							"uv": {
								"north": {
									"uv": [
										34,
										35
									],
									"uv_size": [
										2,
										18
									]
								},
								"east": {
									"uv": [
										37,
										35
									],
									"uv_size": [
										2,
										18
									]
								},
								"south": {
									"uv": [
										38,
										16
									],
									"uv_size": [
										2,
										18
									]
								},
								"west": {
									"uv": [
										40,
										35
									],
									"uv_size": [
										2,
										18
									]
								},
								"up": {
									"uv": [
										12,
										80
									],
									"uv_size": [
										2,
										2
									]
								},
								"down": {
									"uv": [
										80,
										23
									],
									"uv_size": [
										2,
										-2
									]
								}
							}
						},
						{
							"origin": [
								6,
								-3.4,
								4.4
							],
							"size": [
								2,
								18,
								2
							],
							"pivot": [
								0,
								0,
								0
							],
							"rotation": [
								45,
								0,
								0
							],
							"uv": {
								"north": {
									"uv": [
										25,
										32
									],
									"uv_size": [
										2,
										18
									]
								},
								"east": {
									"uv": [
										28,
										32
									],
									"uv_size": [
										2,
										18
									]
								},
								"south": {
									"uv": [
										35,
										16
									],
									"uv_size": [
										2,
										18
									]
								},
								"west": {
									"uv": [
										31,
										35
									],
									"uv_size": [
										2,
										18
									]
								},
								"up": {
									"uv": [
										79,
										77
									],
									"uv_size": [
										2,
										2
									]
								},
								"down": {
									"uv": [
										9,
										82
									],
									"uv_size": [
										2,
										-2
									]
								}
							}
						},
						{
							"origin": [
								-8,
								-3.4,
								4.4
							],
							"size": [
								2,
								18,
								2
							],
							"pivot": [
								0,
								0,
								0
							],
							"rotation": [
								45,
								0,
								0
							],
							"uv": {
								"north": {
									"uv": [
										41,
										16
									],
									"uv_size": [
										2,
										18
									]
								},
								"east": {
									"uv": [
										43,
										35
									],
									"uv_size": [
										2,
										18
									]
								},
								"south": {
									"uv": [
										44,
										16
									],
									"uv_size": [
										2,
										18
									]
								},
								"west": {
									"uv": [
										46,
										35
									],
									"uv_size": [
										2,
										18
									]
								},
								"up": {
									"uv": [
										80,
										24
									],
									"uv_size": [
										2,
										2
									]
								},
								"down": {
									"uv": [
										80,
										29
									],
									"uv_size": [
										2,
										-2
									]
								}
							}
						},
						{
							"origin": [
								-6.6,
								-3.6,
								-8
							],
							"size": [
								2,
								18,
								2
							],
							"pivot": [
								0,
								0,
								0
							],
							"rotation": [
								0,
								0,
								45
							],
							"uv": {
								"north": {
									"uv": [
										47,
										16
									],
									"uv_size": [
										2,
										18
									]
								},
								"east": {
									"uv": [
										0,
										48
									],
									"uv_size": [
										2,
										18
									]
								},
								"south": {
									"uv": [
										3,
										48
									],
									"uv_size": [
										2,
										18
									]
								},
								"west": {
									"uv": [
										6,
										48
									],
									"uv_size": [
										2,
										18
									]
								},
								"up": {
									"uv": [
										33,
										80
									],
									"uv_size": [
										2,
										2
									]
								},
								"down": {
									"uv": [
										36,
										82
									],
									"uv_size": [
										2,
										-2
									]
								}
							}
						},
						{
							"origin": [
								-6.6,
								-3.6,
								6
							],
							"size": [
								2,
								18,
								2
							],
							"pivot": [
								0,
								0,
								0
							],
							"rotation": [
								0,
								0,
								45
							],
							"uv": {
								"north": {
									"uv": [
										15,
										51
									],
									"uv_size": [
										2,
										18
									]
								},
								"east": {
									"uv": [
										18,
										51
									],
									"uv_size": [
										2,
										18
									]
								},
								"south": {
									"uv": [
										21,
										51
									],
									"uv_size": [
										2,
										18
									]
								},
								"west": {
									"uv": [
										24,
										51
									],
									"uv_size": [
										2,
										18
									]
								},
								"up": {
									"uv": [
										80,
										43
									],
									"uv_size": [
										2,
										2
									]
								},
								"down": {
									"uv": [
										45,
										82
									],
									"uv_size": [
										2,
										-2
									]
								}
							}
						},
						{
							"origin": [
								4.4,
								-3.3,
								-8
							],
							"size": [
								2,
								18,
								2
							],
							"pivot": [
								0,
								0,
								0
							],
							"rotation": [
								0,
								0,
								-45
							],
							"uv": {
								"north": {
									"uv": [
										9,
										48
									],
									"uv_size": [
										2,
										18
									]
								},
								"east": {
									"uv": [
										12,
										48
									],
									"uv_size": [
										2,
										18
									]
								},
								"south": {
									"uv": [
										49,
										35
									],
									"uv_size": [
										2,
										18
									]
								},
								"west": {
									"uv": [
										50,
										0
									],
									"uv_size": [
										2,
										18
									]
								},
								"up": {
									"uv": [
										39,
										80
									],
									"uv_size": [
										2,
										2
									]
								},
								"down": {
									"uv": [
										42,
										82
									],
									"uv_size": [
										2,
										-2
									]
								}
							}
						},
						{
							"origin": [
								4.4,
								-3.3,
								6
							],
							"size": [
								2,
								18,
								2
							],
							"pivot": [
								0,
								0,
								0
							],
							"rotation": [
								0,
								0,
								-45
							],
							"uv": {
								"north": {
									"uv": [
										27,
										51
									],
									"uv_size": [
										2,
										18
									]
								},
								"east": {
									"uv": [
										52,
										19
									],
									"uv_size": [
										2,
										18
									]
								},
								"south": {
									"uv": [
										52,
										38
									],
									"uv_size": [
										2,
										18
									]
								},
								"west": {
									"uv": [
										53,
										0
									],
									"uv_size": [
										2,
										18
									]
								},
								"up": {
									"uv": [
										80,
										46
									],
									"uv_size": [
										2,
										2
									]
								},
								"down": {
									"uv": [
										80,
										51
									],
									"uv_size": [
										2,
										-2
									]
								}
							}
						},
						{
							"origin": [
								-0.8,
								14,
								-9.3
							],
							"size": [
								2,
								2,
								18
							],
							"pivot": [
								0,
								0,
								0
							],
							"rotation": [
								0,
								-45,
								0
							],
							"uv": {
								"north": {
									"uv": [
										80,
										52
									],
									"uv_size": [
										2,
										2
									]
								},
								"east": {
									"uv": [
										30,
										54
									],
									"uv_size": [
										18,
										2
									]
								},
								"south": {
									"uv": [
										80,
										55
									],
									"uv_size": [
										2,
										2
									]
								},
								"west": {
									"uv": [
										55,
										19
									],
									"uv_size": [
										18,
										2
									]
								},
								"up": {
									"uv": [
										49,
										54
									],
									"uv_size": [
										2,
										18
									]
								},
								"down": {
									"uv": [
										55,
										40
									],
									"uv_size": [
										2,
										-18
									]
								}
							}
						},
						{
							"origin": [
								-0.8,
								0,
								-9.3
							],
							"size": [
								2,
								2,
								18
							],
							"pivot": [
								0,
								0,
								0
							],
							"rotation": [
								0,
								-45,
								0
							],
							"uv": {
								"north": {
									"uv": [
										73,
										80
									],
									"uv_size": [
										2,
										2
									]
								},
								"east": {
									"uv": [
										58,
										25
									],
									"uv_size": [
										18,
										2
									]
								},
								"south": {
									"uv": [
										76,
										80
									],
									"uv_size": [
										2,
										2
									]
								},
								"west": {
									"uv": [
										58,
										28
									],
									"uv_size": [
										18,
										2
									]
								},
								"up": {
									"uv": [
										59,
										0
									],
									"uv_size": [
										2,
										18
									]
								},
								"down": {
									"uv": [
										30,
										78
									],
									"uv_size": [
										2,
										-18
									]
								}
							}
						},
						{
							"origin": [
								-0.8,
								14,
								-8.8
							],
							"size": [
								2,
								2,
								18
							],
							"pivot": [
								0,
								0,
								0
							],
							"rotation": [
								0,
								45,
								0
							],
							"uv": {
								"north": {
									"uv": [
										80,
										58
									],
									"uv_size": [
										2,
										2
									]
								},
								"east": {
									"uv": [
										55,
										41
									],
									"uv_size": [
										18,
										2
									]
								},
								"south": {
									"uv": [
										80,
										61
									],
									"uv_size": [
										2,
										2
									]
								},
								"west": {
									"uv": [
										55,
										44
									],
									"uv_size": [
										18,
										2
									]
								},
								"up": {
									"uv": [
										55,
										47
									],
									"uv_size": [
										2,
										18
									]
								},
								"down": {
									"uv": [
										56,
										18
									],
									"uv_size": [
										2,
										-18
									]
								}
							}
						},
						{
							"origin": [
								-0.8,
								0,
								-8.8
							],
							"size": [
								2,
								2,
								18
							],
							"pivot": [
								0,
								0,
								0
							],
							"rotation": [
								0,
								45,
								0
							],
							"uv": {
								"north": {
									"uv": [
										80,
										64
									],
									"uv_size": [
										2,
										2
									]
								},
								"east": {
									"uv": [
										30,
										57
									],
									"uv_size": [
										18,
										2
									]
								},
								"south": {
									"uv": [
										70,
										80
									],
									"uv_size": [
										2,
										2
									]
								},
								"west": {
									"uv": [
										58,
										22
									],
									"uv_size": [
										18,
										2
									]
								},
								"up": {
									"uv": [
										52,
										57
									],
									"uv_size": [
										2,
										18
									]
								},
								"down": {
									"uv": [
										58,
										65
									],
									"uv_size": [
										2,
										-18
									]
								}
							}
						}
					]
				}
			]
		}
	]
}