{
	"format_version": "1.12.0",
	"minecraft:geometry": [
		{
			"description": {
				"identifier": "geometry.grass_poet_decoration",
				"texture_width": 64,
				"texture_height": 64,
				"visible_bounds_width": 2,
				"visible_bounds_height": 2.5,
				"visible_bounds_offset": [
					0,
					0.75,
					0
				]
			},
			"bones": [
				{
					"name": "bb_main",
					"pivot": [
						1,
						0,
						1
					],
					"cubes": [
						{
							"origin": [
								-2,
								1,
								-2
							],
							"size": [
								4,
								4,
								4
							],
							"uv": {
								"north": {
									"uv": [
										6,
										15
									],
									"uv_size": [
										4,
										4
									]
								},
								"east": {
									"uv": [
										2,
										15
									],
									"uv_size": [
										4,
										4
									]
								},
								"south": {
									"uv": [
										14,
										15
									],
									"uv_size": [
										4,
										4
									]
								},
								"west": {
									"uv": [
										10,
										15
									],
									"uv_size": [
										4,
										4
									]
								},
								"up": {
									"uv": [
										6,
										11
									],
									"uv_size": [
										4,
										4
									]
								},
								"down": {
									"uv": [
										10,
										15
									],
									"uv_size": [
										4,
										-4
									]
								}
							}
						},
						{
							"origin": [
								-2.5,
								0,
								-2
							],
							"size": [
								5.5,
								1,
								5
							],
							"uv": {
								"north": {
									"uv": [
										7,
										7
									],
									"uv_size": [
										5,
										1
									]
								},
								"east": {
									"uv": [
										2,
										7
									],
									"uv_size": [
										5,
										1
									]
								},
								"south": {
									"uv": [
										17,
										7
									],
									"uv_size": [
										5,
										1
									]
								},
								"west": {
									"uv": [
										12,
										7
									],
									"uv_size": [
										5,
										1
									]
								},
								"up": {
									"uv": [
										7,
										2
									],
									"uv_size": [
										5,
										5
									]
								},
								"down": {
									"uv": [
										12,
										7
									],
									"uv_size": [
										5,
										-5
									]
								}
							}
						},
						{
							"origin": [
								-3.1,
								0,
								-2
							],
							"size": [
								1,
								6,
								4
							],
							"uv": {
								"north": {
									"uv": [
										38,
										7
									],
									"uv_size": [
										1,
										6
									]
								},
								"east": {
									"uv": [
										34,
										7
									],
									"uv_size": [
										4,
										6
									]
								},
								"south": {
									"uv": [
										43,
										7
									],
									"uv_size": [
										1,
										6
									]
								},
								"west": {
									"uv": [
										39,
										7
									],
									"uv_size": [
										4,
										6
									]
								},
								"up": {
									"uv": [
										38,
										3
									],
									"uv_size": [
										1,
										4
									]
								},
								"down": {
									"uv": [
										39,
										7
									],
									"uv_size": [
										1,
										-4
									]
								}
							}
						},
						{
							"origin": [
								2.1,
								0,
								-2
							],
							"size": [
								1,
								6,
								4
							],
							"uv": {
								"north": {
									"uv": [
										28,
										22
									],
									"uv_size": [
										1,
										6
									]
								},
								"east": {
									"uv": [
										24,
										22
									],
									"uv_size": [
										4,
										6
									]
								},
								"south": {
									"uv": [
										33,
										22
									],
									"uv_size": [
										1,
										6
									]
								},
								"west": {
									"uv": [
										29,
										22
									],
									"uv_size": [
										4,
										6
									]
								},
								"up": {
									"uv": [
										28,
										18
									],
									"uv_size": [
										1,
										4
									]
								},
								"down": {
									"uv": [
										29,
										22
									],
									"uv_size": [
										1,
										-4
									]
								}
							}
						},
						{
							"origin": [
								-3,
								0,
								2
							],
							"size": [
								6,
								6,
								1.1
							],
							"uv": {
								"north": {
									"uv": [
										1,
										37
									],
									"uv_size": [
										6,
										6
									]
								},
								"east": {
									"uv": [
										0,
										37
									],
									"uv_size": [
										1,
										6
									]
								},
								"south": {
									"uv": [
										8,
										37
									],
									"uv_size": [
										6,
										6
									]
								},
								"west": {
									"uv": [
										7,
										37
									],
									"uv_size": [
										1,
										6
									]
								},
								"up": {
									"uv": [
										1,
										36
									],
									"uv_size": [
										6,
										1
									]
								},
								"down": {
									"uv": [
										7,
										37
									],
									"uv_size": [
										6,
										-1
									]
								}
							}
						},
						{
							"origin": [
								-3,
								0,
								-3.1
							],
							"size": [
								6,
								6,
								1.1
							],
							"uv": {
								"north": {
									"uv": [
										22,
										32
									],
									"uv_size": [
										6,
										6
									]
								},
								"east": {
									"uv": [
										21,
										32
									],
									"uv_size": [
										1,
										6
									]
								},
								"south": {
									"uv": [
										29,
										32
									],
									"uv_size": [
										6,
										6
									]
								},
								"west": {
									"uv": [
										28,
										32
									],
									"uv_size": [
										1,
										6
									]
								},
								"up": {
									"uv": [
										22,
										31
									],
									"uv_size": [
										6,
										1
									]
								},
								"down": {
									"uv": [
										28,
										32
									],
									"uv_size": [
										6,
										-1
									]
								}
							}
						},
						{
							"origin": [
								-5,
								5,
								0
							],
							"size": [
								10,
								13,
								0
							],
							"uv": {
								"north": {
									"uv": [
										0,
										22
									],
									"uv_size": [
										10,
										13
									]
								},
								"east": {
									"uv": [
										0,
										22
									],
									"uv_size": [
										0,
										13
									]
								},
								"south": {
									"uv": [
										10,
										22
									],
									"uv_size": [
										10,
										13
									]
								},
								"west": {
									"uv": [
										10,
										22
									],
									"uv_size": [
										0,
										13
									]
								},
								"up": {
									"uv": [
										0,
										22
									],
									"uv_size": [
										10,
										0
									]
								},
								"down": {
									"uv": [
										10,
										22
									],
									"uv_size": [
										10,
										0
									]
								}
							}
						},
						{
							"origin": [
								-5,
								5,
								0
							],
							"size": [
								10,
								13,
								0
							],
							"pivot": [
								0,
								-2,
								0
							],
							"rotation": [
								0,
								-90,
								0
							],
							"uv": {
								"north": {
									"uv": [
										0,
										22
									],
									"uv_size": [
										10,
										13
									]
								},
								"east": {
									"uv": [
										0,
										22
									],
									"uv_size": [
										0,
										13
									]
								},
								"south": {
									"uv": [
										10,
										22
									],
									"uv_size": [
										10,
										13
									]
								},
								"west": {
									"uv": [
										10,
										22
									],
									"uv_size": [
										0,
										13
									]
								},
								"up": {
									"uv": [
										0,
										22
									],
									"uv_size": [
										10,
										0
									]
								},
								"down": {
									"uv": [
										10,
										22
									],
									"uv_size": [
										10,
										0
									]
								}
							}
						}
					]
				}
			]
		}
	]
}