{
	"format_version": "1.12.0",
	"minecraft:geometry": [
		{
			"description": {
				"identifier": "geometry.tv_minecraft_gamer",
				"texture_width": 16,
				"texture_height": 16,
				"visible_bounds_width": 3,
				"visible_bounds_height": 2.5,
				"visible_bounds_offset": [
					0,
					0.75,
					0
				]
			},
			"bones": [
				{
					"name": "bb_main",
					"pivot": [
						0,
						0,
						0
					],
					"cubes": [
						{
							"origin": [
								-14,
								4,
								-1.4
							],
							"size": [
								28,
								14,
								1
							],
							"uv": {
								"north": {
									"uv": [
										0,
										0
									],
									"uv_size": [
										16,
										8
									]
								},
								"east": {
									"uv": [
										0,
										0
									],
									"uv_size": [
										1,
										14
									]
								},
								"south": {
									"uv": [
										0,
										0
									],
									"uv_size": [
										16,
										14
									]
								},
								"west": {
									"uv": [
										0,
										0
									],
									"uv_size": [
										1,
										14
									]
								},
								"up": {
									"uv": [
										16,
										1
									],
									"uv_size": [
										-16,
										-1
									]
								},
								"down": {
									"uv": [
										16,
										1
									],
									"uv_size": [
										-16,
										-1
									]
								}
							}
						},
						{
							"origin": [
								-15,
								3,
								-1.7
							],
							"size": [
								30,
								1,
								1.8
							],
							"uv": {
								"north": {
									"uv": [
										0,
										14.2
									],
									"uv_size": [
										16,
										1
									]
								},
								"east": {
									"uv": [
										0,
										14.2
									],
									"uv_size": [
										1.8,
										1
									]
								},
								"south": {
									"uv": [
										0,
										14.2
									],
									"uv_size": [
										16,
										1
									]
								},
								"west": {
									"uv": [
										0,
										14.2
									],
									"uv_size": [
										1.8,
										1
									]
								},
								"up": {
									"uv": [
										16,
										16
									],
									"uv_size": [
										-16,
										-1.8
									]
								},
								"down": {
									"uv": [
										16,
										16
									],
									"uv_size": [
										-16,
										-1.8
									]
								}
							}
						},
						{
							"origin": [
								-15,
								18,
								-1.7
							],
							"size": [
								30,
								1,
								1.8
							],
							"uv": {
								"north": {
									"uv": [
										0,
										14.2
									],
									"uv_size": [
										16,
										1
									]
								},
								"east": {
									"uv": [
										0,
										14.2
									],
									"uv_size": [
										1.8,
										1
									]
								},
								"south": {
									"uv": [
										0,
										14.2
									],
									"uv_size": [
										16,
										1
									]
								},
								"west": {
									"uv": [
										0,
										14.2
									],
									"uv_size": [
										1.8,
										1
									]
								},
								"up": {
									"uv": [
										16,
										16
									],
									"uv_size": [
										-16,
										-1.8
									]
								},
								"down": {
									"uv": [
										16,
										16
									],
									"uv_size": [
										-16,
										-1.8
									]
								}
							}
						},
						{
							"origin": [
								-14.3,
								3.8,
								-0.2
							],
							"size": [
								28.6,
								14.4,
								0.3
							],
							"uv": {
								"north": {
									"uv": [
										0,
										9.64
									],
									"uv_size": [
										16,
										6.36
									]
								},
								"east": {
									"uv": [
										0,
										11.12
									],
									"uv_size": [
										16,
										4.88
									]
								},
								"south": {
									"uv": [
										0,
										9.2
									],
									"uv_size": [
										16,
										6.8
									]
								},
								"west": {
									"uv": [
										0,
										11.4
									],
									"uv_size": [
										15.88,
										4.6
									]
								},
								"up": {
									"uv": [
										16,
										16
									],
									"uv_size": [
										-16,
										-5.22
									]
								},
								"down": {
									"uv": [
										16,
										16
									],
									"uv_size": [
										-16,
										-4.94
									]
								}
							}
						},
						{
							"origin": [
								-15,
								4,
								-1.7
							],
							"size": [
								1,
								14,
								1.8
							],
							"uv": {
								"north": {
									"uv": [
										0,
										9.16
									],
									"uv_size": [
										16,
										6.84
									]
								},
								"east": {
									"uv": [
										0,
										11.28
									],
									"uv_size": [
										16,
										4.72
									]
								},
								"south": {
									"uv": [
										0,
										11.28
									],
									"uv_size": [
										16,
										4.72
									]
								},
								"west": {
									"uv": [
										0,
										11.28
									],
									"uv_size": [
										16,
										4.72
									]
								},
								"up": {
									"uv": [
										16,
										8.52
									],
									"uv_size": [
										-16,
										7.48
									]
								},
								"down": {
									"uv": [
										16,
										8.52
									],
									"uv_size": [
										-16,
										7.48
									]
								}
							}
						},
						{
							"origin": [
								14,
								4,
								-1.7
							],
							"size": [
								1,
								14,
								1.8
							],
							"uv": {
								"north": {
									"uv": [
										16,
										9.16
									],
									"uv_size": [
										-16,
										6.84
									]
								},
								"east": {
									"uv": [
										16,
										11.28
									],
									"uv_size": [
										-16,
										4.72
									]
								},
								"south": {
									"uv": [
										16,
										11.28
									],
									"uv_size": [
										-16,
										4.72
									]
								},
								"west": {
									"uv": [
										16,
										11.28
									],
									"uv_size": [
										-16,
										4.72
									]
								},
								"up": {
									"uv": [
										0,
										8.52
									],
									"uv_size": [
										16,
										7.48
									]
								},
								"down": {
									"uv": [
										0,
										8.52
									],
									"uv_size": [
										16,
										7.48
									]
								}
							}
						},
						{
							"origin": [
								-5,
								0,
								-2.9
							],
							"size": [
								10,
								0.9,
								5.6
							],
							"uv": {
								"north": {
									"uv": [
										0,
										10.4
									],
									"uv_size": [
										12,
										0.9
									]
								},
								"east": {
									"uv": [
										0,
										10.4
									],
									"uv_size": [
										5.6,
										0.9
									]
								},
								"south": {
									"uv": [
										0,
										10.4
									],
									"uv_size": [
										12,
										0.9
									]
								},
								"west": {
									"uv": [
										0,
										10.4
									],
									"uv_size": [
										5.6,
										0.9
									]
								},
								"up": {
									"uv": [
										12,
										16
									],
									"uv_size": [
										-12,
										-5.6
									]
								},
								"down": {
									"uv": [
										12,
										16
									],
									"uv_size": [
										-12,
										-5.6
									]
								}
							}
						},
						{
							"origin": [
								-6,
								0,
								-1.9
							],
							"size": [
								1,
								0.9,
								3.6
							],
							"uv": {
								"north": {
									"uv": [
										0,
										10.4
									],
									"uv_size": [
										12,
										0.9
									]
								},
								"east": {
									"uv": [
										0,
										10.4
									],
									"uv_size": [
										5.6,
										0.9
									]
								},
								"south": {
									"uv": [
										0,
										10.4
									],
									"uv_size": [
										12,
										0.9
									]
								},
								"west": {
									"uv": [
										0,
										10.4
									],
									"uv_size": [
										5.6,
										0.9
									]
								},
								"up": {
									"uv": [
										12,
										16
									],
									"uv_size": [
										-12,
										-5.6
									]
								},
								"down": {
									"uv": [
										12,
										16
									],
									"uv_size": [
										-12,
										-5.6
									]
								}
							}
						},
						{
							"origin": [
								5,
								0,
								-1.9
							],
							"size": [
								1,
								0.9,
								3.6
							],
							"uv": {
								"north": {
									"uv": [
										12,
										10.4
									],
									"uv_size": [
										-12,
										0.9
									]
								},
								"east": {
									"uv": [
										5.6,
										10.4
									],
									"uv_size": [
										-5.6,
										0.9
									]
								},
								"south": {
									"uv": [
										12,
										10.4
									],
									"uv_size": [
										-12,
										0.9
									]
								},
								"west": {
									"uv": [
										5.6,
										10.4
									],
									"uv_size": [
										-5.6,
										0.9
									]
								},
								"up": {
									"uv": [
										0,
										16
									],
									"uv_size": [
										12,
										-5.6
									]
								},
								"down": {
									"uv": [
										0,
										16
									],
									"uv_size": [
										12,
										-5.6
									]
								}
							}
						},
						{
							"origin": [
								4.6,
								0,
								1.5
							],
							"size": [
								1,
								0.9,
								1.4
							],
							"pivot": [
								0,
								0,
								0
							],
							"rotation": [
								0,
								45,
								0
							],
							"uv": {
								"north": {
									"uv": [
										0,
										10.4
									],
									"uv_size": [
										12,
										0.9
									]
								},
								"east": {
									"uv": [
										0,
										10.4
									],
									"uv_size": [
										5.6,
										0.9
									]
								},
								"south": {
									"uv": [
										0,
										10.4
									],
									"uv_size": [
										12,
										0.9
									]
								},
								"west": {
									"uv": [
										0,
										10.4
									],
									"uv_size": [
										5.6,
										0.9
									]
								},
								"up": {
									"uv": [
										12,
										16
									],
									"uv_size": [
										-12,
										-5.6
									]
								},
								"down": {
									"uv": [
										12,
										16
									],
									"uv_size": [
										-12,
										-5.6
									]
								}
							}
						},
						{
							"origin": [
								4.43,
								0,
								-3.05
							],
							"size": [
								1,
								0.9,
								1.45
							],
							"pivot": [
								0,
								0,
								0
							],
							"rotation": [
								0,
								-45,
								0
							],
							"uv": {
								"north": {
									"uv": [
										0,
										10.4
									],
									"uv_size": [
										12,
										0.9
									]
								},
								"east": {
									"uv": [
										0,
										10.4
									],
									"uv_size": [
										5.6,
										0.9
									]
								},
								"south": {
									"uv": [
										0,
										10.4
									],
									"uv_size": [
										12,
										0.9
									]
								},
								"west": {
									"uv": [
										0,
										10.4
									],
									"uv_size": [
										5.6,
										0.9
									]
								},
								"up": {
									"uv": [
										12,
										16
									],
									"uv_size": [
										-12,
										-5.6
									]
								},
								"down": {
									"uv": [
										12,
										16
									],
									"uv_size": [
										-12,
										-5.6
									]
								}
							}
						},
						{
							"origin": [
								-2.5,
								7.4,
								2
							],
							"size": [
								5,
								4.3,
								1
							],
							"pivot": [
								0,
								0,
								-0.4
							],
							"rotation": [
								14,
								0,
								0
							],
							"uv": {
								"north": {
									"uv": [
										0,
										11.7
									],
									"uv_size": [
										5,
										4.3
									]
								},
								"east": {
									"uv": [
										0,
										11.7
									],
									"uv_size": [
										1,
										4.3
									]
								},
								"south": {
									"uv": [
										0,
										11.7
									],
									"uv_size": [
										5,
										4.3
									]
								},
								"west": {
									"uv": [
										0,
										11.7
									],
									"uv_size": [
										1,
										4.3
									]
								},
								"up": {
									"uv": [
										5,
										12.7
									],
									"uv_size": [
										-5,
										-1
									]
								},
								"down": {
									"uv": [
										5,
										12.7
									],
									"uv_size": [
										-5,
										-1
									]
								}
							}
						},
						{
							"origin": [
								-2.5,
								0,
								-0.9
							],
							"size": [
								5,
								8,
								2
							],
							"uv": {
								"north": {
									"uv": [
										0,
										8
									],
									"uv_size": [
										5,
										8
									]
								},
								"east": {
									"uv": [
										0,
										8
									],
									"uv_size": [
										2,
										8
									]
								},
								"south": {
									"uv": [
										0,
										8
									],
									"uv_size": [
										5,
										8
									]
								},
								"west": {
									"uv": [
										0,
										8
									],
									"uv_size": [
										2,
										8
									]
								},
								"up": {
									"uv": [
										5,
										10
									],
									"uv_size": [
										-5,
										-2
									]
								},
								"down": {
									"uv": [
										5,
										10
									],
									"uv_size": [
										-5,
										-2
									]
								}
							}
						},
						{
							"origin": [
								-5.43,
								0,
								-3.05
							],
							"size": [
								1,
								0.9,
								1.45
							],
							"pivot": [
								0,
								0,
								0
							],
							"rotation": [
								0,
								45,
								0
							],
							"uv": {
								"north": {
									"uv": [
										12,
										10.4
									],
									"uv_size": [
										-12,
										0.9
									]
								},
								"east": {
									"uv": [
										5.6,
										10.4
									],
									"uv_size": [
										-5.6,
										0.9
									]
								},
								"south": {
									"uv": [
										12,
										10.4
									],
									"uv_size": [
										-12,
										0.9
									]
								},
								"west": {
									"uv": [
										5.6,
										10.4
									],
									"uv_size": [
										-5.6,
										0.9
									]
								},
								"up": {
									"uv": [
										0,
										16
									],
									"uv_size": [
										12,
										-5.6
									]
								},
								"down": {
									"uv": [
										0,
										16
									],
									"uv_size": [
										12,
										-5.6
									]
								}
							}
						},
						{
							"origin": [
								-5.6,
								0,
								1.5
							],
							"size": [
								1,
								0.9,
								1.4
							],
							"pivot": [
								0,
								0,
								0
							],
							"rotation": [
								0,
								-45,
								0
							],
							"uv": {
								"north": {
									"uv": [
										12,
										10.4
									],
									"uv_size": [
										-12,
										0.9
									]
								},
								"east": {
									"uv": [
										5.6,
										10.4
									],
									"uv_size": [
										-5.6,
										0.9
									]
								},
								"south": {
									"uv": [
										12,
										10.4
									],
									"uv_size": [
										-12,
										0.9
									]
								},
								"west": {
									"uv": [
										5.6,
										10.4
									],
									"uv_size": [
										-5.6,
										0.9
									]
								},
								"up": {
									"uv": [
										0,
										16
									],
									"uv_size": [
										12,
										-5.6
									]
								},
								"down": {
									"uv": [
										0,
										16
									],
									"uv_size": [
										12,
										-5.6
									]
								}
							}
						}
					]
				}
			]
		}
	]
}