{
	"format_version": "1.12.0",
	"minecraft:geometry": [
		{
			"description": {
				"identifier": "geometry.tv_minecraft_gamer_wall",
				"texture_width": 16,
				"texture_height": 16,
				"visible_bounds_width": 3,
				"visible_bounds_height": 2.5,
				"visible_bounds_offset": [
					0,
					0.75,
					0
				]
			},
			"bones": [
				{
					"name": "bb_main",
					"pivot": [
						0,
						0,
						0
					],
					"cubes": [
						{
							"origin": [
								-14,
								1,
								5.6
							],
							"size": [
								28,
								14,
								1
							],
							"uv": {
								"north": {
									"uv": [
										0,
										0
									],
									"uv_size": [
										16,
										8
									]
								},
								"east": {
									"uv": [
										0,
										0
									],
									"uv_size": [
										1,
										14
									]
								},
								"south": {
									"uv": [
										0,
										0
									],
									"uv_size": [
										16,
										14
									]
								},
								"west": {
									"uv": [
										0,
										0
									],
									"uv_size": [
										1,
										14
									]
								},
								"up": {
									"uv": [
										16,
										1
									],
									"uv_size": [
										-16,
										-1
									]
								},
								"down": {
									"uv": [
										16,
										1
									],
									"uv_size": [
										-16,
										-1
									]
								}
							}
						},
						{
							"origin": [
								-15,
								0,
								5.3
							],
							"size": [
								30,
								1,
								1.8
							],
							"uv": {
								"north": {
									"uv": [
										0,
										14.2
									],
									"uv_size": [
										16,
										1
									]
								},
								"east": {
									"uv": [
										0,
										14.2
									],
									"uv_size": [
										1.8,
										1
									]
								},
								"south": {
									"uv": [
										0,
										14.2
									],
									"uv_size": [
										16,
										1
									]
								},
								"west": {
									"uv": [
										0,
										14.2
									],
									"uv_size": [
										1.8,
										1
									]
								},
								"up": {
									"uv": [
										16,
										16
									],
									"uv_size": [
										-16,
										-1.8
									]
								},
								"down": {
									"uv": [
										16,
										16
									],
									"uv_size": [
										-16,
										-1.8
									]
								}
							}
						},
						{
							"origin": [
								-15,
								15,
								5.3
							],
							"size": [
								30,
								1,
								1.8
							],
							"uv": {
								"north": {
									"uv": [
										0,
										14.2
									],
									"uv_size": [
										16,
										1
									]
								},
								"east": {
									"uv": [
										0,
										14.2
									],
									"uv_size": [
										1.8,
										1
									]
								},
								"south": {
									"uv": [
										0,
										14.2
									],
									"uv_size": [
										16,
										1
									]
								},
								"west": {
									"uv": [
										0,
										14.2
									],
									"uv_size": [
										1.8,
										1
									]
								},
								"up": {
									"uv": [
										16,
										16
									],
									"uv_size": [
										-16,
										-1.8
									]
								},
								"down": {
									"uv": [
										16,
										16
									],
									"uv_size": [
										-16,
										-1.8
									]
								}
							}
						},
						{
							"origin": [
								-14.3,
								0.8,
								6.8
							],
							"size": [
								28.6,
								14.4,
								0.3
							],
							"uv": {
								"north": {
									"uv": [
										0,
										9.64
									],
									"uv_size": [
										16,
										6.36
									]
								},
								"east": {
									"uv": [
										0,
										11.12
									],
									"uv_size": [
										16,
										4.88
									]
								},
								"south": {
									"uv": [
										0,
										9.2
									],
									"uv_size": [
										16,
										6.8
									]
								},
								"west": {
									"uv": [
										0,
										11.4
									],
									"uv_size": [
										15.88,
										4.6
									]
								},
								"up": {
									"uv": [
										16,
										16
									],
									"uv_size": [
										-16,
										-5.22
									]
								},
								"down": {
									"uv": [
										16,
										16
									],
									"uv_size": [
										-16,
										-4.94
									]
								}
							}
						},
						{
							"origin": [
								-15,
								1,
								5.3
							],
							"size": [
								1,
								14,
								1.8
							],
							"uv": {
								"north": {
									"uv": [
										0,
										9.16
									],
									"uv_size": [
										16,
										6.84
									]
								},
								"east": {
									"uv": [
										0,
										11.28
									],
									"uv_size": [
										16,
										4.72
									]
								},
								"south": {
									"uv": [
										0,
										11.28
									],
									"uv_size": [
										16,
										4.72
									]
								},
								"west": {
									"uv": [
										0,
										11.28
									],
									"uv_size": [
										16,
										4.72
									]
								},
								"up": {
									"uv": [
										16,
										8.52
									],
									"uv_size": [
										-16,
										7.48
									]
								},
								"down": {
									"uv": [
										16,
										8.52
									],
									"uv_size": [
										-16,
										7.48
									]
								}
							}
						},
						{
							"origin": [
								-6,
								4.9,
								7
							],
							"size": [
								1,
								6.7,
								1
							],
							"uv": {
								"north": {
									"uv": [
										0,
										9.16
									],
									"uv_size": [
										16,
										6.84
									]
								},
								"east": {
									"uv": [
										0,
										11.28
									],
									"uv_size": [
										16,
										4.72
									]
								},
								"south": {
									"uv": [
										0,
										11.28
									],
									"uv_size": [
										16,
										4.72
									]
								},
								"west": {
									"uv": [
										0,
										11.28
									],
									"uv_size": [
										16,
										4.72
									]
								},
								"up": {
									"uv": [
										16,
										8.52
									],
									"uv_size": [
										-16,
										7.48
									]
								},
								"down": {
									"uv": [
										16,
										8.52
									],
									"uv_size": [
										-16,
										7.48
									]
								}
							}
						},
						{
							"origin": [
								-6,
								4.9,
								7.7
							],
							"size": [
								12.8,
								6.7,
								0.3
							],
							"uv": {
								"north": {
									"uv": [
										0,
										9.16
									],
									"uv_size": [
										16,
										6.84
									]
								},
								"east": {
									"uv": [
										0,
										11.28
									],
									"uv_size": [
										16,
										4.72
									]
								},
								"south": {
									"uv": [
										0,
										11.28
									],
									"uv_size": [
										16,
										4.72
									]
								},
								"west": {
									"uv": [
										0,
										11.28
									],
									"uv_size": [
										16,
										4.72
									]
								},
								"up": {
									"uv": [
										16,
										8.52
									],
									"uv_size": [
										-16,
										7.48
									]
								},
								"down": {
									"uv": [
										16,
										8.52
									],
									"uv_size": [
										-16,
										7.48
									]
								}
							}
						},
						{
							"origin": [
								5.8,
								4.9,
								7
							],
							"size": [
								1,
								6.7,
								1
							],
							"uv": {
								"north": {
									"uv": [
										0,
										9.16
									],
									"uv_size": [
										16,
										6.84
									]
								},
								"east": {
									"uv": [
										0,
										11.28
									],
									"uv_size": [
										16,
										4.72
									]
								},
								"south": {
									"uv": [
										0,
										11.28
									],
									"uv_size": [
										16,
										4.72
									]
								},
								"west": {
									"uv": [
										0,
										11.28
									],
									"uv_size": [
										16,
										4.72
									]
								},
								"up": {
									"uv": [
										16,
										8.52
									],
									"uv_size": [
										-16,
										7.48
									]
								},
								"down": {
									"uv": [
										16,
										8.52
									],
									"uv_size": [
										-16,
										7.48
									]
								}
							}
						},
						{
							"origin": [
								14,
								1,
								5.3
							],
							"size": [
								1,
								14,
								1.8
							],
							"uv": {
								"north": {
									"uv": [
										16,
										9.16
									],
									"uv_size": [
										-16,
										6.84
									]
								},
								"east": {
									"uv": [
										16,
										11.28
									],
									"uv_size": [
										-16,
										4.72
									]
								},
								"south": {
									"uv": [
										16,
										11.28
									],
									"uv_size": [
										-16,
										4.72
									]
								},
								"west": {
									"uv": [
										16,
										11.28
									],
									"uv_size": [
										-16,
										4.72
									]
								},
								"up": {
									"uv": [
										0,
										8.52
									],
									"uv_size": [
										16,
										7.48
									]
								},
								"down": {
									"uv": [
										0,
										8.52
									],
									"uv_size": [
										16,
										7.48
									]
								}
							}
						}
					]
				}
			]
		}
	]
}