{
	"format_version": "1.12.0",
	"minecraft:geometry": [
		{
			"description": {
				"identifier": "geometry.gamer_printer_paper_off",
				"texture_width": 64,
				"texture_height": 64,
				"visible_bounds_width": 2,
				"visible_bounds_height": 2.5,
				"visible_bounds_offset": [
					0,
					0.75,
					0
				]
			},
			"bones": [
				{
					"name": "bb_main",
					"pivot": [
						0,
						0,
						0
					],
					"cubes": [
						{
							"origin": [
								-6,
								0,
								3
							],
							"size": [
								2,
								3,
								1
							],
							"uv": {
								"north": {
									"uv": [
										9,
										26
									],
									"uv_size": [
										2,
										3
									]
								},
								"east": {
									"uv": [
										36,
										44
									],
									"uv_size": [
										1,
										3
									]
								},
								"south": {
									"uv": [
										18,
										40
									],
									"uv_size": [
										2,
										3
									]
								},
								"west": {
									"uv": [
										4,
										45
									],
									"uv_size": [
										1,
										3
									]
								},
								"up": {
									"uv": [
										26,
										47
									],
									"uv_size": [
										2,
										1
									]
								},
								"down": {
									"uv": [
										47,
										27
									],
									"uv_size": [
										2,
										-1
									]
								}
							}
						},
						{
							"origin": [
								-6,
								0,
								-4
							],
							"size": [
								2,
								3,
								2
							],
							"uv": {
								"north": {
									"uv": [
										21,
										40
									],
									"uv_size": [
										2,
										3
									]
								},
								"east": {
									"uv": [
										24,
										40
									],
									"uv_size": [
										2,
										3
									]
								},
								"south": {
									"uv": [
										27,
										40
									],
									"uv_size": [
										2,
										3
									]
								},
								"west": {
									"uv": [
										30,
										40
									],
									"uv_size": [
										2,
										3
									]
								},
								"up": {
									"uv": [
										43,
										38
									],
									"uv_size": [
										2,
										2
									]
								},
								"down": {
									"uv": [
										23,
										46
									],
									"uv_size": [
										2,
										-2
									]
								}
							}
						},
						{
							"origin": [
								-6.08,
								0,
								-2
							],
							"size": [
								0.9,
								4.18,
								5
							],
							"uv": {
								"north": {
									"uv": [
										43,
										26
									],
									"uv_size": [
										1,
										4.25
									]
								},
								"east": {
									"uv": [
										12,
										24
									],
									"uv_size": [
										5,
										4.25
									]
								},
								"south": {
									"uv": [
										17,
										44
									],
									"uv_size": [
										1,
										4.25
									]
								},
								"west": {
									"uv": [
										26,
										4
									],
									"uv_size": [
										5,
										4.25
									]
								},
								"up": {
									"uv": [
										9,
										42
									],
									"uv_size": [
										1,
										5
									]
								},
								"down": {
									"uv": [
										11,
										47
									],
									"uv_size": [
										1,
										-5
									]
								}
							}
						},
						{
							"origin": [
								5.18,
								0,
								-2
							],
							"size": [
								0.9,
								4.18,
								5
							],
							"uv": {
								"north": {
									"uv": [
										19,
										44
									],
									"uv_size": [
										1,
										4.25
									]
								},
								"east": {
									"uv": [
										18,
										26
									],
									"uv_size": [
										5,
										4.25
									]
								},
								"south": {
									"uv": [
										21,
										44
									],
									"uv_size": [
										1,
										4.25
									]
								},
								"west": {
									"uv": [
										24,
										26
									],
									"uv_size": [
										5,
										4.25
									]
								},
								"up": {
									"uv": [
										13,
										42
									],
									"uv_size": [
										1,
										5
									]
								},
								"down": {
									"uv": [
										15,
										47
									],
									"uv_size": [
										1,
										-5
									]
								}
							}
						},
						{
							"origin": [
								-4,
								0,
								3
							],
							"size": [
								8,
								3,
								1
							],
							"uv": {
								"north": {
									"uv": [
										20,
										10
									],
									"uv_size": [
										8,
										3
									]
								},
								"east": {
									"uv": [
										45,
										4
									],
									"uv_size": [
										1,
										3
									]
								},
								"south": {
									"uv": [
										20,
										14
									],
									"uv_size": [
										8,
										3
									]
								},
								"west": {
									"uv": [
										6,
										45
									],
									"uv_size": [
										1,
										3
									]
								},
								"up": {
									"uv": [
										22,
										38
									],
									"uv_size": [
										8,
										1
									]
								},
								"down": {
									"uv": [
										31,
										39
									],
									"uv_size": [
										8,
										-1
									]
								}
							}
						},
						{
							"origin": [
								4,
								0,
								3
							],
							"size": [
								2,
								3,
								1
							],
							"uv": {
								"north": {
									"uv": [
										33,
										40
									],
									"uv_size": [
										2,
										3
									]
								},
								"east": {
									"uv": [
										45,
										26
									],
									"uv_size": [
										1,
										3
									]
								},
								"south": {
									"uv": [
										36,
										40
									],
									"uv_size": [
										2,
										3
									]
								},
								"west": {
									"uv": [
										38,
										45
									],
									"uv_size": [
										1,
										3
									]
								},
								"up": {
									"uv": [
										47,
										28
									],
									"uv_size": [
										2,
										1
									]
								},
								"down": {
									"uv": [
										29,
										48
									],
									"uv_size": [
										2,
										-1
									]
								}
							}
						},
						{
							"origin": [
								4,
								0,
								-4
							],
							"size": [
								2,
								3,
								2
							],
							"uv": {
								"north": {
									"uv": [
										40,
										38
									],
									"uv_size": [
										2,
										3
									]
								},
								"east": {
									"uv": [
										0,
										41
									],
									"uv_size": [
										2,
										3
									]
								},
								"south": {
									"uv": [
										3,
										41
									],
									"uv_size": [
										2,
										3
									]
								},
								"west": {
									"uv": [
										6,
										41
									],
									"uv_size": [
										2,
										3
									]
								},
								"up": {
									"uv": [
										26,
										44
									],
									"uv_size": [
										2,
										2
									]
								},
								"down": {
									"uv": [
										29,
										46
									],
									"uv_size": [
										2,
										-2
									]
								}
							}
						},
						{
							"origin": [
								-6,
								0,
								-4
							],
							"size": [
								12,
								0.5,
								8
							],
							"uv": {
								"north": {
									"uv": [
										40,
										14
									],
									"uv_size": [
										12,
										0.5
									]
								},
								"east": {
									"uv": [
										44,
										32
									],
									"uv_size": [
										8,
										0.5
									]
								},
								"south": {
									"uv": [
										42,
										16
									],
									"uv_size": [
										12,
										0.5
									]
								},
								"west": {
									"uv": [
										44,
										34
									],
									"uv_size": [
										8,
										0.5
									]
								},
								"up": {
									"uv": [
										0,
										0
									],
									"uv_size": [
										12,
										8
									]
								},
								"down": {
									"uv": [
										0,
										17
									],
									"uv_size": [
										12,
										-8
									]
								}
							}
						},
						{
							"origin": [
								-4,
								0.65,
								-6.9
							],
							"size": [
								8,
								0.2,
								3
							],
							"pivot": [
								0,
								0,
								0
							],
							"rotation": [
								5,
								0,
								0
							],
							"uv": {
								"north": {
									"uv": [
										40,
										47
									],
									"uv_size": [
										8,
										0.25
									]
								},
								"east": {
									"uv": [
										50,
										43
									],
									"uv_size": [
										3,
										0.25
									]
								},
								"south": {
									"uv": [
										48,
										0
									],
									"uv_size": [
										8,
										0.25
									]
								},
								"west": {
									"uv": [
										50,
										45
									],
									"uv_size": [
										3,
										0.25
									]
								},
								"up": {
									"uv": [
										20,
										18
									],
									"uv_size": [
										8,
										3
									]
								},
								"down": {
									"uv": [
										20,
										25
									],
									"uv_size": [
										8,
										-3
									]
								}
							}
						},
						{
							"origin": [
								-4,
								2,
								-4
							],
							"size": [
								8,
								1,
								3
							],
							"uv": {
								"north": {
									"uv": [
										0,
										39
									],
									"uv_size": [
										8,
										1
									]
								},
								"east": {
									"uv": [
										45,
										8
									],
									"uv_size": [
										3,
										1
									]
								},
								"south": {
									"uv": [
										9,
										40
									],
									"uv_size": [
										8,
										1
									]
								},
								"west": {
									"uv": [
										45,
										30
									],
									"uv_size": [
										3,
										1
									]
								},
								"up": {
									"uv": [
										0,
										26
									],
									"uv_size": [
										8,
										3
									]
								},
								"down": {
									"uv": [
										26,
										3
									],
									"uv_size": [
										8,
										-3
									]
								}
							}
						},
						{
							"origin": [
								-6,
								-0.27,
								-4.99
							],
							"size": [
								12,
								1.5,
								1
							],
							"pivot": [
								0,
								0,
								0
							],
							"rotation": [
								-40,
								0,
								0
							],
							"uv": {
								"north": {
									"uv": [
										29,
										16
									],
									"uv_size": [
										12,
										1.5
									]
								},
								"east": {
									"uv": [
										8,
										48
									],
									"uv_size": [
										1,
										1.5
									]
								},
								"south": {
									"uv": [
										29,
										19
									],
									"uv_size": [
										12,
										1.5
									]
								},
								"west": {
									"uv": [
										10,
										48
									],
									"uv_size": [
										1,
										1.5
									]
								},
								"up": {
									"uv": [
										0,
										35
									],
									"uv_size": [
										12,
										1
									]
								},
								"down": {
									"uv": [
										35,
										1
									],
									"uv_size": [
										12,
										-1
									]
								}
							}
						},
						{
							"origin": [
								-5,
								-0.15,
								-5.1
							],
							"size": [
								2,
								1.2,
								0.2
							],
							"pivot": [
								0,
								0,
								0
							],
							"rotation": [
								-40,
								0,
								0
							],
							"uv": {
								"north": {
									"uv": [
										47,
										18
									],
									"uv_size": [
										2,
										1.25
									]
								},
								"east": {
									"uv": [
										10,
										51
									],
									"uv_size": [
										0.25,
										1.25
									]
								},
								"south": {
									"uv": [
										23,
										47
									],
									"uv_size": [
										2,
										1.25
									]
								},
								"west": {
									"uv": [
										51,
										21
									],
									"uv_size": [
										0.25,
										1.25
									]
								},
								"up": {
									"uv": [
										51,
										6
									],
									"uv_size": [
										2,
										0.25
									]
								},
								"down": {
									"uv": [
										51,
										10.25
									],
									"uv_size": [
										2,
										-0.25
									]
								}
							}
						},
						{
							"origin": [
								-6,
								2.99,
								-3.02
							],
							"size": [
								12,
								1.15,
								1
							],
							"uv": {
								"north": {
									"uv": [
										30,
										27
									],
									"uv_size": [
										12,
										1.25
									]
								},
								"east": {
									"uv": [
										49,
										21
									],
									"uv_size": [
										1,
										1.25
									]
								},
								"south": {
									"uv": [
										30,
										30
									],
									"uv_size": [
										12,
										1.25
									]
								},
								"west": {
									"uv": [
										40,
										49
									],
									"uv_size": [
										1,
										1.25
									]
								},
								"up": {
									"uv": [
										35,
										2
									],
									"uv_size": [
										12,
										1
									]
								},
								"down": {
									"uv": [
										13,
										37
									],
									"uv_size": [
										12,
										-1
									]
								}
							}
						},
						{
							"origin": [
								-5.2,
								2.99,
								-2.02
							],
							"size": [
								10.4,
								1.15,
								4
							],
							"uv": {
								"north": {
									"uv": [
										32,
										4
									],
									"uv_size": [
										12,
										1.25
									]
								},
								"east": {
									"uv": [
										42,
										18
									],
									"uv_size": [
										4,
										1.25
									]
								},
								"south": {
									"uv": [
										32,
										7
									],
									"uv_size": [
										12,
										1.25
									]
								},
								"west": {
									"uv": [
										39,
										42
									],
									"uv_size": [
										4,
										1.25
									]
								},
								"up": {
									"uv": [
										13,
										0
									],
									"uv_size": [
										12,
										4
									]
								},
								"down": {
									"uv": [
										13,
										9
									],
									"uv_size": [
										12,
										-4
									]
								}
							}
						},
						{
							"origin": [
								-6,
								2.99,
								2.98
							],
							"size": [
								12,
								1.15,
								1
							],
							"uv": {
								"north": {
									"uv": [
										18,
										33
									],
									"uv_size": [
										12,
										1.25
									]
								},
								"east": {
									"uv": [
										42,
										49
									],
									"uv_size": [
										1,
										1.25
									]
								},
								"south": {
									"uv": [
										31,
										33
									],
									"uv_size": [
										12,
										1.25
									]
								},
								"west": {
									"uv": [
										44,
										49
									],
									"uv_size": [
										1,
										1.25
									]
								},
								"up": {
									"uv": [
										36,
										22
									],
									"uv_size": [
										12,
										1
									]
								},
								"down": {
									"uv": [
										36,
										25
									],
									"uv_size": [
										12,
										-1
									]
								}
							}
						},
						{
							"origin": [
								-3,
								4.99,
								0.3
							],
							"size": [
								6,
								5.15,
								0.2
							],
							"pivot": [
								0,
								0,
								0
							],
							"rotation": [
								-32.5,
								0,
								0
							],
							"uv": {
								"north": {
									"uv": [
										13,
										10
									],
									"uv_size": [
										6,
										5.25
									]
								},
								"east": {
									"uv": [
										12,
										48
									],
									"uv_size": [
										0.25,
										5.25
									]
								},
								"south": {
									"uv": [
										13,
										17
									],
									"uv_size": [
										6,
										5.25
									]
								},
								"west": {
									"uv": [
										14,
										48
									],
									"uv_size": [
										0.25,
										5.25
									]
								},
								"up": {
									"uv": [
										48,
										2
									],
									"uv_size": [
										6,
										0.25
									]
								},
								"down": {
									"uv": [
										48,
										36.25
									],
									"uv_size": [
										6,
										-0.25
									]
								}
							}
						},
						{
							"origin": [
								-2.5,
								2.99,
								0.2
							],
							"size": [
								5,
								6.15,
								0.2
							],
							"pivot": [
								0,
								0,
								0
							],
							"rotation": [
								-32.5,
								0,
								0
							],
							"uv": {
								"north": {
									"uv": [
										0,
										18
									],
									"uv_size": [
										5,
										6.25
									]
								},
								"east": {
									"uv": [
										0,
										48
									],
									"uv_size": [
										0.25,
										6.25
									]
								},
								"south": {
									"uv": [
										6,
										18
									],
									"uv_size": [
										5,
										6.25
									]
								},
								"west": {
									"uv": [
										2,
										48
									],
									"uv_size": [
										0.25,
										6.25
									]
								},
								"up": {
									"uv": [
										49,
										8
									],
									"uv_size": [
										5,
										0.25
									]
								},
								"down": {
									"uv": [
										49,
										24.25
									],
									"uv_size": [
										5,
										-0.25
									]
								}
							}
						},
						{
							"origin": [
								-3.2,
								4.99,
								0.2
							],
							"size": [
								0.2,
								5.15,
								0.3
							],
							"pivot": [
								0,
								0,
								0
							],
							"rotation": [
								-32.5,
								0,
								0
							],
							"uv": {
								"north": {
									"uv": [
										36,
										48
									],
									"uv_size": [
										0.25,
										5.25
									]
								},
								"east": {
									"uv": [
										48,
										40
									],
									"uv_size": [
										0.25,
										5.25
									]
								},
								"south": {
									"uv": [
										4,
										49
									],
									"uv_size": [
										0.25,
										5.25
									]
								},
								"west": {
									"uv": [
										6,
										49
									],
									"uv_size": [
										0.25,
										5.25
									]
								},
								"up": {
									"uv": [
										51,
										12
									],
									"uv_size": [
										0.25,
										0.25
									]
								},
								"down": {
									"uv": [
										46,
										51.25
									],
									"uv_size": [
										0.25,
										-0.25
									]
								}
							}
						},
						{
							"origin": [
								2.8,
								4.99,
								0.2
							],
							"size": [
								0.2,
								5.15,
								0.3
							],
							"pivot": [
								0,
								0,
								0
							],
							"rotation": [
								-32.5,
								0,
								0
							],
							"uv": {
								"north": {
									"uv": [
										26,
										49
									],
									"uv_size": [
										0.25,
										5.25
									]
								},
								"east": {
									"uv": [
										28,
										49
									],
									"uv_size": [
										0.25,
										5.25
									]
								},
								"south": {
									"uv": [
										30,
										49
									],
									"uv_size": [
										0.25,
										5.25
									]
								},
								"west": {
									"uv": [
										38,
										49
									],
									"uv_size": [
										0.25,
										5.25
									]
								},
								"up": {
									"uv": [
										48,
										51
									],
									"uv_size": [
										0.25,
										0.25
									]
								},
								"down": {
									"uv": [
										50,
										51.25
									],
									"uv_size": [
										0.25,
										-0.25
									]
								}
							}
						},
						{
							"origin": [
								3,
								2.99,
								1.98
							],
							"size": [
								2.2,
								1.15,
								1
							],
							"uv": {
								"north": {
									"uv": [
										32,
										44
									],
									"uv_size": [
										3,
										1.25
									]
								},
								"east": {
									"uv": [
										50,
										18
									],
									"uv_size": [
										1,
										1.25
									]
								},
								"south": {
									"uv": [
										44,
										41
									],
									"uv_size": [
										3,
										1.25
									]
								},
								"west": {
									"uv": [
										22,
										50
									],
									"uv_size": [
										1,
										1.25
									]
								},
								"up": {
									"uv": [
										40,
										45
									],
									"uv_size": [
										3,
										1
									]
								},
								"down": {
									"uv": [
										46,
										39
									],
									"uv_size": [
										3,
										-1
									]
								}
							}
						},
						{
							"origin": [
								-5.2,
								2.99,
								1.98
							],
							"size": [
								2.2,
								1.15,
								1
							],
							"uv": {
								"north": {
									"uv": [
										44,
										44
									],
									"uv_size": [
										3,
										1.25
									]
								},
								"east": {
									"uv": [
										24,
										50
									],
									"uv_size": [
										1,
										1.25
									]
								},
								"south": {
									"uv": [
										0,
										45
									],
									"uv_size": [
										3,
										1.25
									]
								},
								"west": {
									"uv": [
										50,
										26
									],
									"uv_size": [
										1,
										1.25
									]
								},
								"up": {
									"uv": [
										47,
										4
									],
									"uv_size": [
										3,
										1
									]
								},
								"down": {
									"uv": [
										47,
										7
									],
									"uv_size": [
										3,
										-1
									]
								}
							}
						},
						{
							"origin": [
								-5,
								1,
								0
							],
							"size": [
								10,
								2,
								1
							],
							"uv": {
								"north": {
									"uv": [
										29,
										10
									],
									"uv_size": [
										10,
										2
									]
								},
								"east": {
									"uv": [
										32,
										47
									],
									"uv_size": [
										1,
										2
									]
								},
								"south": {
									"uv": [
										29,
										13
									],
									"uv_size": [
										10,
										2
									]
								},
								"west": {
									"uv": [
										34,
										47
									],
									"uv_size": [
										1,
										2
									]
								},
								"up": {
									"uv": [
										26,
										36
									],
									"uv_size": [
										10,
										1
									]
								},
								"down": {
									"uv": [
										0,
										38
									],
									"uv_size": [
										10,
										-1
									]
								}
							}
						},
						{
							"origin": [
								-5,
								0.1,
								0
							],
							"size": [
								10,
								0.8,
								1
							],
							"uv": {
								"north": {
									"uv": [
										40,
										10
									],
									"uv_size": [
										10,
										0.75
									]
								},
								"east": {
									"uv": [
										18,
										24
									],
									"uv_size": [
										1,
										0.75
									]
								},
								"south": {
									"uv": [
										40,
										12
									],
									"uv_size": [
										10,
										0.75
									]
								},
								"west": {
									"uv": [
										51,
										4
									],
									"uv_size": [
										1,
										0.75
									]
								},
								"up": {
									"uv": [
										37,
										36
									],
									"uv_size": [
										10,
										1
									]
								},
								"down": {
									"uv": [
										11,
										39
									],
									"uv_size": [
										10,
										-1
									]
								}
							}
						}
					]
				}
			]
		}
	]
}