[
    {
        "flipbook_texture": "textures/blocks/laptop/laptop_rbg_gamer",
        "atlas_tile": "gamer_laptop_rbg",
        "frames": [
            0,
            1,
            2,
            3
        ],
        "ticks_per_frame": 3,
        "blend_frames": true
    },
    {
        "flipbook_texture": "textures/blocks/lights/gamer_wall_light_rgb",
        "atlas_tile": "gamer_wall_light_rgb",
        "frames": [
            0,
            1,
            2,
            3,
            5
        ],
        "ticks_per_frame": 5,
        "blend_frames": true
    },
    {
        "flipbook_texture": "textures/printer_resource/rbg/gamer_printer_rbg",
        "atlas_tile": "gamer_printer_rbg",
        "frames": [
            0,
            1,
            2,
            3
        ],
        "ticks_per_frame": 3,
        "blend_frames": true
    },
    {
        "flipbook_texture": "textures/blocks/router/gamer_router_green",
        "atlas_tile": "gamer_router_green",
        "frames": [
            0,
            1,
            2,
            0,
            0,
            0,
            1,
            1
        ],
        "ticks_per_frame": 3,
        "blend_frames": false
    },
    {
        "flipbook_texture": "textures/blocks/router/gamer_router_red",
        "atlas_tile": "gamer_router_red",
        "frames": [
            0,
            1,
            1,
            0,
            2,
            2
        ],
        "ticks_per_frame": 3,
        "blend_frames": false
    },
    {
        "flipbook_texture": "textures/blocks/router/gamer_router_blue",
        "atlas_tile": "gamer_router_blue",
        "frames": [
            0,
            0,
            0,
            1,
            2
        ],
        "ticks_per_frame": 3,
        "blend_frames": false
    },
    {
        "flipbook_texture": "textures/blocks/router/gamer_router_yellow",
        "atlas_tile": "gamer_router_yellow",
        "frames": [
            0,
            0,
            1,
            0,
            2
        ],
        "ticks_per_frame": 3,
        "blend_frames": false
    },
    {
        "flipbook_texture": "textures/blocks/router/gamer_router_purple",
        "atlas_tile": "gamer_router_purple",
        "frames": [
            0,
            1,
            2,
            0,
            0
        ],
        "ticks_per_frame": 3,
        "blend_frames": false
    },
    {
        "flipbook_texture": "textures/blocks/router/gamer_router_rbg",
        "atlas_tile": "gamer_router_rbg",
        "frames": [
            0,
            1,
            2
        ],
        "ticks_per_frame": 3,
        "blend_frames": false
    },
    {
        "flipbook_texture": "textures/old_gamer/tech_pc_on",
        "atlas_tile": "tech_pc2",
        "frames": [
            0,
            0,
            1,
            1,
            2,
            2,
            3,
            3,
            4,
            4,
            5,
            5,
            6,
            6
        ],
        "ticks_per_frame": 4,
        "blend_frames": true
    },
    {
        "flipbook_texture": "textures/old_gamer/pc_computer2",
        "atlas_tile": "tech_pc_computer2",
        "frames": [
            0,
            0,
            1,
            1,
            2,
            2,
            3,
            3,
            4,
            4
        ],
        "ticks_per_frame": 4,
        "blend_frames": true
    },
    {
        "flipbook_texture": "textures/old_gamer/xbox-sersis_on",
        "atlas_tile": "tech_xbox_on",
        "frames": [
            1,
            2,
            3,
            4,
            5,
            6,
            7
        ],
        "ticks_per_frame": 1,
        "blend_frames": true
    },
    {
        "flipbook_texture": "textures/old_gamer/playbutton_d",
        "atlas_tile": "playbutton_d",
        "frames": [
            1,
            2,
            3,
            4,
            5,
            6,
            7,
            8,
            9,
            10,
            11,
            12
        ],
        "ticks_per_frame": 4,
        "blend_frames": true
    },
    {
        "flipbook_texture": "textures/old_gamer/playbutton_s",
        "atlas_tile": "playbutton_s",
        "frames": [
            1,
            2,
            3,
            4,
            5,
            6,
            7,
            8,
            9,
            10,
            11,
            12
        ],
        "ticks_per_frame": 2,
        "blend_frames": true
    },
    {
        "flipbook_texture": "textures/old_gamer/playbutton_g",
        "atlas_tile": "playbutton_g",
        "frames": [
            1,
            2,
            3,
            4,
            5,
            6,
            7,
            8,
            9,
            10,
            11,
            12
        ],
        "ticks_per_frame": 3,
        "blend_frames": true
    },
    {
        "flipbook_texture": "textures/old_gamer/tech_pc_back",
        "atlas_tile": "tech_pc2_black",
        "frames": [
            0,
            0,
            1,
            1,
            2,
            2,
            3,
            3,
            4,
            4,
            5,
            5,
            6,
            6
        ],
        "ticks_per_frame": 4,
        "blend_frames": true
    },
    {
        "flipbook_texture": "textures/old_gamer/tech_pc_computer_10",
        "atlas_tile": "tech_pc_computer2_black",
        "frames": [
            0,
            0,
            1,
            1,
            2,
            2,
            3,
            3,
            4,
            4
        ],
        "ticks_per_frame": 4,
        "blend_frames": true
    },
    {
        "flipbook_texture": "textures/blocks/tv/channel_1",
        "atlas_tile": "tech_gamer_tv_1",
        "frames": [
            0,
            1,
            2,
            3,
            4,
            5,
            6,
            7,
            8,
            9
        ],
        "ticks_per_frame": 2
    },
    {
        "flipbook_texture": "textures/blocks/tv/channel_2",
        "atlas_tile": "tech_gamer_tv_2",
        "frames": [
            0,
            1,
            2,
            3,
            4,
            5,
            6,
            7,
            8,
            9,
            10
        ],
        "ticks_per_frame": 2
    },
    {
        "flipbook_texture": "textures/blocks/tv/channel_3",
        "atlas_tile": "tech_gamer_tv_3",
        "frames": [
            0,
            1,
            2,
            3,
            4,
            5,
            6,
            7,
            8,
            9
        ],
        "ticks_per_frame": 2
    },
    {
        "flipbook_texture": "textures/blocks/new_pc_cpu",
        "atlas_tile": "gamer_new_pc_cpu",
        "frames": [
            0,
            1,
            2,
            3,
            4
        ],
        "ticks_per_frame": 4
    }
]