{
	"num_mip_levels": 4,
	"padding": 8,
	"resource_pack_name": "Device Addon",
	"texture_name": "atlas.terrain",
	"texture_data": {
		"gamer_laptop_green": {
			"textures": "textures/blocks/laptop/laptop_green"
		},
		"gamer_laptop_rbg": {
			"textures": "textures/blocks/laptop/laptop_rbg_gamer"
		},
		"gamer_laptop_purple": {
			"textures": "textures/blocks/laptop/laptop_purple"
		},
		"gamer_laptop_red": {
			"textures": "textures/blocks/laptop/laptop_red"
		},
		"gamer_laptop_blue": {
			"textures": "textures/blocks/laptop/laptop_blue"
		},
		"gamer_laptop_yellow": {
			"textures": "textures/blocks/laptop/laptop_yellow"
		},
		"gamer_chair_green": {
			"textures": "textures/blocks/gamer_chair/gamer_chair_green"
		},
		"gamer_chair_red": {
			"textures": "textures/blocks/gamer_chair/gamer_chair_red"
		},
		"gamer_chair_blue": {
			"textures": "textures/blocks/gamer_chair/gamer_chair_blue"
		},
		"gamer_chair_purple": {
			"textures": "textures/blocks/gamer_chair/gamer_chair_purple"
		},
		"gamer_chair_yellow": {
			"textures": "textures/blocks/gamer_chair/gamer_chair_yellow"
		},
		"gamer_wall_light_green": {
			"textures": "textures/blocks/lights/gamer_wall_light"
		},
		"gamer_wall_light_red": {
			"textures": "textures/blocks/lights/gamer_wall_light_red"
		},
		"gamer_wall_light_purple": {
			"textures": "textures/blocks/lights/gamer_wall_light_purple"
		},
		"gamer_wall_light_blue": {
			"textures": "textures/blocks/lights/gamer_wall_light_blue"
		},
		"gamer_wall_light_yellow": {
			"textures": "textures/blocks/lights/gamer_wall_light_yellow"
		},
		"gamer_wall_light_rgb": {
			"textures": "textures/blocks/lights/gamer_wall_light_rgb"
		},
		"gamer_printer_green": {
			"textures": "textures/printer_resource/green/gamer_printer_green"
		},
		"gamer_printer_red": {
			"textures": "textures/printer_resource/red/gamer_printer_red"
		},
		"gamer_printer_blue": {
			"textures": "textures/printer_resource/blue/gamer_printer_blue"
		},
		"gamer_printer_yellow": {
			"textures": "textures/printer_resource/yellow/gamer_printer_yellow"
		},
		"gamer_printer_purple": {
			"textures": "textures/printer_resource/purple/gamer_printer_purple"
		},
		"gamer_printer_rbg": {
			"textures": "textures/printer_resource/rbg/gamer_printer_rbg"
		},
		"gamer_desk_with_open": {
			"textures": "textures/blocks/gamer_desk_sliver"
		},
		"grass_poet_decoration": {
			"textures": "textures/blocks/poet_grass"
		},
		"lighting_box_off": {
			"textures": "textures/blocks/lights/lighting_box_off"
		},
		"lighting_box_green": {
			"textures": "textures/blocks/lights/lighting_box_green"
		},
		"lighting_box_red": {
			"textures": "textures/blocks/lights/lighting_box_red"
		},
		"lighting_box_yellow": {
			"textures": "textures/blocks/lights/lighting_box_yellow"
		},
		"lighting_box_blue": {
			"textures": "textures/blocks/lights/lighting_box_blue"
		},
		"lighting_box_purple": {
			"textures": "textures/blocks/lights/lighting_box_purple"
		},
		"gamer_router_green": {
			"textures": "textures/blocks/router/gamer_router_green"
		},
		"gamer_router_red": {
			"textures": "textures/blocks/router/gamer_router_red"
		},
		"gamer_router_blue": {
			"textures": "textures/blocks/router/gamer_router_blue"
		},
		"gamer_router_yellow": {
			"textures": "textures/blocks/router/gamer_router_yellow"
		},
		"gamer_router_purple": {
			"textures": "textures/blocks/router/gamer_router_purple"
		},
		"gamer_router_rbg": {
			"textures": "textures/blocks/router/gamer_router_rbg"
		},
		"paper_0_frame": {
			"textures": "textures/painting_frame/0_frame"
		},
		"paper_1_printed_frame": {
			"textures": "textures/painting_frame/1_photo_frame"
		},
		"paper_2_printed_frame": {
			"textures": "textures/painting_frame/2_photo_frame"
		},
		"paper_3_printed_frame": {
			"textures": "textures/painting_frame/3_photo_frame"
		},
		"0_gamer_cube": {
			"textures": "textures/blocks/cube/cube-0"
		},
		"1_gamer_cube": {
			"textures": "textures/blocks/cube/cube-1"
		},
		"2_gamer_cube": {
			"textures": "textures/blocks/cube/cube-2"
		},
		"3_gamer_cube": {
			"textures": "textures/blocks/cube/cube-3"
		},
		"4_gamer_cube": {
			"textures": "textures/blocks/cube/cube-4"
		},
		"playbutton_d": {
			"textures": "textures/old_gamer/playbutton_d"
		},
		"playbutton_s": {
			"textures": "textures/old_gamer/playbutton_s"
		},
		"playbutton_g": {
			"textures": "textures/old_gamer/playbutton_g"
		},
		"ps5_box_on": {
			"textures": "textures/old_gamer/ps5_box_on"
		},
		"ps5_box_off": {
			"textures": "textures/old_gamer/ps5_box"
		},
		"tech_sound_box": {
			"textures": "textures/old_gamer/tech_sound_box"
		},
		"tech_pc2_black": {
			"textures": "textures/old_gamer/tech_pc_back"
		},
		"tech_pc_black": {
			"textures": "textures/old_gamer/tech_pc_back2"
		},
		"tech_pc_computer2_black": {
			"textures": "textures/old_gamer/tech_pc_computer_10"
		},
		"tech_pc_computer_black": {
			"textures": "textures/old_gamer/tech_pc_computer_11"
		},
		"no_singal": {
			"textures": "textures/old_gamer/no_singal"
		},
		"no_singal_off": {
			"textures": "textures/old_gamer/no_singal_off"
		},
		"tech_xbox": {
			"textures": "textures/old_gamer/xbox-sersis"
		},
		"tech_xbox_on": {
			"textures": "textures/old_gamer/xbox-sersis_on"
		},
		"tech_pc": {
			"textures": "textures/old_gamer/tech_pc"
		},
		"tech_pc_computer2": {
			"textures": "textures/old_gamer/pc_computer2"
		},
		"tech_pc_computer": {
			"textures": "textures/old_gamer/pc_computer"
		},
		"tech_pc2": {
			"textures": "textures/old_gamer/tech_pc_on"
		},
		"tech_cpu_on": {
			"textures": "textures/old_gamer/tech_cpu_on"
		},
		"tech_cpu": {
			"textures": "textures/old_gamer/tech_cpu"
		},
		"tech_computer_on": {
			"textures": "textures/old_gamer/tech_computer_on"
		},
		"tech_computer": {
			"textures": "textures/old_gamer/tech_computer"
		},
		"tech_gamer_tv_off": {
			"textures": "textures/blocks/tv/off_tv_gamer"
		},
		"tech_gamer_tv_1": {
			"textures": "textures/blocks/tv/channel_1"
		},
		"tech_gamer_tv_2": {
			"textures": "textures/blocks/tv/channel_2"
		},
		"tech_gamer_tv_3": {
			"textures": "textures/blocks/tv/channel_3"
		},
		"gamer_new_pc_computer": {
			"textures": "textures/blocks/new_computer"
		},
		"gamer_new_pc_cpu": {
			"textures": "textures/blocks/new_pc_cpu"
		},
		"gamer_new_pc_computer_on": {
			"textures": "textures/blocks/new_computer_on"
		},
		"tech_chair_red": {
			"textures": "textures/old_devices/chair_red"
		},
		"tech_chair_blue": {
			"textures": "textures/old_devices/chair_blue"
		},
		"tech_chair_green": {
			"textures": "textures/old_devices/chair_green"
		},
		"tech_chair_black": {
			"textures": "textures/old_devices/chair_black"
		},
		"tech_chair_yellow": {
			"textures": "textures/old_devices/chair_yellow"
		},
		"tech_chair_pink": {
			"textures": "textures/old_devices/chair_pink"
		},
		"tech_chair_white": {
			"textures": "textures/old_devices/chair_white"
		},
		"tech_chair_organ": {
			"textures": "textures/old_devices/chair_orang"
		},
		"tech_dust235": {
			"textures": "textures/old_devices/tech_dust235"
		},
		"tech_dust235_back": {
			"textures": "textures/old_devices/tech_dust666_black"
		},
		"windos2": {
			"textures": "textures/old_devices/windo2"
		},
		"windos": {
			"textures": "textures/old_devices/windo"
		},
		"tech_headphone": {
			"textures": "textures/old_devices/headphone"
		},
		"gamer_gamer_iphone": {
			"textures": "textures/blocks/iphone_15"
		}
	}
}